# fromWord	toWord	weight
的	时候	100
的	问题	100
的	事情	95
的	情况	95
的	原因	93
的	感觉	93
自己	的	100
自己	去	78
自己	是	77
自己	喜欢	77
自己	在	77
自己	也	76
这样	的	100
这样	一个	81
这样	做	79
这样	的话	74
这样	才能	73
这样	就	73
为	什么	100
为	自己	80
为	大家	74
为	代表	74
为	我们	72
为	核心	69
为什	么	100
如果	你	100
如果	是	92
如果	有	85
如果	没有	84
如果	说	83
如果	你是	81
我	觉得	99
我	们的	95
我	认为	91
我	自己	91
我	个人	88
我	现在	85
我觉	得	99
是	一个	98
是	不是	95
是	因为	93
是	什么	91
是	一种	91
是	为了	86
是一	个	98
是一	种	91
是一	部	77
是一	件	75
是一	款	75
是一	位	72
就	可以	98
就	开始	87
就	已经	84
就	好了	84
就	行了	83
就	没有	83
就可	以	98
就可	能	67
也	可以	98
也	就是	97
也	没有	93
也	不是	91
也	不会	90
也	不能	83
也可	以	98
也可	能	79
也可	能有	50
这个	问题	97
这个	时候	88
这个	人	83
这个	世界	82
这个	是	81
这个	词	80
很	多人	97
很	容易	89
很	好的	88
很	重要	88
很	简单	87
很	明显	82
很多	人	97
很多	时候	84
很多	人都	79
很多	东西	74
很多	年	72
很多	朋友	71
也就	是	97
也就	是说	90
也就	没有	61
也就	是个	59
也就	那样	58
也就	能	56
大	部分	97
大	多数	90
大	量的	88
大	概率	83
大	学生	81
大	数据	81
大部	分	97
大部	队	56
大部	头	55
大部	份	51
情况	下	96
情况	是	64
情况	吧	51
情况	如何	49
他	们的	96
他	自己	81
他	就是	72
他	已经	72
他	认为	72
他	没有	72
他们	的	96
他们	是	78
他们	都	73
他们	家	72
他们	对	71
他们	说	70
一定	要	96
一定	是	85
一定	会	83
一定	程度	69
一定	不要	68
一定	能	67
不	知道	95
不	需要	92
不	一样	90
不	可能	89
不	喜欢	85
不	一定	84
不知	道	95
不知	不觉	67
不知	为何	58
不知	是	58
不知	名	57
不知	情	54
并	不是	95
并	没有	93
并	不能	80
并	不会	78
并	不多	71
并	不算	67
并不	是	95
并不	能	80
并不	会	78
并不	多	71
并不	需要	70
并不	知道	70
过程	中	95
过程	中的	71
过程	当中	62
过程	里	50
而	不是	95
而	对于	75
而	这些	75
而	我们	74
而	现在	73
而	是在	71
我们	的	95
我们	可以	86
我们	在	83
我们	就	81
我们	要	81
我们	会	78
是不	是	95
是不	可能	77
是不	会	75
是不	能	70
是不	错	64
是不	需要	63
应	该是	95
应	该会	73
应	用的	71
应	用于	66
应	用到	64
应	用在	62
应该	是	95
应该	会	73
应该	有	72
应该	就是	70
应该	说	70
应该	在	70
有	很多	95
有	一个	94
有	时候	91
有	没有	90
有	什么	86
有	一些	86
基本	上	94
基本	都是	82
基本	是	78
基本	都	78
基本	就是	74
基本	功	73
不同	的	94
不同	于	76
不同	意	70
不同	程度	65
不同	阶段	62
不同	人	61
有一	个	94
有一	些	86
有一	定	83
有一	定的	83
有一	种	82
有一	天	80
实际	上	94
实际	情况	75
实际	操作	65
实际	是	63
实际	应用	62
实际	使用	61
尤	其是	94
尤其	是	94
尤其	是在	72
尤其	在	67
尤其	喜欢	51
尤其	要	48
尤其	以	47
这	就是	93
这	一点	90
这	也是	90
这	时候	89
这	两个	88
这	本书	88
这就	是	93
这就	是我	67
这就	需要	65
这就	要求	59
这就	是你	58
这就	要	58
可能	是	93
可能	会	93
可能	性	85
可能	有	76
可能	就是	74
可能	就	73
主	要是	93
主	要有	72
主	要看	70
主	教练	68
主	要以	66
主	旋律	65
主要	是	93
主要	原因	76
主要	还是	75
主要	有	72
主要	就是	71
主要	看	70
并没	有	93
并没	有人	50
并没	有错	49
也没	有	93
也没	什么	72
也没	用	68
也没	啥	68
也没	关系	67
也没	必要	65
你	可以	93
你	自己	85
你	觉得	83
你	需要	83
你	可能	79
你	们的	78
你可	以	93
你可	能	79
你可	知道	48
你可	别	48
不需	要	92
不需	要你	59
不需	要用	50
第	一次	92
第	一个	90
第	二天	85
第	二个	84
第	二次	80
第	一步	80
第一	次	92
第一	个	90
第一	步	80
第一	时间	77
第一	天	75
第一	部	74
所	有的	92
所	以我	86
所	有人	79
所	产生	66
所	有权	65
所	学校	65
所有	的	92
所有	人	79
所有	人都	78
所有	人的	68
所有	权	65
所有	这些	63
一	个人	92
一	部分	92
一	开始	90
一	个月	89
一	句话	87
一	方面	85
一个	人	92
一个	月	89
一个	是	86
一个	问题	81
一个	个	80
一个	人的	76
都	可以	92
都	没有	91
都	不会	82
都	需要	82
都	不是	82
都	会有	80
都可	以	92
都可	能	68
还	可以	92
还	没有	87
还	是要	85
还	需要	84
还	不如	81
还	是有	80
还可	以	92
还可	能	66
一部	分	92
一部	电影	69
一部	作品	61
一部	手机	54
一部	剧	52
一部	小说	50
差	不多	92
差	一点	66
差	异化	66
差	一些	61
差	很多	61
差	异性	60
都没	有	91
都没	了	64
都没	有了	63
都没	用	63
都没	能	58
都没	什么	56
接	下来	91
接	受了	73
接	收到	63
接	到了	62
接	受过	61
接	电话	57
接下	来	91
接下	去	56
更	多的	91
更	好的	88
更	容易	83
更	何况	79
更	适合	77
更	喜欢	74
更多	的	91
更多	是	73
更多	人	68
更多	地	67
更多	关于	63
更多	内容	60
也不	是	91
也不	会	90
也不	能	83
也不	知道	78
也不	错	78
也不	要	77
在	这里	91
在	这个	90
在	中国	86
在	国内	85
在	一起	84
在	一个	83
在这	里	91
在这	个	90
在这	种	76
在这	些	73
在这	方面	72
在这	一	67
真的	是	91
真的	很	77
真的	有	71
真的	要	68
真的	不是	68
真的	很难	66
我认	为	91
我认	识	72
所谓	的	91
有时	候	91
有时	间	76
有时	会	67
有时	是	56
有时	在	46
互	联网	90
互联	网	90
互联	网上	65
互联	互通	49
真	正的	90
真	不是	66
真	是个	61
真	以为	58
真	面目	55
真	实地	55
真正	的	90
真正	意义	71
真正	地	61
真正	做到	60
真正	理解	58
真正	了解	56
大多	数	90
大多	是	76
大多	数的	67
大多	在	54
大多	了	54
大多	人	51
这一	点	90
这一	切	77
这一	次	77
这一	步	75
这一	块	74
这一	段	74
不一	样	90
不一	定	84
不一	致	68
不一	一	64
不一	会儿	52
不一	会	50
看	起来	90
看	到了	85
看	上去	80
看	不到	79
看	一下	78
看	不懂	76
无论	是	90
无论	你	73
无论	如何	73
无论	在	63
无论	什么	60
无论	怎么	59
简单	的	90
简单	来说	77
简单	说	73
简单	粗暴	70
简单	地	68
简单	点	65
给	大家	90
给	自己	86
给	我们	80
给	他们	77
给	出了	74
给	孩子	74
最	好的	90
最	后的	83
最	开始	80
最	基本	76
最	常见	75
最	适合	74
最好	的	90
最好	是	77
最好	不要	69
最好	还是	66
最好	能	65
最好	用	64
作为	一个	90
作为	一名	73
作为	参考	61
作为	基础	56
作为	自己	53
作为	家长	51
这也	是	90
这也	就是	69
这也	就	62
这也	不是	60
这也	算是	59
这也	许	58
一开	始	90
一开	口	56
一开	场	50
另	一个	90
另	一种	77
另	一位	68
另	一边	67
另	一半	65
另	一方	63
另一	个	90
另一	方面	85
另一	种	77
另一	位	68
另一	边	67
另一	个人	65
其实	是	90
其实	就是	83
其实	也	76
其实	我	74
其实	也是	72
其实	在	72
相关	的	90
相关	性	70
相关	专业	68
相关	知识	67
相关	信息	66
相关	内容	66
特别	是	90
特别	的	76
特别	好	74
特别	喜欢	73
特别	多	71
特别	是在	68
这时	候	89
这时	你	56
这时	间	51
这时	就	51
什么	的	89
什么	是	84
什么	时候	80
什么	叫	78
什么	东西	72
什么	都	71
每	一个	89
每	个人	86
每	个月	81
每	一次	77
每	一天	68
每	一步	67
每一	个	89
每一	次	77
每一	个人	72
每一	天	68
每一	步	67
每一	位	66
知识	点	89
知识	的	74
知识	产权	71
知识	体系	71
知识	分子	69
知识	储备	65
可以	说	89
可以	在	87
可以	说是	87
可以	看到	86
可以	通过	86
可以	用	86
大家	都	89
大家	可以	82
大家	都是	73
大家	也	71
大家	对	71
大家	一起	71
那	就是	89
那	时候	87
那	一刻	76
那	个人	75
那	我们	75
那	几个	73
那就	是	89
那就	要	63
那就	得	57
那就	需要	57
那就	去	56
那就	不是	54
消费	者	89
消费	能力	61
消费	品	61
消费	主义	59
消费	习惯	58
消费	水平	57
这么	多	89
这么	做	79
这么	多年	77
这么	说	75
这么	大	74
这么	一个	73
不可	能	89
不可	以	76
不可	避免	71
不可	否认	70
不可	思议	67
不可	取	63
很好	的	88
很好	地	71
很好	看	67
很好	用	66
很好	奇	65
很好	吃	63
其	他的	88
其	他人	85
其	实在	72
其	中有	69
其	实有	60
其	本质	59
其他	的	88
其他	人	85
其他	国家	71
其他	地方	70
其他	方面	69
其他	学校	66
出现	了	88
出现	在	83
出现	过	71
出现	问题	68
出现	时	59
出现	频率	53
公众	号	88
公众	人物	58
公众	场合	48
公众	平台	46
公众	面前	46
这两	个	88
这两	种	77
这两	年	76
这两	天	70
这两	点	68
这两	者	68
我个	人	88
大量	的	88
大量	使用	60
大量	时间	56
大量	精力	49
大量	出现	47
大量	存在	46
肯定	是	88
肯定	会	80
肯定	有	71
肯定	要	71
肯定	的	71
肯定	不是	68
很重	要	88
很重	视	59
出	来的	88
出	现在	83
出	来了	79
出	一个	70
出	问题	69
出	租车	66
出来	的	88
出来	了	79
出来	后	65
出来	之后	61
出来	一个	54
出来	时	52
年	轻人	88
年	以来	68
年	收入	67
年	之前	66
年	以前	64
年	少时	58
年轻	人	88
年轻	时	69
年轻	一代	57
年轻	化	56
年轻	球员	56
年轻	女性	51
事实	上	88
事实	证明	70
事实	是	65
事实	真相	49
这本	书	88
这本	身	58
这本	来	48
更好	的	88
更好	地	75
更好	看	61
更好	一些	61
更好	用	55
更好	了	54
比如	说	87
比如	你	75
比如	我	74
比如	像	57
比如	他	53
没有	任何	87
没有	什么	84
没有	人	80
没有	办法	76
没有	必要	75
没有	了	75
能	不能	87
能	看到	80
能	做到	79
能	找到	75
能	达到	75
能	理解	73
能不	能	87
能不	能把	55
这件	事	87
这件	事情	76
这件	事儿	55
成	为了	87
成	功率	71
成	立于	68
成	正比	67
成	一个	66
成	这样	63
成为	了	87
成为	一个	76
成为	一名	68
成为	一种	63
成为	中国	57
成为	主流	57
或者	说	87
或者	是	86
或者	其他	73
或者	将	49
还没	有	87
还没	到	63
还没	开始	59
还没	等	56
还没	完	53
还没	出	52
一句	话	87
一句	台词	55
一句	一句	54
一句	废话	47
一句	句	47
一句	诗	47
之	前的	87
之	所以	86
之	日起	61
之	所在	50
之前	的	87
之前	在	68
之前	是	64
之前	也	63
普通	人	87
普通	话	76
普通	用户	63
普通	家庭	61
普通	玩家	59
普通	民众	57
让	我们	87
让	自己	85
让	他们	83
让	大家	78
让	孩子	75
让	别人	72
让我	们	87
让我	觉得	69
让我	去	62
让我	想起	62
让我	来	58
让我	把	53
研究	生	87
研究	所	74
研究	方向	70
研究	者	70
研究	员	69
研究	人员	69
相当	于	87
相当	不错	65
相当	多	64
相当	高	64
相当	大的	61
相当	大	56
设计	师	87
设计	的	83
设计	院	69
设计	出	64
设计	模式	64
设计	者	64
产品	经理	87
产品	设计	70
产品	线	69
产品	质量	61
产品	运营	60
产品	定位	58
变	成了	87
变	多了	56
变	大了	55
变	好了	54
变	少了	54
变	小了	54
变成	了	87
变成	一个	67
变成	这样	55
那时	候	87
那时	的	68
小	伙伴	86
小	时候	81
小	朋友	78
小	小的	76
小	孩子	76
小	姐姐	75
小伙	伴	86
小伙	子	71
小伙	儿	47
只	需要	86
只	不过	85
只	能说	85
只	要你	82
只	要是	76
只	剩下	75
只需	要	86
一直	在	86
一直	是	79
一直	到	75
一直	以来	74
一直	都是	71
一直	没有	70
中	国人	86
中	世纪	69
中	使用	66
中	后期	66
中	科大	65
中	没有	64
中国	人	86
中国	队	71
中国	市场	70
中国	人的	69
中国	大陆	68
中国	古代	68
这句	话	86
之所	以	86
之所	在	50
再	加上	86
再	比如	74
再	看看	73
再	一次	73
再	后来	72
再	怎么	70
再加	上	86
再加	入	55
再加	一个	55
再加	个	53
再加	之	47
是为	了	86
比	较好	86
比	较多	84
比	较大	82
比	较高	78
比	较少	76
比	不上	75
比较	好	86
比较	多	84
比较	大	82
比较	高	78
比较	少	76
比较	容易	74
那么	多	86
那么	大	73
那么	就	73
那么	我们	71
那么	多人	71
那么	好	69
所以	我	86
所以	说	83
所以	在	81
所以	我们	80
所以	你	73
所以	就	73
评论	区	86
评论	家	55
评论	者	48
评论	数	47
评论	界	46
评论	留言	46
投资	者	86
投资	人	81
投资	组合	63
投资	机构	63
投资	方	62
投资	策略	61
不管	是	86
不管	你	76
不管	怎样	62
不管	什么	62
不管	用	59
不管	他	59
越来	越	86
越来	越多	84
越来	越少	72
越来	越大	71
越来	越高	70
越来	越好	70
这是	一个	86
这是	我	80
这是	个	77
这是	因为	75
这是	一种	75
这是	他	69
每个	人	86
每个	月	81
每个	人都	80
每个	学校	61
每个	角色	57
每个	字	57
还是	要	85
还是	有	80
还是	会	79
还是	比较	78
还是	很	76
还是	在	75
有人	说	85
有人	会	71
有人	问	71
有人	在	70
有人	认为	66
有人	看	63
到	现在	85
到	时候	78
到	最后	77
到	这里	76
到	一个	67
到	头来	64
到现	在	85
有些	人	85
有些	地方	67
有些	时候	66
有些	是	65
有些	东西	65
有些	事情	60
看到	了	85
看到	这里	74
看到	一个	71
看到	这个	70
看到	他	69
看到	我	68
一方	面	85
一方	通行	55
进	行了	85
进	一步	84
进	入了	77
进	去了	67
进	来的	66
进	不了	61
进行	了	85
进行	分析	70
进行	调整	64
进行	过	62
进行	学习	62
进行	分类	61
还有	一个	85
还有	很多	83
还有	一些	80
还有	个	76
还有	人	74
还有	什么	73
提供	了	85
提供	一个	69
提供	一些	65
提供	给	64
提供	服务	62
提供	帮助	57
意味	着	85
意味	深长	57
老师	的	85
老师	们	71
老师	说	70
老师	上课	61
老师	讲课	58
老师	傅	57
没	想到	85
没	办法	83
没	什么	82
没	必要	81
没	问题	80
没	有人	80
选择	了	85
选择	题	79
选择	性	67
选择	上	64
选择	权	60
选择	去	59
说	实话	85
说	一下	83
说	不定	77
说	一句	77
说	什么	76
说	到底	75
把	自己	85
把	所有	76
把	这个	76
把	这些	76
把	他们	72
把	它们	69
计算	机	85
计算	出	66
计算	题	63
计算	器	63
计算	方法	62
计算	公式	62
告诉	你	85
告诉	我	82
告诉	我们	76
告诉	他	74
告诉	大家	72
告诉	自己	67
第二	天	85
第二	个	84
第二	次	80
第二	年	74
第二	种	73
第二	步	73
不喜	欢	85
我现	在	85
只能	说	85
只能	是	74
只能	在	72
只能	用	72
只能	靠	70
只能	通过	69
使	用的	85
使	用了	78
使	用过	65
使	用时	63
使	自己	62
使	我们	61
使用	的	85
使用	了	78
使用	者	72
使用	体验	67
使用	场景	66
使用	方法	65
觉得	自己	85
觉得	我	70
觉得	他	69
觉得	你	68
觉得	是	62
觉得	不错	59
是真	的	85
是真	正	60
是真	心	56
确实	是	84
确实	有	73
确实	没有	63
确实	可以	62
确实	会	62
确实	在	61
基础	上	84
基础	知识	75
基础	设施	67
基础	课	62
基础	之上	61
基础	课程	58
了	一个	84
了	什么	60
了	不起	56
了	不得	50
了	一阵	49
就已	经	84
因	为他	84
因	为我	84
因	为你	81
因	为它	81
因	为她	72
因	变量	49
因为	他	84
因为	我	84
因为	你	81
因为	它	81
因为	是	76
因为	没有	74
刚	开始	84
刚	毕业	71
刚	刚好	65
刚	出来	59
刚	入行	58
刚	入职	57
怎么	办	84
怎么	样	83
怎么	可能	75
怎么	做	74
怎么	能	74
怎么	说	72
还需	要	84
还需	要在	48
关键	词	84
关键	是	78
关键	时刻	69
关键	点	69
关键	字	68
关键	在于	68
实在	是	84
实在	太	68
实在	不行	66
实在	没有	56
实在	太少	51
实在	太难	49
大概	是	84
大概	率	83
大概	在	71
大概	有	70
大概	会	60
大概	意思	60
会	不会	84
会	出现	82
会	导致	79
会	觉得	79
会	影响	76
会	产生	76
分割	线	84
分割	成	52
正确	的	84
正确	率	67
正确	答案	66
正确	性	60
正确	地	57
正确	选项	53
剩	下的	84
剩	下来	52
剩	下了	46
剩下	的	84
剩下	来	52
剩下	了	46
这篇	文章	84
这篇	文	49
这篇	帖子	49
重要	的	84
重要	性	80
重要	原因	68
重要	因素	64
重要	作用	61
重要	程度	59
常见	的	84
常见	问题	59
常见	于	58
常见	病	49
常见	错误	47
两	个人	84
两	个月	75
两	年前	68
两	本书	67
两	方面	67
两	三年	67
两个	人	84
两个	月	75
两个	字	72
两个	小时	71
两个	方面	68
两个	孩子	60
巨	大的	84
巨	量的	53
巨	大化	46
巨大	的	84
巨大	影响	52
巨大	压力	51
巨大	差异	51
巨大	变化	50
巨大	差距	48
得	到了	84
得	不到	72
得	很好	60
得	不行	59
得	非常	59
得	出来	58
得到	了	84
得到	解决	54
得到	满足	54
得到	更多	53
得到	过	52
得到	一些	52
一般	是	84
一般	的	84
一般	来说	83
一般	都是	79
一般	人	77
一般	都	75
一点	点	84
一点	都不	70
一点	也不	67
一点	儿	67
一点	一点	66
一点	是	58
就好	了	84
就好	像	77
就好	比	75
就好	啦	62
就好	像是	55
就好	多了	47
考虑	到	84
考虑	的	74
考虑	一下	66
考虑	过	62
考虑	清楚	57
考虑	下	57
必	须要	84
必	看的	49
必须	要	84
必须	是	73
必须	的	71
必须	得	68
必须	有	68
必须	在	67
这种	情况	84
这种	人	76
这种	方式	75
这种	东西	74
这种	事	73
这种	问题	73
别	人的	84
别	忘了	72
别	人说	65
别	人家	62
别	人都	61
别	以为	60
别人	的	84
别人	说	65
别人	家	62
别人	都	61
别人	是	57
别人	做	50
这些	人	83
这些	都是	81
这些	东西	79
这些	问题	78
这些	年	75
这些	都	72
数据	库	83
数据	分析	83
数据	结构	73
数据	集	70
数据	显示	68
数据	量	65
太	多了	83
太	大了	72
太	难了	69
太	少了	68
太	过于	66
太	好了	66
太多	了	83
太多	人	64
太多	啦	47
这不	是	83
这不	仅	60
这不	就	57
这不	是我	53
这不	叫	52
这不	能	51
发现	了	83
发现	自己	78
发现	问题	64
发现	是	59
发现	我	58
发现	没有	56
让他	们	83
让他	觉得	50
要	知道	83
要	注意	80
要	不要	78
要	不然	73
要	学会	72
要	不是	71
就行	了	83
有的	人	83
有的	时候	74
有的	是	73
有的	话	56
有的	说	55
有的	还	52
就没	有	83
就没	了	69
就没	法	64
就没	必要	58
就没	办法	58
就没	人	57
就是	一个	83
就是	在	82
就是	因为	79
就是	你	79
就是	这样	79
就是	个	79
个人	认为	83
个人	觉得	83
个人	感觉	77
个人	能力	70
个人	观点	69
个人	信息	65
已经	是	83
已经	被	79
已经	有	78
已经	在	76
已经	开始	76
已经	成为	74
最后	的	83
最后	一个	76
最后	还是	72
最后	一次	72
最后	是	71
最后	再	69
不得	不	83
不得	不说	79
不得	不提	64
不得	了	64
不得	已	63
不得	超过	58
我知	道	83
意识	到	83
意识	形态	69
意识	到了	65
意识	的	63
意识	不到	57
意识	流	55
这首	歌	83
这首	诗	64
这首	词	53
这首	歌曲	52
类	似的	83
类	产品	61
类	药物	53
类	风湿	49
类	固醇	48
类	星体	47
类似	的	83
类似	于	82
类似	问题	57
类似	情况	52
类似	的话	48
类似	这样	47
就这	样	83
就这	么	78
就这	个	60
就这	些	60
就这	一点	50
做	一个	83
做	到了	77
做	一些	77
做	不到	75
做	出了	75
做	什么	74
我还	是	83
我还	在	67
我还	没	65
我还	记得	63
我还	会	63
我还	要	63
绝大	多数	83
绝大	部分	80
合适	的	83
合适	吗	50
同学	们	83
同学	说	64
同学	会	59
同学	之间	51
同学	聚会	50
感	受到	83
感	兴趣	81
感	动了	57
感	到了	57
感	光度	55
感受	到	83
感受	一下	72
感受	到了	69
感受	着	50
感受	器	48
感受	得到	47
工程	师	83
工程	造价	57
工程	学	57
工程	学院	56
工程	量	55
工程	技术	52
非常	重要	83
非常	的	80
非常	好	78
非常	高	78
非常	多	76
非常	好的	74
程序	员	83
程序	猿	59
程序	设计	58
程序	化	55
程序	正义	54
程序	上	48
甚至	是	83
甚至	还	74
甚至	连	74
甚至	可以	74
甚至	在	72
甚至	有	71
专业	课	83
专业	知识	74
专业	人士	73
专业	性	71
专业	领域	64
专业	技能	63
保险	公司	83
保险	产品	62
保险	行业	60
保险	业	56
保险	金	55
保险	法	54
经济	学	83
经济	学家	68
经济	法	68
经济	发展	68
经济	危机	67
经济	增长	63
有机	会	83
有机	物	62
有机	化学	58
有机	结合	49
有机	体	48
有机	质	47
哈	哈哈	82
哈	工大	64
哈	工程	63
哈	兰德	60
哈	里斯	56
哈	罗德	49
哈哈	哈	82
哈哈	哈哈	76
哈哈	大笑	58
哈哈	一笑	46
真实	的	82
真实	性	70
真实	情况	64
真实	世界	62
真实	感	59
真实	身份	57
只要	你	82
只要	是	76
只要	有	73
只要	能	69
只要	不	68
只要	在	65
然后	再	82
然后	就	78
然后	在	77
然后	就是	75
然后	把	73
然后	我	73
举个	例子	82
举个	栗子	66
发	动机	82
发	生了	81
发	生在	78
发	生的	78
发	出来	66
发	邮件	65
发动	机	82
发动	了	58
发动	战争	53
发动	进攻	47
发动	攻击	46
当然	是	82
当然	了	78
当然	也	73
当然	也有	71
当然	不是	69
当然	可以	67
市	面上	82
市	场上	82
市	中心	62
市	政府	54
市	里的	48
市	重点	46
市面	上	82
都不	会	82
都不	是	82
都不	能	75
都不	知道	74
都不	一样	73
都不	错	72
本质	上	82
本质	是	71
本质	区别	60
本质	都是	51
本质	性	47
会出	现	82
会出	问题	47
会出	来	46
仅	仅是	82
仅	次于	70
仅	限于	70
仅	有的	65
仅	仅在	55
仅	代表	54
仅仅	是	82
仅仅	只是	66
仅仅	因为	58
仅仅	在	55
仅仅	靠	52
市场	上	82
市场	份额	71
市场	营销	69
市场	经济	65
市场	需求	64
市场	化	64
获	得了	82
获	得过	59
获得	了	82
获得	更多	64
获得	者	59
获得	过	59
获得	授权	59
获得	成功	56
但	是我	82
但	是在	82
但	如果	81
但	其实	80
但	是他	78
但	是你	78
但是	我	82
但是	在	82
但是	他	78
但是	你	78
但是	这个	73
但是	现在	73
同时	也	82
同时	又	69
同时	在	67
同时	代	64
同时	进行	61
同时	期	60
即使	是	82
即使	你	72
即使	有	65
即使	没有	62
即使	这样	58
即使	如此	58
这部	分	82
这部	电影	80
这部	剧	70
这部	影片	63
这部	片子	63
这部	小说	57
不仅	仅是	82
不仅	是	78
不仅	仅	74
不仅	要	69
不仅	如此	68
不仅	有	68
俄	罗斯	82
俄	国人	56
俄罗	斯	82
俄罗	斯人	60
你会	发现	82
你会	觉得	66
你会	不会	60
你会	说	57
我不	知道	82
我不	是	79
我不	会	72
我不	想	72
我不	喜欢	68
我不	能	67
人民	币	82
人民	法院	64
人民	群众	63
人民	日报	62
人民	银行	58
人民	网	50
我已	经	82
成功	的	82
成功	了	72
成功	率	71
成功	地	65
成功	上岸	59
成功	案例	58
被	称为	82
被	淘汰	69
被	发现	69
被	别人	68
被	誉为	68
被	视为	67
完	成了	82
完	全是	79
完	美的	78
完	之后	67
完	不成	56
完	全体	54
完成	了	82
完成	后	69
完成	任务	66
完成	度	64
完成	之后	59
完成	工作	52
找	工作	82
找	到了	82
找	不到	81
找	一个	74
找	一些	66
找	了个	65
亿	美元	82
亿	美金	64
亿	欧元	58
亿	日元	55
亿	左右	54
亿	光年	52
决	定了	82
决	定性	58
决	不能	54
决	定论	52
决	定于	49
决定	了	82
决定	是否	61
决定	性	58
决定	着	58
决定	要	58
决定	权	56
来自	于	82
来自	中国	56
来自	美国	54
来自	哪里	50
来自	日本	50
完全	可以	82
完全	是	79
完全	没有	78
完全	不同	71
完全	不	71
完全	就是	67
历	史上	82
历	史学	64
历	史书	57
历	史观	52
历	年来	49
历史	上	82
历史	的	75
历史	学	64
历史	学家	62
历史	事件	60
历史	人物	60
自身	的	82
自身	能力	56
自身	利益	53
服务	器	82
服务	员	70
服务	于	67
服务	商	65
服务	费	64
服务	业	63
找到	了	82
找到	你	61
找到	我	60
找到	他	52
找到	我们	50
找到	他们	47
知乎	上	82
知乎	专栏	69
知乎	日报	52
典型	的	82
典型	代表	57
典型	案例	54
典型	例子	53
典型	特征	48
典型	症状	47
影响	力	82
影响	到	75
影响	了	74
影响	着	64
影响	因素	63
影响	很大	62
达	到了	81
达	不到	72
达	成了	63
达	芬奇	62
达	拉斯	51
达	里奥	46
达到	了	81
达到	目的	55
达到	目标	51
达到	顶峰	50
达到	要求	48
达到	最佳	47
原因	是	81
原因	之一	70
原因	吧	63
原因	无他	48
原因	不明	46
一段	时间	81
一段	话	69
一段	距离	55
一段	时期	49
一段	路	48
一段	段	47
诸葛	亮	81
诸葛	瞻	48
诸葛	丞相	46
有多	少	81
有多	大	75
有多	么	70
有多	好	64
有多	高	63
有多	个	63
以	至于	81
以	前的	80
以	下的	74
以	一个	67
以	一种	66
以	后会	65
以至	于	81
范围	内	81
范围	之内	61
范围	是	53
范围	广	52
范围	很广	51
范围	里	49
浏览	器	81
浏览	量	55
浏览	网页	50
产	生了	81
产	生于	53
产	生出	51
产生	了	81
产生	影响	62
产生	共鸣	56
产生	兴趣	54
产生	于	53
产生	出	51
涉及	到	81
涉及	的	70
涉及	到了	57
唯一	的	81
唯一	能	66
唯一	一次	60
唯一	标准	58
唯一	性	53
唯一	一家	52
不容	易	81
不容	忽视	56
不容	小觑	55
不容	错过	51
不容	乐观	50
不容	置疑	50
世界	上	81
世界	观	77
世界	杯	77
世界	里	73
世界	各地	69
世界	第一	67
增	加了	81
增	加到	60
增	长了	59
增	大了	51
增	长到	51
增	程式	48
增加	了	81
增加	到	60
增加	一些	56
增加	一个	55
增加	收入	51
增加	难度	48
我没	有	81
我没	办法	55
我没	法	54
我没	见过	54
我没	说	52
我没	事	48
实验	室	81
实验	的	64
实验	结果	62
实验	中	61
实验	班	58
实验	性	56
在我	看来	81
在我	国	69
在我	们的	66
在我	眼里	62
在我	心里	62
在我	心中	60
大学	生	81
大学	里	69
大学	毕业	69
大学	四年	66
大学	生活	63
大学	老师	60
支付	宝	81
支付	方式	56
支付	给	54
支付	了	54
支付	系统	50
支付	利息	49
小时	候	81
小时	内	65
小时	代	58
小时	了	48
全	世界	81
全	都是	71
全	方位	70
全	画幅	64
全	人类	64
全	过程	63
就不	会	81
就不	能	77
就不	要	77
就不	是	76
就不	用	73
就不	多	70
相	对于	81
相	似的	74
相	结合	68
相	比较	66
相	匹配	62
相	比起	59
相对	于	81
相对	来说	77
相对	而言	67
相对	论	66
相对	稳定	61
相对	较低	58
取决	于	81
绝对	是	81
绝对	不是	72
绝对	不会	71
绝对	不能	64
绝对	不	64
绝对	没有	59
我发	现	81
我发	誓	52
是非	常	81
不愿	意	81
有效	的	81
有效	地	69
有效	性	65
有效	果	62
有效	率	60
有效	期	58
尽	可能	81
尽	全力	56
尽	人事	46
经历	了	81
经历	过	78
经历	着	52
一辈	子	81
发生	了	81
发生	在	78
发生	的	78
发生	变化	69
发生	过	67
发生	率	58
就算	是	81
就算	了	74
就算	你	73
就算	有	63
就算	没有	59
就算	我	55
未	来的	81
未	成年	59
未	完成	59
未	必会	55
未	必有	53
未	发现	50
未来	的	81
未来	发展	62
未来	十年	53
未来	世界	51
未来	趋势	49
未来	五年	47
目	前的	81
目	前有	60
目前	的	81
目前	在	69
目前	国内	68
目前	已经	68
目前	为止	67
目前	有	60
推荐	的	81
推荐	一个	67
推荐	信	67
推荐	一下	64
推荐	系统	63
推荐	给	63
还不	如	81
还不	错	79
还不	是	76
还不	够	74
还不	能	70
还不	知道	67
同	一个	81
同	时代	64
同	价位	64
同	类型	64
同	学说	64
同	级别	63
同一	个	81
同一	种	62
同一	个人	62
同一	时间	59
同一	天	55
同一	时期	54
同样	是	81
同样	也是	65
同样	在	58
同样	重要	57
同样	会	56
同样	适用	53
以下	是	81
以下	的	74
以下	几个	69
以下	几点	67
以下	内容	67
以下	简称	64
在哪	里	81
在哪	儿	66
在哪	个	62
在哪	些	48
在哪	了	46
大数	据	81
喜欢	的	81
喜欢	看	67
喜欢	上	66
喜欢	吃	63
喜欢	你	62
喜欢	我	62
那个	时候	80
那个	人	75
那个	年代	72
那个	时代	72
那个	地方	60
那个	是	58
不适	合	80
不适	应	67
不适	用	62
不适	感	58
不适	用于	57
不适	宜	54
都会	有	80
都会	被	69
都会	觉得	61
都会	选择	61
都会	出现	60
都会	遇到	57
在网	上	80
在网	络	57
在网	吧	51
在网	站	49
毕业	生	80
毕业	后	78
毕业	了	69
毕业	于	65
毕业	论文	65
毕业	证	64
分别	是	80
分别	为	72
分别	在	61
分别	有	54
分别	由	47
图	书馆	80
图	赫尔	49
图	什么	48
图	便宜	47
图	省事	47
图书	馆	80
形	成了	80
形成	了	80
形成	一个	70
形成	对比	49
形成	过程	48
形成	习惯	48
形成	于	47
千万	不要	80
千万	别	75
千万	不能	63
千万	级	52
千万	千万	49
千万	级别	48
以前	的	80
以前	是	67
以前	在	60
以前	没有	53
以前	都是	53
以前	有	53
公务	员	80
公务	机	46
左右	的	80
左右	手	57
左右	了	55
左右	两侧	49
左右	为难	46
看上	去	80
看上	了	56
看上	面	50
面试	官	80
面试	时	64
面试	题	63
面试	者	62
面试	了	60
面试	通知	49
只有	一个	80
只有	在	73
只有	这样	64
只有	自己	62
只有	你	62
只有	一种	61
著名	的	80
著名	作家	48
解决	问题	80
解决	方案	80
解决	了	79
解决	的	72
解决	方法	67
解决	不了	66
是否	有	80
是否	能	71
是否	是	69
是否	会	69
是否	存在	66
是否	能够	65
本身	就是	80
本身	就	79
本身	而言	49
失	去了	80
失去	了	80
失去	的	61
失去	信心	52
失去	理智	51
失去	意识	49
失去	兴趣	48
我一	直	80
我一	个	74
我一	开始	67
我一	个人	67
我一	定	62
我一	看	58
明显	的	80
明显	是	67
明显	感觉	56
明显	地	54
明显	下降	52
明显	增加	51
有趣	的	80
意	大利	80
意	外地	54
指的	是	80
也只	是	80
也只	能	77
也只	有	76
也只	会	58
也只	好	48
美	国人	80
美	联储	76
美	少女	58
美	美的	56
美	男子	50
美	少年	48
美国	人	80
美国	政府	67
美国	队长	64
美国	队	62
美国	经济	60
美国	大学	59
蝙蝠	侠	80
理论	上	80
理论	知识	66
理论	基础	63
理论	体系	59
理论	物理	58
理论	研究	56
下	一个	80
下	一步	73
下	一次	70
下	半年	69
下	一代	69
下	来了	68
我可	以	80
我可	能	68
我可	是	60
我可	不想	47
也算	是	80
到底	是	80
到底	要	59
到底	什么	57
到底	如何	56
到底	应该	56
到底	在	55
今天	的	80
今天	我们	66
今天	是	66
今天	早上	57
今天	又	56
今天	晚上	56
心	理学	80
心	里的	62
心	爱的	57
心	血管	54
心	里面	53
心	动了	51
心理	学	80
心理	上	67
心理	咨询	66
心理	准备	64
心理	问题	62
心理	的	61
我也	是	80
我也	会	72
我也	没	66
我也	想	66
我也	不	66
我也	不会	65
但其	实	80
朋友	圈	80
朋友	们	80
朋友	说	69
朋友	一起	60
朋友	问	53
朋友	聊天	53
才	知道	80
才	发现	78
才	开始	76
才	可以	76
才	会有	70
才	能够	70
给我	们	80
给我	看	59
给我	一个	58
给我	说	58
给我	发	57
给我	留下	55
另外	一个	80
另外	就是	66
周	杰伦	80
周	天子	56
周	总理	52
周	六日	50
周	王室	49
周	老师	48
首	先是	80
首	先要	78
首	先在	58
首	先看	56
首	字母	52
首	先把	50
首先	是	80
首先	要	78
首先	在	58
首先	看	56
首先	应该	53
首先	就	52
问题	是	80
问题	在于	70
问题	不大	68
问题	上	65
问题	来了	65
问题	描述	61
第三	方	80
第三	个	76
第三	次	72
第三	步	70
第三	天	67
第三	种	65
能看	到	80
能看	懂	66
能看	见	62
能看	的	53
希望	能	80
希望	大家	79
希望	能够	70
希望	你	70
希望	可以	68
希望	自己	67
这才	是	80
这才	有了	52
这才	是最	47
不过	是	80
不过	我	72
不过	现在	67
不过	这个	66
不过	分	64
不过	来	60
带	来了	80
带	孩子	64
带	给我	64
带	给你	64
带	节奏	62
带	走了	62
带来	了	80
带来	什么	58
带来	一些	57
带来	巨大	53
带来	麻烦	46
带来	快乐	46
科	学家	80
科	学界	58
科	学院	54
科	波拉	51
科	斯塔	51
科	主任	48
科学	家	80
科学	研究	63
科学	技术	59
科学	界	58
科学	性	57
科学	依据	54
不应	该	80
不应	该是	63
不应	当	54
人工	智能	80
人工	成本	55
人工	客服	52
人工	合成	52
人工	费	51
人工	干预	46
运	动员	80
运	营商	70
运	用了	61
运	动量	60
运	用于	53
运	行了	47
运动	员	80
运动	量	60
运动	鞋	59
运动	时	59
运动	会	59
运动	能力	59
任何	一个	80
任何	人	77
任何	事情	65
任何	东西	65
任何	时候	63
任何	一种	63
前提	下	79
前提	是	78
前提	条件	61
总的	来说	79
总的	来看	49
总的	来讲	48
哪	怕是	79
哪	一个	72
哪	来的	65
哪	一种	64
哪	一天	58
哪	里的	58
哪怕	是	79
哪怕	你是	51
来	源于	79
来	进行	77
来	看看	76
来	到了	75
来	说说	74
来	实现	73
来源	于	79
来源	是	57
实现	了	79
实现	方式	55
实现	不了	54
实现	梦想	53
实现	目标	52
实现	原理	48
创始	人	79
创始	团队	52
免费	的	79
免费	下载	64
免费	领取	61
免费	送	59
免费	使用	59
免费	提供	58
用的	是	79
用的	人	51
价值	观	79
价值	投资	65
价值	判断	55
价值	取向	52
价值	感	51
价值	链	51
放弃	了	79
放弃	治疗	52
放弃	吧	51
放弃	掉	46
合理	的	79
合理	性	67
合理	化	56
合理	地	55
合理	安排	55
合理	使用	53
即	便是	79
即	使你	72
即	所谓	56
即	使我	54
即	通过	52
即	可以	50
即便	是	79
即便	如此	66
即便	有	56
电视	剧	79
电视	台	69
电视	机	66
电视	上	65
电视	节目	61
电视	里	57
不是	说	79
不是	一个	75
不是	很	74
不是	什么	73
不是	为了	73
不是	因为	73
基金	经理	79
基金	公司	69
基金	会	64
基金	投资	61
基金	定投	60
基金	规模	54
它	们的	79
它	可以	72
它	就是	67
它	不是	64
它	不仅	62
它	本身	60
它们	的	79
倾向	于	79
倾向	的	55
倾向	性	54
当	我们	79
当	一个	69
当	他们	66
当	成了	62
当	你在	61
当	回事	59
当我	们	79
当我	没说	61
几乎	是	79
几乎	没有	78
几乎	所有	77
几乎	都是	71
几乎	可以	61
几乎	全部	61
行业	的	79
行业	内	71
行业	里	66
行业	中	64
行业	发展	62
行业	标准	55
办	公室	79
办	法是	58
办	不到	50
办	业务	48
办公	室	79
办公	软件	56
办公	楼	56
办公	桌	54
办公	环境	50
办公	椅	49
说的	是	79
说的	话	71
说的	那个	53
说的	不是	49
拿	出来	79
拿	到了	77
拿	不到	69
拿	下了	65
拿	出了	64
拿	到手	63
拿出	来	79
拿出	了	64
拿出	去	52
拿出	来了	47
有利	于	79
有利	的	64
有利	网	54
这里	面	79
这里	是	73
这里	就	73
这里	有	69
这里	没有	58
这里	还有	54
只是	一个	79
只是	在	74
只是	为了	74
只是	个	73
只是	因为	72
只是	想	72
依然	是	79
依然	在	64
依然	觉得	52
依然	是个	47
需要	注意	79
需要	在	73
需要	一个	72
需要	你	71
需要	有	69
需要	用	68
下面	是	79
下面	这个	72
遇	到了	79
遇	见了	62
遇	上了	59
遇	不到	51
遇到	了	79
遇到	过	71
遇到	一个	66
遇到	问题	65
遇到	困难	58
遇到	瓶颈	52
理解	为	79
理解	了	73
理解	成	66
理解	不了	63
理解	能力	62
理解	是	60
本科	生	79
本科	毕业	70
本科	学历	63
本科	专业	62
本科	学校	60
本科	期间	59
往往	是	79
往往	会	75
往往	都是	63
往往	就是	57
过	去了	79
过	多的	71
过	不去	65
过	几次	65
过	不了	64
过	几天	63
过去	了	79
过去	的	78
过去	时	51
过去	式	50
机器	人	79
机器	学习	78
机器	上	57
机器	翻译	49
机器	设备	47
机器	码	47
蛋白	质	79
蛋白	粉	61
蛋白	尿	48
蛋白	酶	46
环境	下	79
环境	和	62
环境	里	57
环境	因素	56
环境	保护	56
环境	工程	55
能做	到	79
能做	什么	56
打	电话	79
打	游戏	74
打	开了	72
打	不过	71
打	破了	69
打	工人	68
爱好	者	79
一大	堆	79
一大	批	70
一大	半	65
一大	片	62
一大	把	61
一大	截	60
生	活的	79
生	活在	75
生	孩子	67
生	病了	61
生	下来	60
生	产出	56
生活	的	79
生活	中	78
生活	在	75
生活	方式	72
生活	费	71
生活	中的	67
各种	各样	79
各种	问题	64
各种	原因	63
各种	类型	60
各种	方法	57
各种	方式	57
错误	的	79
错误	率	54
错误	选项	49
错误	信息	47
错误	答案	47
适合	自己	79
适合	的	69
适合	你	68
适合	做	63
适合	于	57
适合	我	56
目的	是	79
目的	就是	70
目的	地	68
目的	性	61
目的	在于	59
目的	不同	48
导致	了	79
导致	我	60
导致	死亡	47
女	朋友	79
女	孩子	78
女	主角	70
女	人的	63
女	歌手	63
女	演员	61
日	本人	79
日	均线	59
日	开始	58
日	用品	56
日	之前	51
日本	人	79
日本	人的	60
日本	政府	58
日本	文化	58
日本	留学	54
日本	漫画	54
背	单词	79
背	下来	67
背	地里	56
背	肖四	54
背	起来	53
背	景色	52
要不	要	78
要不	然	73
要不	是	71
要不	就	60
要不	得	51
要不	是我	49
都已	经	78
是我	们	78
是我	国	64
是我	自己	63
我看	到	78
我看	了	70
我看	过	68
我看	着	67
我看	到了	65
我看	见	63
你们	的	78
你们	说	65
你们	这些	65
你们	是	64
你们	可以	63
你们	自己	63
我就	是	78
我就	不	76
我就	会	67
我就	说	65
我就	想	65
我就	知道	65
到时	候	78
提	出了	78
提	到了	77
提	高了	74
提	一下	68
提	出来	68
提	供给	64
提出	了	78
提出	来	68
提出	问题	58
提出	一个	56
提出	建议	52
提出	异议	50
女孩	子	78
女孩	儿	58
女孩	们	51
玩	游戏	78
玩	手机	69
玩	起来	62
玩	下去	58
玩	什么	55
玩	一下	53
你要	是	78
你要	知道	68
你要	不要	55
你要	相信	53
你要	在	51
你要	看	49
适	用于	78
适	用的	61
适	当地	55
适	中的	48
适	配器	46
适用	于	78
适用	的	61
适用	范围	57
适用	人群	56
适用	性	53
适用	场景	52
大公	司	78
开发	者	78
开发	商	72
开发	人员	68
开发	了	66
开发	出	64
开发	团队	60
基	本是	78
基	于此	59
基	本法	52
本来	就	78
本来	就是	77
本来	是	72
本来	想	66
本来	以为	58
本来	就有	56
稳	定的	78
稳	定性	78
稳	定了	58
稳	住了	49
稳定	的	78
稳定	性	78
稳定	了	58
稳定	下来	56
稳定	地	52
稳定	器	49
简直	是	78
简直	就是	75
简直	了	56
简直	太	55
简直	就像	49
简直	完美	48
很有	可能	78
很有	意思	75
很有	趣	71
很有	帮助	67
很有	必要	67
很有	用	66
艺术	家	78
艺术	的	68
艺术	品	67
艺术	性	63
艺术	作品	62
艺术	形式	59
开始	了	78
开始	做	69
开始	就	67
开始	学习	66
开始	出现	63
开始	看	62
已	经有	78
已	成为	65
已	完成	56
已	达到	54
已	更新	52
已	不再	50
接触	到	78
接触	的	73
接触	过	70
接触	了	64
接触	面	53
接触	面积	51
虽然	是	78
虽然	没有	72
虽然	说	71
虽然	有	70
虽然	在	70
虽然	不是	68
听	起来	78
听	不懂	73
听	说过	69
听	到了	67
听	音乐	64
听	上去	64
关注	我	78
关注	一下	67
关注	度	66
关注	点	64
关注	下	59
关注	着	53
纪录	片	78
集中	在	78
集中	于	61
集中	精力	58
集中	营	58
集中	到	56
集中	了	53
工作	室	78
工作	人员	78
工作	经验	75
工作	中	74
工作	了	72
工作	内容	72
就像	是	78
就像	一个	68
就像	你	65
就像	我	64
就像	个	55
就像	当年	53
完美	的	78
完美	地	60
完美	世界	56
完美	主义	54
完美	解决	51
完美	融合	51
那样	的	78
那样	的话	56
那样	子	51
那样	做	50
不了	解	78
不了	了	50
表	现出	78
表	现为	71
表	面上	70
表	现在	62
表	面积	55
表	演了	51
表现	出	78
表现	的	73
表现	为	71
表现	出来	70
表现	得	67
表现	力	66
造	成了	78
造	出来	59
造	轮子	52
造	一个	51
造	犯规	47
造成	了	78
造成	伤害	61
造成	损害	49
造成	损失	49
现在	是	78
现在	已经	77
现在	也	69
现在	看来	69
现在	在	68
现在	我	68
有助	于	78
也都	是	78
对	不起	78
对	这个	76
对	我们	75
对	他们	75
对	中国	71
对	不对	71
拿到	了	77
拿到	手	63
拿到	钱	52
拿到	手软	49
拿到	高分	47
也许	是	77
也许	会	69
也许	在	58
也许	有	58
也许	能	56
而且	是	77
而且	还	77
而且	在	72
而且	这个	67
而且	也	67
而且	还是	66
了解	一下	77
了解	到	76
了解	了	73
了解	的	70
了解	更多	65
了解	自己	64
根本	不	77
根本	没有	77
根本	不是	72
根本	原因	70
根本	没	69
根本	就不	68
给他	们	77
给他	一个	53
信用	卡	77
信用	风险	57
信用	证	53
信用	评级	52
信用	货币	51
信用	债	48
建议	大家	77
建议	你	75
建议	是	74
建议	在	64
建议	用	61
建议	您	59
固	定的	77
固	定在	60
固	特异	46
固定	的	77
固定	在	60
固定	资产	60
固定	收益	55
固定	不变	49
固定	住	49
加	入了	77
加	起来	75
加	分项	67
加	速度	66
加	一个	66
加	上了	62
加入	了	77
加入	到	61
加入	进来	48
加入	他们	46
好	像是	77
好	不好	76
好	几个	76
好	多人	73
好	一点	73
好	好的	72
好像	是	77
好像	也	62
好像	有	59
好像	在	58
好像	都	55
好像	就	54
任	何人	77
任	天堂	75
任	何事	57
任	我行	48
任	总统	46
仍然	是	77
仍然	在	63
仍然	有	61
仍然	会	61
仍然	没有	60
仍然	存在	57
提到	了	77
提到	过	69
提到	这个	46
笔记	本	77
笔记	软件	58
三	个月	77
三	个人	72
三	十年	66
三	年前	64
三	分钟	64
三	明治	64
三个	月	77
三个	人	72
三个	字	65
三个	方面	65
三个	小时	63
三个	部分	58
不只	是	77
不只	有	55
不就	是	77
不就	行了	57
不就	好了	55
不就	得了	51
不就	完了	50
反	过来	77
反	而是	75
反	而会	71
反	倒是	67
反	映出	65
反	正是	63
意思	是	77
意思	就是	70
意思	了	57
意思	是说	56
意思	表示	53
意思	意思	48
毕	竟是	77
毕竟	是	77
毕竟	不是	64
毕竟	我	63
毕竟	他	58
毕竟	你	58
毕竟	我也	48
这只	是	77
这只	能	52
这只	股票	51
反正	我	77
反正	就是	66
反正	是	63
反正	都是	57
反正	就	53
反正	都	48
一件	事	77
一件	事情	71
一件	好事	56
一件	衣服	54
一件	小事	52
一件	件	50
就够	了	77
明确	的	77
明确	了	65
明确	规定	61
明确	表示	59
明确	地	57
明确	指出	55
的确	是	77
的确	会	53
的确	如此	52
的确	没有	50
长	时间	77
长	大的	67
长	大了	67
长	长的	63
长	三角	59
长	镜头	59
里面	有	77
里面	还有	59
里面	没有	56
里面	去	56
里面	都	50
里面	说	48
一本	书	77
一本	正经	62
一本	好书	49
当事	人	77
也会	有	77
也会	在	64
也会	说	49
一种	是	77
一种	方法	62
一种	情况	62
一种	特殊	60
一种	可能	55
一种	感觉	52
每天	都	77
每天	晚上	66
每天	早上	65
每天	都要	65
每天	都有	64
每天	要	59
几	十年	77
几	个月	77
几	个人	73
几	年前	73
几	十万	73
几	分钟	71
几十	年	77
几十	万	73
几十	个	69
几十	块钱	61
几十	块	61
几十	年前	60
做到	了	77
做到	极致	59
做到	最好	53
毫无	疑问	77
毫无	意义	69
毫无	关系	59
毫无	压力	57
毫无	保留	55
毫无	用处	53
注意	到	77
注意	力	76
注意	事项	72
注意	一下	61
注意	看	58
注意	点	58
答案	是	77
答案	就是	58
前	几天	77
前	几年	74
前	两天	71
前	一天	69
前	两年	67
前	不久	63
前几	天	77
前几	年	74
前几	名	57
前几	个月	54
前几	个	53
前几	次	52
一下	子	77
一下	吧	68
一下	就	68
一下	午	64
一下	下	52
一下	吗	50
摄影	师	77
摄影	机	63
摄影	作品	55
摄影	器材	51
摄影	系	50
摄影	技术	50
操作	系统	77
操作	方法	58
操作	上	58
操作	方式	58
操作	了	57
操作	流程	56
不清	楚	77
为了	让	77
为了	避免	72
为了	防止	69
为了	方便	69
为了	自己	67
为了	保证	67
初	学者	77
初	高中	61
初	登场	49
初	速度	46
初学	者	77
掌握	了	77
掌握	好	61
掌握	在	61
掌握	着	57
掌握	程度	53
掌握	知识	48
采	用了	77
采	取了	66
采用	了	77
在学	校	77
在学	生	54
不用	担心	77
不用	再	67
不用	说了	66
不用	多说	66
不用	说	65
不用	考虑	62
充	满了	77
充	电器	63
充	电线	49
充	放电	47
充满	了	77
充满	着	63
充满	活力	55
充满	希望	54
充满	期待	51
充满	信心	50
就有	了	77
就有	点	67
就有	人	65
就有	些	56
就有	机会	55
就有	问题	52
你就	会	77
你就	可以	74
你就	是	74
你就	知道	66
你就	要	65
你就	算	59
相比	于	77
相比	之下	75
相比	较	66
相比	起	59
相比	而言	55
不好	意思	77
不好	说	70
不好	看	69
不好	吗	64
不好	听	63
不好	用	62
不说	了	77
不说	话	64
等	方面	77
等	问题	73
等	功能	67
等	情况	65
等	内容	65
等	信息	65
要么	是	77
要么	就是	71
要么	就	65
老	百姓	77
老	太太	71
老	玩家	69
老	司机	68
老	人家	67
老	一辈	65
对我	来说	77
对我	们	75
对我	说	68
对我	国	56
对我	好	48
对我	自己	47
不会	有	77
不会	再	70
不会	出现	70
不会	因为	70
不会	被	69
不会	像	67
竞争	对手	77
竞争	力	76
竞争	的	65
竞争	者	64
竞争	激烈	63
竞争	优势	62
几个	月	77
几个	人	73
几个	小时	70
几个	问题	67
几个	方面	63
几个	字	60
跟	我说	77
跟	不上	71
跟	我们	71
跟	大家	70
跟	他们	70
跟	自己	68
跟我	说	77
跟我	们	71
跟我	一样	64
跟我	一起	59
跟我	讲	58
跟我	妈	51
进入	了	77
进入	到	71
进入	中国	57
进入	复试	57
进入	正题	56
进入	社会	56
包含	了	77
包含	着	59
包含	在	54
包含	有	49
就只	能	77
就只	有	72
就只	是	63
外	国人	76
外	星人	73
外	行人	59
外	太空	57
外	经贸	54
外	包装	52
外国	人	76
外国	的	60
外国	语	50
外国	友人	49
外国	文学	48
就成	了	76
就成	为	60
就成	功	47
众所	周知	76
那一	刻	76
那一	年	71
那一	天	70
那一	套	67
那一	个	65
那一	段	64
赚钱	的	76
赚钱	了	63
赚钱	效应	49
赚钱	吗	47
赚钱	养家	47
赚钱	啊	46
上市	公司	76
上市	了	57
上市	后	57
上市	企业	51
上市	时	46
到这	里	76
到这	儿	58
却	没有	76
却	发现	68
却	不是	63
却	不能	63
却	依然	63
却	可以	61
却没	有	76
却没	能	50
帮助	你	76
帮助	大家	67
帮助	他们	62
帮助	他	61
帮助	企业	58
帮助	了	58
收益	率	76
收益	权	49
来看	看	76
来看	我	53
一次	性	76
一次	次	72
一次	是	60
一次	机会	54
一次	一次	52
一次	通过	47
特	斯拉	76
特	别的	76
特	别想	58
特	异性	58
特	别有	55
特	地去	51
特斯	拉	76
跑步	机	76
小小	的	76
小小	年纪	48
电影	里	76
电影	中	74
电影	院	71
电影	节	63
电影	中的	63
电影	票	61
你也	可以	76
你也	要	60
你也	是	59
你也	知道	56
你也	得	55
你也	就	51
维生	素	76
建立	在	76
建立	了	74
建立	起	70
建立	一个	67
建立	起来	63
建立	联系	55
知道	自己	76
知道	了	76
知道	你	67
知道	他	64
知道	我	63
知道	怎么	59
在那	里	76
在那	个	70
在那	边	59
在那	儿	59
在那	些	57
在那	之前	54
供应	商	76
供应	链	70
供应	量	50
就在	于	76
就在	这里	62
就在	我	60
就在	这	59
就在	这时	58
就在	那里	57
最近	的	76
最近	几年	69
最近	两年	57
最近	也	55
最近	几天	51
最近	一直	49
自然	是	76
自然	会	72
自然	的	71
自然	界	67
自然	也就	64
自然	科学	63
不再	是	76
不再	赘述	65
不再	需要	60
不再	有	60
不再	像	53
不再	重复	50
良	好的	76
良好	的	76
安全	性	76
安全	的	71
安全	感	68
安全	问题	62
安全	带	60
安全	座椅	60
不符	合	76
近	几年	76
近	年来	76
近	两年	67
近	十年	64
近	距离	64
近	三年	60
我想	说	76
我想	要	65
我想	到	60
我想	起	59
我想	我	57
我想	着	57
不论	是	76
不论	如何	51
不论	你是	50
不论	什么	47
我曾	经	76
我曾	在	53
我以	前	76
我以	为	74
我以	后	60
我以	为我	56
可	转债	76
可	能有	76
可	不是	73
可	能在	71
可	是我	68
可	参考	66
不考	虑	76
不考	数学	51
无疑	是	76
无疑	会	53
从来	没有	76
从来	不	76
从来	没	70
从来	都是	66
从来	都不	66
从来	不是	64
但我	们	76
但我	觉得	71
但我	认为	62
但我	想	61
但我	知道	60
但我	相信	58
许	多人	76
许	多年	52
许	三观	46
许多	人	76
许多	年	52
许多	问题	51
许多	地方	50
许多	事情	49
许多	朋友	48
小孩	子	76
小孩	儿	57
其中	一个	76
其中	有	69
其中	之一	65
其中	包含	56
其中	一位	55
其中	一项	50
对这	个	76
我只	是	76
我只	能	76
我只	想说	66
我只	想	65
我只	知道	64
我只	好	60
把这	个	76
把这	些	76
把这	种	62
把这	段	50
去	看看	76
去	医院	74
去	了解	71
去	参加	67
去	尝试	66
去	美国	64
去看	看	76
去看	了	63
去看	待	61
去看	一下	60
去看	医生	54
去看	电影	53
慢	慢的	76
慢	性病	59
慢	一点	58
慢	悠悠	55
慢	下来	54
慢	一些	53
慢慢	的	76
慢慢	地	69
慢慢	来	62
慢慢	看	57
慢慢	恢复	50
慢慢	变成	50
孩子	们	76
孩子	是	58
孩子	气	52
孩子	说	51
孩子	出生	50
孩子	上学	49
成年	人	76
成年	男性	50
成年	了	49
成年	男子	46
万	美元	76
万	左右	71
万	以上	65
万	美金	64
万	公里	63
万	亿元	61
详细	的	76
详细	介绍	68
详细	了解	58
详细	说明	58
详细	分析	58
详细	讲解	57
房	地产	76
职业	生涯	76
职业	规划	71
职业	发展	69
职业	选手	64
职业	道德	59
职业	球员	58
社会	的	76
社会	上	69
社会	学	67
社会	主义	67
社会	中	65
社会	地位	64
应届	生	76
男	朋友	76
男	主角	70
男	孩子	68
男	人的	64
男	女主	60
男	同学	56
出版	社	76
出版	物	59
出版	商	55
出版	业	51
出版	公司	48
出版	机构	46
演唱	会	76
演唱	者	51
好几	个	76
好几	次	71
好几	年	70
好几	天	65
好几	遍	58
好几	个月	58
也比	较	76
很快	就	76
很快	的	65
很快	就会	65
很快	乐	58
很快	地	53
很快	就要	48
这都	是	76
这都	不是	52
这都	能	47
条件	下	76
条件	是	59
条件	反射	59
条件	和	57
条件	好	51
条件	概率	46
我这	个	76
我这	里	75
我这	边	66
我这	辈子	60
我这	个人	60
我这	次	57
普	通话	76
永远	是	76
永远	不会	69
永远	都是	65
永远	的	64
永远	都	63
永远	无法	63
时	不时	76
时	空中	51
时	必须	51
时	期内	46
软件	测试	76
软件	开发	65
软件	工程	64
软件	上	57
软件	公司	56
软件	系统	53
周围	的	76
周围	人	65
周围	环境	58
周围	都是	50
正	常人	76
正	因为	71
正	能量	66
正	所谓	66
正	处于	63
正	反馈	61
正常	人	76
正常	使用	61
正常	生活	59
正常	工作	57
正常	现象	56
正常	运行	56
各	方面	76
各	部门	59
各	行业	59
各	专业	57
各	部分	57
各	地区	55
各方	面	76
各方	势力	49
又	不是	76
又	开始	72
又	一次	71
又	没有	70
又	可以	69
又	如何	67
又不	是	76
又不	能	66
又不	想	63
又不	会	62
又不	像	51
又不	好	51
将	自己	76
将	这些	67
将	成为	66
将	会是	61
将	这个	61
将	它们	60
近年	来	76
战斗	力	76
战斗	中	66
战斗	机	63
战斗	系统	60
战斗	民族	48
战斗	能力	47
表达	的	76
表达	了	70
表达	自己	66
表达	方式	66
表达	出来	65
表达	出	63
脑子	里	76
比特	币	76
最常	见	75
最常	用	68
极	大的	75
极	高的	70
极	少数	68
极	好的	65
极	大地	63
极	少的	54
极大	的	75
极大	地	63
极大	程度	52
极大	概率	51
极大	提高	46
一会	儿	75
但对	于	75
与此	同时	75
想	办法	75
想	起来	73
想	到了	73
想	知道	73
想	了解	70
想	一想	69
凭	什么	75
凭	借着	63
凭	感觉	54
凭	本事	49
凭	记忆	48
凭	实力	48
小姐	姐	75
小姐	妹	55
这段	时间	75
这段	话	69
这段	感情	56
这段	关系	50
这段	对话	49
这段	日子	46
当时	我	75
当时	是	67
当时	就	64
当时	他	59
当时	觉得	58
当时	没有	57
改	变了	75
改	成了	67
改	造成	59
改	名为	59
改	一下	56
改	编成	55
改变	了	75
改变	自己	65
改变	不了	63
改变	世界	62
改变	命运	57
改变	现状	52
经	常会	75
经	过了	71
经	常有	66
经	常在	66
经	常说	62
经	常用	61
经常	会	75
经常	有	66
经常	在	66
经常	出现	66
经常	是	63
经常	说	62
自	媒体	75
自	行车	70
自	定义	70
自	认为	68
自	以为	67
自	家的	66
而对	于	75
感觉	自己	75
感觉	到	75
感觉	是	66
感觉	就是	63
感觉	像	62
感觉	不到	61
留	学生	75
留	下了	74
留	下来	71
留	不住	56
留	给了	56
留	一个	55
留学	生	75
留学	申请	62
留学	中介	49
留学	生活	47
离	开了	75
离	不开	72
离	我们	61
离	开时	53
离	婚后	53
离	心力	52
离开	了	75
离开	时	53
离开	家	50
离开	我	49
离开	学校	48
离开	你	48
一切	都	75
一切	都是	69
一切	顺利	57
一切	正常	56
一切	以	55
一切	都在	54
伴	随着	75
伴随	着	75
会让	你	75
会让	人	68
会让	我	56
平	台上	75
平	均分	65
平	均值	64
平	凡人	52
平	常人	52
平	均线	51
平台	上	75
平台	期	50
平台	方	49
平台	化	48
平台	入驻	47
资	本家	75
资	深的	60
资	本金	48
资本	家	75
资本	主义	71
资本	市场	70
资本	运作	56
资本	论	56
资本	化	50
不能	说	75
不能	再	73
不能	用	72
不能	接受	66
不能	理解	66
不能	让	64
体	现在	75
体	现出	74
体	会到	73
体	面的	55
体	细胞	46
体现	在	75
体现	出	74
体现	了	73
体现	着	49
专注	于	75
专注	力	60
专注	度	51
专注	地	46
很少	有	75
很少	见	63
很少	会	60
很少	人	56
很少	了	55
很少	用	53
从	业者	75
从	这里	67
从	上面	62
从	哪里	62
从	去年	61
从	目前	60
从业	者	75
从业	人员	69
从业	经验	58
从业	经历	51
从业	资格	47
介绍	了	75
介绍	一下	72
介绍	的	71
介绍	过	58
介绍	给	50
介绍	说	49
分享	一下	75
分享	了	66
分享	下	62
分享	给你	59
分享	到	53
分享	经验	51
通常	是	75
通常	会	71
通常	在	63
通常	来说	63
通常	都是	62
通常	都会	53
微波	炉	75
微波	加热	46
直接	把	75
直接	用	73
直接	去	69
直接	说	68
直接	就	67
直接	影响	67
但他	们	75
但他	却	56
做出	了	75
做出	来	73
做出	来的	71
做出	选择	60
做出	改变	55
做出	决定	53
创	作者	75
创	业者	75
创	造了	74
创	造出	70
创	作出	60
创	建了	60
创作	者	75
创作	出	60
创作	能力	55
创作	人	51
创作	背景	48
创作	歌手	47
除非	你	75
除非	是	68
除非	你是	59
除非	有	57
不太	好	75
不太	一样	71
不太	可能	68
不太	了解	65
不太	清楚	65
不太	会	64
认为	是	75
认为	自己	74
认为	他	65
认为	她	52
认为	应该	49
现实	中	75
现实	世界	72
现实	的	72
现实	中的	67
现实	生活	63
现实	里	62
转	化为	75
转	移到	72
转	基因	70
转	专业	69
转	换成	67
转	化成	67
转化	为	75
转化	率	71
转化	成	67
在家	里	75
在家	乡	51
在家	办公	51
核心	的	75
核心	是	68
核心	技术	63
核心	问题	61
核心	思想	59
核心	内容	58
负责	人	75
负责	的	70
负责	任	63
负责	管理	49
写	出来	75
写	代码	70
写	文章	68
写	一个	66
写	论文	66
写	下来	65
写出	来	75
写出	了	63
高大	上	75
对他	们	75
对他	来说	63
对他	人	61
对他	说	60
创业	者	75
创业	公司	70
创业	板	62
创业	项目	59
创业	失败	51
创业	成功	51
其次	是	75
而这	些	75
而这	次	59
而这	一切	57
而这	时	52
而这	一次	50
而这	样	49
学习	方法	75
学习	能力	72
学习	了	70
学习	者	68
学习	资料	66
学习	中	66
严	重的	75
严重	的	75
严重	影响	62
严重	程度	57
严重	不足	55
严重	怀疑	54
严重	时	53
班	主任	75
班	里的	53
班	干部	49
搞	清楚	75
搞	不好	66
搞	定了	65
搞	明白	64
搞	不定	63
搞	科研	61
意义	上	75
意义	的	67
意义	不大	64
意义	在于	59
意义	重大	57
意义	何在	54
角度	来说	75
角度	来看	74
角度	看	72
角度	上	62
角度	不同	48
以外	的	75
说到	底	75
说到	这里	69
说到	这	61
说到	了	58
说到	这个	51
说到	做到	48
反而	是	75
反而	会	71
反而	觉得	57
反而	更	56
反而	在	54
反而	还	52
有限	的	75
有限	公司	69
有限	制	58
有限	元	50
有限	合伙	48
有限	度	48
公积	金	75
回答	问题	75
回答	一下	74
回答	说	66
回答	者	56
回答	我	55
回答	道	54
葡萄	酒	75
葡萄	牙	68
葡萄	糖	65
葡萄	干	52
葡萄	品种	51
葡萄	园	50
看出	来	75
看出	来了	58
上	来说	75
上	一个	72
上	大学	71
上	世纪	71
上	升到	70
上	厕所	69
上来	说	75
上来	了	65
上来	讲	64
只剩	下	75
只剩	下了	57
只剩	一个	47
在不	同	75
在不	断	70
在不	停	55
在不	在	48
点个	赞	75
点个	关注	51
不稳	定	75
不稳	定性	54
也是	个	75
也是	有	74
也是	一样	74
也是	如此	74
也是	一种	74
也是	在	72
有点	像	75
有点	儿	67
有点	小	66
有点	多	63
有点	难	61
有点	大	59
博物	馆	75
受害	者	75
受害	人	65
商业	模式	75
商业	化	72
商业	银行	71
商业	价值	66
商业	片	60
商业	保险	56
主人	公	75
主人	翁	46
最终	的	75
最终	还是	70
最终	导致	63
最终	结果	63
最终	会	62
最终	目的	62
一篇	文章	75
一篇	作文	47
一篇	报道	47
来到	了	75
来到	这里	59
来到	中国	51
那我	们	75
那我	就	72
那我	觉得	57
这条	路	75
这条	线	62
这条	道路	51
这条	路线	48
这条	消息	47
这条	信息	46
状态	下	75
状态	不好	54
状态	时	52
状态	栏	48
状态	机	48
状态	不佳	48
培训	机构	75
培训	班	70
培训	课程	54
培训	师	51
培训	费	51
培训	学校	49
做的	事情	75
做的	是	72
做的	事	67
做的	时候	58
做的	话	49
做的	一切	48
总体	来说	74
总体	上	67
总体	而言	65
总体	来讲	53
总体	感觉	51
总体	评价	47
说出	来	74
说出	了	65
说出	口	56
说出	去	52
说出	来了	49
浪费	时间	74
浪费	了	68
浪费	钱	58
浪费	在	57
浪费	掉	51
浪费	生命	49
也很	难	74
也很	好	72
也很	多	70
也很	重要	69
也很	少	66
也很	高	65
不少	人	74
不少	于	62
不少	钱	55
不少	了	54
不少	时间	52
不少	东西	49
结束	后	74
结束	了	74
结束	之后	63
结束	时	61
结束	以后	52
结束	语	50
以上	是	74
以上	为	59
以上	都	49
无	所谓	74
无	数次	73
无	数的	71
无	人机	70
无	意义	67
无	数个	66
无所	谓	74
无所	不能	60
无所	事事	58
无所	畏惧	55
无所	不在	48
无所	顾忌	46
我见	过	74
抑郁	症	74
抑郁	了	54
抑郁	情绪	52
给出	了	74
要求	的	74
要求	是	67
要求	你	65
要求	高	64
要求	和	59
要求	自己	57
客户	端	74
客户	经理	69
客户	提供	59
客户	需求	56
客户	资源	56
客户	服务	55
超	过了	74
超	能力	69
超	出了	65
超	广角	60
超	高的	59
超	市里	57
超过	了	74
超过	光速	46
挺	好的	74
挺	多的	68
挺	大的	67
挺	高的	62
挺	喜欢	59
挺	难的	58
挺好	的	74
挺好	看的	56
挺好	用的	55
挺好	玩的	54
挺好	吃的	51
挺好	听的	47
前段	时间	74
伟	大的	74
伟大	的	74
伟大	之处	49
伟大	航路	48
来说	说	74
来说	明	64
来说	吧	60
与	其他	74
与	我们	67
与	自己	66
与	他们	63
与	传统	62
与	他人	62
与其	他	74
与其	说是	65
与其	说	64
留下	了	74
留下	来	71
留下	一个	56
留下	痕迹	49
留下	来了	48
留下	什么	46
部分	的	74
部分	是	65
部分	人	64
部分	内容	62
部分	地区	60
部分	组成	52
如	下图	74
如	何用	64
如	上图	60
如	是说	55
如	图示	55
如	其名	48
如下	图	74
如下	所示	55
指数	基金	74
指数	级	48
指数	增强	48
指数	和	48
还记	得	74
拼	多多	74
拼	不过	50
拼	起来	49
拼	出来	48
拼	一把	47
无非	是	74
无非	就是	73
流动	性	74
流动	资金	52
流动	资产	47
必要	的	74
必要	性	63
必要	条件	62
必要	时	61
忍	不住	74
忍	不了	53
忍	住了	50
游	戏里	74
游	泳池	57
游	乐园	53
游戏	里	74
游戏	中	74
游戏	机	70
游戏	公司	69
游戏	行业	67
游戏	性	65
结果	是	74
结果	发现	66
结果	呢	63
结果	显示	58
结果	还是	58
结果	出来	52
认识	到	74
认识	的	73
认识	了	72
认识	自己	57
认识	一个	56
认识	他	54
较	高的	74
较	大的	72
较	好的	69
较	低的	67
较	多的	67
较	小的	61
较高	的	74
制作	的	74
制作	人	72
制作	组	66
制作	了	62
制作	者	61
制作	出	60
代表	着	74
代表	了	74
代表	作	71
代表	性	65
代表	人物	64
代表	作品	56
华晨	宇	74
华晨	宝马	46
正是	因为	74
正是	在	57
正是	这样	54
正是	如此	52
正是	这	47
副	作用	74
副	教授	62
副	总裁	60
副	校长	56
副	驾驶	55
副	主任	55
用户	体验	74
用户	需求	64
用户	提供	62
用户	群	61
用户	画像	61
用户	量	60
不断	地	74
不断	提高	61
不断	学习	61
不断	发展	61
不断	增加	61
不断	更新	59
推	出了	74
推	动了	62
推	导出	61
推	出来	56
推	动力	52
推	进了	50
推出	了	74
推出	来	56
推出	去	48
推出	过	48
推出	后	47
证	明了	74
证明	了	74
证明	是	53
证明	材料	52
证明	什么	46
证明	题	46
希	特勒	74
希	拉里	54
希	尔顿	52
希	维尔	46
希特	勒	74
一步	步	74
一步	一步	69
一步	到位	62
一步	之遥	53
多少	钱	74
多少	人	72
多少	次	66
多少	个	65
多少	年	64
多少	有点	59
十	几年	74
十	年前	71
十	分钟	69
十	几个	67
十	多年	66
十	几万	66
十几	年	74
十几	个	67
十几	万	66
十几	年前	64
十几	分钟	62
十几	岁	59
但现	在	74
奥	特曼	74
奥	地利	70
奥	斯卡	70
奥	尼尔	62
奥	巴马	60
奥	斯汀	51
奥特	曼	74
奥特	兄弟	49
奥特	之父	46
阿里	巴巴	74
阿里	云	68
阿里	系	54
阿里	云盘	52
场	比赛	74
场	面上	49
半	小时	74
半	个月	73
半	导体	66
半	决赛	62
半	年后	62
半	成品	61
最重	要	74
最重	的	53
存在	着	74
存在	于	74
存在	感	68
存在	问题	60
存在	差异	56
存在	主义	53
庞	大的	74
庞大	的	74
大城	市	74
或	许是	74
或	其他	70
或	以上	58
或	直接	54
或	通过	51
或	机构	49
或许	是	74
或许	可以	61
或许	有	56
或许	还	50
或许	也是	47
或许	就	47
和	他们	74
和	我们	73
和	别人	71
和	我说	69
和	学习	68
和	现在	66
和他	们	74
和他	一起	59
显然	是	74
显然	不是	63
显然	没有	54
显然	已经	48
显然	不会	47
重疾	险	74
重疾	保障	46
想象	的	74
想象	力	70
想象	一下	69
想象	中	68
想象	中的	67
想象	成	60
方法	论	74
方法	是	68
方法	来	65
方法	一	51
方法	二	51
方法	如下	50
就会	有	74
就会	出现	70
就会	导致	64
就会	变成	63
就会	觉得	63
就会	在	60
一些	人	74
一些	问题	69
一些	东西	67
一些	事情	64
一些	细节	63
一些	地方	57
实习	生	74
实习	期	58
实习	机会	57
实习	期间	53
实习	律师	51
实习	证明	46
不理	解	74
不理	想	62
不理	智	56
不理	会	49
不理	我	48
音乐	人	74
音乐	节	70
音乐	学院	67
音乐	家	66
音乐	风格	64
音乐	会	64
创造	了	74
创造	出	70
创造	力	66
创造	性	64
创造	价值	61
创造	一个	60
你说	的	74
你说	你	69
你说	他	61
你说	我	61
你说	什么	54
你说	呢	49
不支	持	74
学会	了	74
学会	计	48
各自	的	74
各自	独立	49
各自	不同	48
各自	为政	47
提高	了	74
提高	自己	69
提高	效率	63
提高	到	62
提高	自身	51
提高	成绩	51
有关	系	74
有关	部门	62
有关	于	62
有关	联	57
有关	规定	52
在他	的	74
在他	们	72
在他	们的	63
在他	身上	59
在他	面前	56
在他	眼里	53
不小	心	74
不小	的	69
不小	了	49
不小	于	46
而我	们	74
而我	却	52
物	理学	74
物	联网	72
物理	学	74
物理	学家	68
物理	系	62
物理	化学	59
物理	量	58
物理	上	57
某	一个	74
某	一天	65
某	个人	64
某	一种	58
某	公司	57
某	某某	56
某一	个	74
某一	天	65
某一	种	58
某一	方面	54
某一	类	52
某一	次	51
总	觉得	74
总	决赛	69
总	会有	68
总	结出	68
总	不能	67
总	经理	67
总觉	得	74
金融	机构	74
金融	行业	72
金融	市场	70
金融	学	70
金融	危机	68
金融	专硕	65
并且	在	74
并且	有	64
并且	是	64
并且	还	63
并且	能够	59
并且	能	58
清晰	的	74
清晰	度	63
清晰	地	63
清晰	明了	56
清晰	可见	54
清晰	明确	48
存	在于	74
存	放在	55
存	起来	53
存	银行	51
存	下来	49
参	加了	74
参	与人	48
参	议院	48
参	议员	47
参加	了	74
参加	过	68
参加	考试	61
参加	比赛	60
参加	工作	57
参加	高考	56
相似	的	74
相似	之处	62
相似	性	60
相似	度	60
相似	点	46
这张	图	73
这张	专辑	71
这张	照片	66
这张	图片	56
这张	表	50
这张	脸	50
阶段	的	73
阶段	性	64
依旧	是	73
依旧	在	59
依旧	会	56
天花	板	73
蜘蛛	侠	73
蜘蛛	网	49
想起	来	73
想起	了	67
想起	来了	53
想起	他	47
管理	层	73
管理	者	70
管理	员	65
管理	学	64
管理	费	62
管理	人员	62
重点	是	73
重点	在于	62
重点	关注	62
重点	在	57
重点	内容	56
重点	看	55
接受	了	73
接受	不了	65
接受	采访	63
接受	过	61
接受	度	59
接受	程度	54
知名	度	73
知名	的	70
知名	品牌	57
知名	企业	53
说明	了	73
说明	你	71
说明	书	68
说明	问题	62
说明	白	57
说明	这个	56
一群	人	73
一群	人在	47
体会	到	73
体会	不到	56
体会	了	47
深度	学习	73
深度	思考	55
深度	睡眠	50
深度	合作	49
深度	分析	47
深度	挖掘	47
那段	时间	73
那段	话	51
那段	日子	50
那段	历史	48
那段	时光	47
特点	是	73
再看	看	73
再看	一遍	55
再看	到	52
再看	下	46
几年	前	73
几年	后	64
几年	了	56
几年	之后	55
几年	时间	52
几年	内	51
需	要在	73
需	要你	71
需	要有	69
需	要用	68
需	要做	68
需	要对	67
是最	好的	73
是最	早	56
是最	适合	56
是最	好	52
是最	能	51
不足	以	73
不足	之处	61
对于	一个	73
对于	我	65
对于	你	57
对于	学生	56
更重	要	73
更重	视	54
受	到了	73
受	不了	71
受	害人	65
受	限于	65
受	欢迎	62
受	影响	60
受到	了	73
受到	影响	63
受到	伤害	56
受到	限制	53
受到	冲击	49
受到	惩罚	49
统一	的	73
统一	了	58
统一	性	54
统一	天下	53
统一	管理	52
统一	标准	52
想到	了	73
想到	什么	54
想到	这	49
公元	前	73
明白	了	73
明白	人	53
明白	了吗	51
明白	了吧	51
明白	吗	49
解释	了	73
解释	一下	72
解释	是	62
解释	清楚	60
解释	为	59
解释	说	59
划船	机	73
合伙	人	73
合伙	企业	57
摄像	头	73
摄像	机	64
用	什么	73
用	起来	72
用	一个	71
用	手机	69
用	不了	66
用	不上	65
国家	队	73
国家	级	64
国家	对	60
国家	政策	59
国家	标准	58
国家	电网	55
和我	们	73
和我	一样	70
和我	说	69
和我	一起	63
和我	聊天	46
私信	我	73
私信	问我	57
私信	联系	48
私信	咨询	46
停	留在	73
停	下来	68
停	车场	62
停	车位	51
停	车费	51
停	下了	49
停留	在	73
停留	时间	49
地球	上	73
地球	人	65
地球	表面	57
地球	自转	53
地球	轨道	49
地球	科学	49
可视	化	73
可视	为	49
无数	次	73
无数	的	71
无数	个	66
无数	人	66
无数	遍	54
无数	种	54
简	单说	73
简	答题	64
简	短的	58
简	化了	56
简	化为	55
简	称为	55
既然	是	73
既然	你	65
既然	如此	63
既然	有	59
既然	已经	58
既然	这样	53
能够	在	73
能够	达到	61
能够	把	61
能够	获得	60
能够	得到	60
能够	有	57
半个	月	73
半个	小时	70
半个	世纪	56
半个	多月	52
半个	赛季	46
必然	会	73
必然	是	72
必然	要	63
必然	有	58
必然	性	57
必然	结果	53
等等	等等	73
等等	吧	49
给你	们	73
给你	带来	67
给你	一个	64
给你	看	62
给你	个	56
给你	介绍	52
分辨	率	73
分辨	出	54
分辨	不出	50
分辨	能力	48
分辨	出来	47
习	惯了	73
习	惯性	66
习	惯于	63
习惯	了	73
习惯	性	66
习惯	于	63
习惯	是	55
习惯	上	49
习惯	养成	46
这对	于	73
这对	我	48
说起	来	73
小女	孩	73
小女	生	57
小女	儿	56
准备	好	73
准备	的	73
准备	了	71
准备	工作	63
准备	好了	62
准备	考研	60
忽略	了	73
忽略	不计	63
忽略	掉	57
取	得了	73
取	出来	61
取	一个	53
取	名为	52
取	下来	50
取	名叫	47
取得	了	73
取得	成功	58
取得	胜利	55
取得	联系	51
取得	高分	47
电子	书	73
电子	商务	70
电子	产品	66
电子	版	66
电子	游戏	62
电子	音乐	62
好多	人	73
好多	了	66
好多	年	64
好多	好多	60
好多	次	60
好多	个	51
只知	道	73
该	如何	73
该	怎么	69
该	公司	68
该	有的	67
该	不该	62
该	项目	62
量子	力学	73
量子	化	56
量子	计算	55
量子	态	53
量子	纠缠	51
量子	通信	51
你这	个	73
你这	样	61
你这	是	61
你这	么	60
你这	种	56
你这	个人	55
一两	个	73
一两	年	67
一两	次	62
一两	个月	62
一两	天	60
一两	百	56
不具	备	73
不具	有	64
外星	人	73
外星	文明	53
外星	生物	48
微博	上	73
微博	热搜	52
微博	中	47
属于	自己	73
属于	我们	51
属于	你	49
属于	我的	48
属于	他	47
背景	下	73
背景	的	72
背景	音乐	64
背景	知识	57
背景	故事	55
背景	板	54
城市	的	73
城市	里	64
城市	中	58
城市	化	57
城市	规划	55
城市	群	53
目标	是	73
目标	院校	65
目标	客户	59
目标	公司	55
目标	明确	53
目标	函数	53
短	视频	73
短	期内	69
短	时间	69
短	短的	61
短	距离	52
短	节目	48
短视	频	73
你不	能	73
你不	是	70
你不	知道	69
你不	会	69
你不	要	62
你不	用	60
确	实有	73
确	定了	70
确	定性	64
确	实在	61
确	定为	53
确	认为	47
还会	有	73
还会	在	56
还会	不会	51
还会	觉得	51
还会	用	48
还会	增加	46
时间	是	73
时间	线	73
时间	里	71
时间	点	70
时间	去	70
时间	内	70
学长	学姐	73
致力	于	73
都有	自己	73
都有	可能	70
都有	了	68
都有	着	68
都有	点	64
都有	哪些	62
描述	的	73
描述	为	55
描述	一下	55
描述	性	50
描述	成	48
描述	得	46
可不	是	73
可不	可以	64
可不	能	55
可不	止	53
可不	会	50
可不	就是	49
我本	人	73
我本	科	65
我本	来	63
我本	以为	52
谈	恋爱	73
谈	不上	72
谈	一谈	63
谈	一下	61
谈	什么	59
谈	生意	48
高中	生	72
高中	毕业	63
高中	时	60
高中	同学	59
高中	物理	57
高中	数学	57
给了	我	72
给了	他	66
给了	你	60
给了	我们	60
给了	他们	53
孙	悟空	72
孙	中山	59
孙	老师	48
教科	书	72
奥运	会	72
奥运	冠军	56
奥运	金牌	52
奥运	会上	49
为我	们	72
为我	所用	48
花	时间	72
花	心思	56
花	木兰	55
花	出去	55
花	点钱	54
花	不了	51
消失	了	72
消失	的	63
消失	在	60
消失	不见	55
消失	殆尽	48
打开	了	72
打开	手机	58
打开	电脑	56
打开	后	55
打开	门	54
打开	方式	49
仅供	参考	72
元	左右	72
元	宇宙	67
元	以上	61
元	以下	59
元	器件	53
元	数据	51
没见	过	72
没见	到	53
钢铁	侠	72
钢铁	直男	46
钢铁	厂	46
在外	面	72
在外	地	56
在外	企	47
太大	了	72
现	阶段	72
现	在我	68
现	如今	66
现	在做	55
现	在他	55
现	行的	55
不明	白	72
不明	显	66
不明	确	60
不明	真相	54
不明	朗	52
不明	原因	48
某些	人	72
某些	方面	53
某些	时候	52
某些	地方	51
某些	地区	46
法	学院	72
法	国人	69
法	西斯	60
法	兰西	59
法	理学	59
法	庭上	58
法学	院	72
法学	专业	61
法学	家	52
法学	硕士	50
主持	人	72
都比	较	72
都比	不过	50
都比	我	47
针	对性	72
针	对于	59
针对	性	72
针对	于	59
总结	了	72
总结	出	68
总结	出来	64
总结	经验	53
总结	归纳	53
总结	如下	52
余额	宝	72
手	续费	72
手	里的	70
手	机上	69
手	术后	60
手	电筒	59
手	指头	57
手续	费	72
内心	的	72
内心	深处	64
内心	世界	59
内心	里	54
内心	独白	51
内心	戏	49
每次	都	72
每次	都是	63
每次	去	56
每次	在	51
每次	打开	47
分	别为	72
分	分钟	70
分	以上	68
分	不清	66
分	界线	66
分	公司	65
一线	城市	72
一线	品牌	51
一线	队	51
一线	大厂	48
一线	生机	46
更新	了	72
更新	一下	72
更新	的	70
更新	换代	58
更新	啦	57
更新	到	55
上面	说	72
上面	提到	69
上面	这些	63
上面	这个	59
上面	所说	57
上面	写着	55
优质	的	72
优质	资产	53
优质	蛋白	46
优质	生源	46
把他	们	72
把他	当	57
降	低了	72
降	下来	58
降	水量	52
降	雨量	50
降	落在	49
降	血糖	46
降低	了	72
降低	成本	62
降低	到	60
降低	风险	54
星	巴克	72
失败	的	72
失败	了	72
失败	者	60
失败	后	60
失败	率	48
有意	思	72
有意	义	66
有意	无意	61
有意	识	58
有意	见	58
有意	向	57
你是	不是	72
你是	否	70
你是	个	62
你是	一个	62
你是	在	59
你是	谁	58
有所	帮助	72
有所	不同	70
有所	了解	62
有所	下降	58
有所	区别	56
有所	改变	54
他就	是	72
他就	会	64
他就	是个	52
他就	把	48
发布	了	72
发布	会	69
发布	会上	61
发布	后	55
发布	在	53
发布	到	53
收	到了	72
收	录了	61
收	回来	56
收	不到	54
收	起来	54
收	藏品	53
收到	了	72
收到	过	52
收到	货	49
收到	一个	46
收到	邮件	46
三部	曲	72
三部	分	62
三部	电影	48
三部	作品	46
地理	位置	72
地理	学	57
地理	环境	53
地理	上	50
地理	优势	49
地理	信息	46
现金	流	72
现金	价值	60
现金	流量	48
搜索	引擎	72
搜索	结果	61
搜索	到	61
搜索	一下	58
搜索	框	58
搜索	功能	56
相信	我	72
相信	你	68
相信	自己	67
相信	大家	65
相信	了	57
相信	未来	50
要学	会	72
要学	习	62
要学	好	49
控制	的	72
控制	在	71
控制	了	65
控制	权	64
控制	住	63
控制	不住	63
较大	的	72
这门	课	72
这门	语言	53
严格	的	72
严格	来说	65
严格	按照	62
严格	执行	57
严格	要求	57
严格	控制	57
好好	的	72
好好	学习	69
好好	学	62
好好	地	61
好好	看看	57
好好	看	56
忘	记了	72
忘	不了	57
忘	不掉	51
忘	掉了	47
忘记	了	72
话语	权	72
提升	了	72
提升	自己	68
提升	到	63
提升	效率	54
提升	至	53
提升	空间	53
紧	接着	72
紧	跟着	53
紧	挨着	49
紧接	着	72
综上	所述	72
双	十一	72
双	眼皮	70
双	一流	69
双	学位	59
双	离合	59
双	胞胎	56
双十	一	72
双十	二	49
咨询	师	72
咨询	公司	66
咨询	我	58
咨询	一下	55
咨询	服务	54
咨询	顾问	51
处	理器	72
处	罚金	49
处理	器	72
处理	的	71
处理	方式	65
处理	好	63
处理	方法	60
处理	了	59
至少	在	72
至少	是	69
至少	有	69
至少	能	61
至少	也	52
至少	还有	52
零	基础	72
零	部件	62
零	花钱	61
零	售价	51
零	几年	50
零	成本	50
自由	的	72
自由	度	67
自由	选择	60
自由	主义	59
自由	职业	59
自由	意志	58
自动	化	72
自动	驾驶	69
自动	识别	64
自动	生成	60
自动	挡	56
自动	对焦	54
你看	看	72
你看	到	71
你看	我	61
你看	他	57
你看	着	56
你看	过	55
他没	有	72
估计	是	72
估计	会	59
估计	要	56
估计	就是	56
估计	就	55
估计	得	53
呈	现出	72
呈	现在	56
呈现	出	72
呈现	出来	62
呈现	在	56
自我	介绍	72
自我	意识	61
自我	怀疑	59
自我	感觉	58
自我	安慰	57
自我	评价	56
我都	会	72
我都	是	69
我都	觉得	62
我都	有	58
我都	要	58
我都	想	57
网	站上	72
网	球拍	57
网	球场	49
网	上看	46
网站	上	72
网站	设计	49
网站	链接	48
网站	建设	47
网站	内容	47
不多	说	72
不多	了	58
不多	见	55
不多	不少	50
陌	生人	72
陌	生的	65
陌生	人	72
陌生	的	65
陌生	感	47
不要	再	72
不要	去	70
不要	把	70
不要	用	69
不要	说	69
不要	太	68
做好	了	72
做好	准备	64
做好	事	53
做好	规划	48
做好	功课	46
我是	一个	72
我是	个	71
我是	在	66
我是	不是	65
我是	真的	65
我是	从	61
跨境	电商	72
跨境	卖家	48
跨境	支付	46
小学	生	72
小学	老师	53
小学	时	51
小学	毕业	51
小学	阶段	51
小学	时候	49
不合	适	72
不合	理	71
不合	格	67
不合	法	53
不合	群	52
不合	逻辑	50
一首	歌	72
一首	诗	57
一首	曲子	56
一首	歌曲	51
这可	能	72
这可	是	68
这可	以	59
缺点	是	72
整理	了	72
整理	的	70
整理	好	64
整理	出来	62
整理	出	62
整理	一下	59
转移	到	72
转移	支付	53
转移	了	52
转移	给	50
转移	话题	49
转移	至	49
犹太	人	72
犹太	教	52
一分	钟	72
一分	钱	68
这事	儿	72
这事	情	59
分数	线	72
分数	段	54
分数	是	53
比起	来	72
一口	气	72
一口	一个	57
一口	价	51
健身	房	72
健身	器材	56
健身	教练	54
健身	环	49
健身	运动	46
健身	卡	46
候	选人	72
候选	人	72
候选	者	59
变速	箱	72
变速	器	58
认	真的	72
认	为他	65
认	同感	60
认	为她	52
认	出来	50
认	出了	49
认真	的	72
认真	学习	63
认真	地	62
认真	对待	60
认真	思考	57
认真	负责	56
李	小龙	72
李	国庆	58
李	永乐	57
李	逍遥	57
李	老师	57
李	斯特	57
强烈	推荐	71
强烈	建议	69
强烈	要求	54
强烈	反对	53
强烈	安利	50
强烈	地	50
通	常会	71
通	过了	70
通	常在	63
通	过后	55
通	关了	54
通	不过	49
交易	所	71
交易	系统	70
交易	者	69
交易	员	68
交易	日	64
交易	量	60
不利	于	71
不利	影响	53
不利	索	49
不利	因素	48
恰恰	是	71
恰恰	相反	65
恰恰	说明	48
网络	上	71
网络	游戏	62
网络	小说	60
网络	安全	57
网络	平台	57
网络	环境	55
教育	部	71
教育	学	65
教育	机构	64
教育	资源	63
教育	行业	60
教育	局	60
电	动车	71
电	影院	71
电	吉他	63
电	磁场	62
电	钢琴	58
电	风扇	58
电动	车	71
电动	牙刷	69
电动	汽车	61
电动	力学	56
电动	机	56
电动	化	47
好处	是	71
幼儿	园	71
老年	人	71
老年	痴呆	51
理想	的	71
理想	主义	63
理想	化	61
理想	国	61
理想	中的	56
统计	学	71
统计	数据	63
统计	分析	59
统计	局	52
统计	方法	51
统计	力学	51
纳税	人	71
纳税	年度	48
纳税	申报	46
不满	意	71
不满	足	64
我很	喜欢	71
我很	想	58
我很	少	54
我很	高兴	50
我很	抱歉	48
我很	好	47
回	到了	71
回	来了	70
回	来的	66
回	到家	65
回	老家	64
回	去了	63
回到	了	71
回到	家	65
回到	正题	59
回到	过去	58
回到	宿舍	51
回到	现实	51
制造	业	71
制造	出	63
制造	了	63
制造	商	61
制造	出来	53
制造	工艺	51
神奇	的	71
神奇	女侠	56
神奇	宝贝	47
神奇	动物	46
神奇	地	46
旗	下的	71
旗下	的	71
商	学院	71
商	店里	52
商	用车	47
老爷	子	71
老爷	爷	60
老爷	们	54
德	国人	71
德	意志	68
德	拉诺	51
德	里克	49
德	尼罗	49
德国	人	71
德国	的	70
德国	队	60
德国	政府	47
德国	足球	46
你没	有	71
你没	法	50
你没	办法	48
你没	听错	46
医	生的	71
医	学院	68
医	学生	63
医	院里	60
医	学界	55
医	学部	49
医生	的	71
医生	说	71
医生	护士	53
拥	有了	71
拥	有的	69
拥	有着	60
拥有	了	71
拥有	的	69
拥有	着	60
拥有	者	56
考研	政治	71
考研	英语	68
考研	数学	59
考研	复习	56
考研	复试	55
考研	难度	55
一小	时	71
一小	部分	69
一小	段	59
一小	块	59
一小	撮	52
一小	节	52
开启	了	71
但不	是	71
但不	能	68
但不	代表	58
但不	一定	54
但不	管	51
但不	至于	48
过多	的	71
分析	一下	71
分析	师	69
分析	了	68
分析	题	65
分析	方法	62
分析	问题	60
满足	了	71
满足	感	63
满足	不了	59
满足	于	58
满足	你	56
满足	自己	56
好吃	的	71
好吃	好喝	46
相较	于	71
相较	之下	49
相较	而言	49
主观	题	71
主观	上	61
主观	性	58
主观	意识	51
主观	因素	50
主观	意愿	47
老太	太	71
老太	婆	53
欢迎	大家	71
欢迎	来	62
欢迎	你	60
欢迎	私信	59
欢迎	指正	58
欢迎	加入	54
请	不要	71
请	注意	70
请	大家	70
请	参考	64
请	各位	63
请	务必	62
我心	里	71
我心	中	62
我心	中的	56
行	业内	71
行	不行	65
行	为人	58
行	动力	58
行	不通	57
行	政法	57
词汇	量	71
是用	来	71
是用	于	55
便宜	的	71
便宜	了	60
便宜	很多	57
便宜	点	51
便宜	一点	50
便宜	货	50
发达	国家	71
发达	的	64
发达	地区	56
发达	了	51
发达	城市	46
几分	钟	71
销售	额	71
销售	人员	63
销售	渠道	60
销售	收入	57
销售	量	56
销售	员	54
也有	人	71
也有	可能	70
也有	了	69
也有	不少	69
也有	些	64
也有	着	64
可谓	是	71
生产	力	71
生产	线	63
生产	商	60
生产	者	60
生产	资料	57
生产	出	56
讲述	了	71
国	内外	71
国	科大	62
国	开行	55
国	内有	54
国	防部	47
国	行的	46
国内	外	71
国内	市场	63
国内	国外	55
国内	最大	55
国内	有	54
国内	企业	54
上大	学	71
上大	学了	47
减	少了	71
减	分项	49
减	小了	48
减	下来	46
减少	了	71
减少	到	49
多	一点	71
多	一些	70
多	年前	69
多	年来	68
多	少年	64
多	年后	63
一对	一	71
一对	多	51
一对	情侣	49
一对	夫妻	48
一对	二	46
心目	中	71
空间	站	71
空间	感	57
空间	上	57
空间	有限	52
空间	设计	48
空间	结构	47
而是	在	71
而是	因为	70
而是	要	68
而是	一个	65
而是	为了	62
而是	一种	62
究	竟是	71
究竟	是	71
究竟	是谁	53
究竟	有多	48
究竟	为何	46
保持	着	71
保持	在	67
保持	了	66
保持	一致	61
保持	稳定	57
保持	不变	56
去了	解	71
去了	医院	52
去了	一趟	51
去了	哪里	50
去了	美国	49
去了	北京	47
原来	是	71
原来	我	55
原来	在	52
原来	如此	51
原来	那个	48
原来	还有	47
作曲	家	71
于是	就	71
于是	乎	67
于是	你	62
于是	把	51
于是	将	46
比亚	迪	71
会成	为	71
快速	的	71
快速	发展	64
快速	地	62
快速	增长	57
快速	成长	56
快速	上手	54
展示	了	71
展示	自己	62
展示	出	58
展示	在	48
谢谢	大家	71
谢谢	你	66
谢谢	邀请	62
谢谢	你们	61
谢谢	各位	59
谢谢	您	50
不停	地	71
日常	生活	71
日常	使用	64
日常	工作	63
日常	饮食	49
日常	开销	48
日常	用品	47
不在	乎	71
不在	于	70
不在	意	66
不在	少数	64
不在	一个	59
不在	了	57
经过	了	71
经过	我	51
经过	训练	47
全都	是	71
全都	有	53
全都	要	48
吸	引力	71
吸	收了	63
吸	取了	52
吸	进去	47
吸引	力	71
吸引	了	69
吸引	人	67
吸引	到	63
吸引	我	63
吸引	眼球	58
错	过了	71
错	不了	46
错过	了	71
体制	内	71
体制	外	55
体制	下	51
卫生	间	71
卫生	纸	58
卫生	巾	56
卫生	部	51
卫生	条件	46
包括	了	71
包括	我	62
包括	现在	51
包括	你	49
包括	他	47
包括	美国	47
讲的	是	71
那些	人	71
那些	年	63
那些	事	58
那些	个	57
那些	事儿	55
那些	话	52
整	个人	71
整	本书	62
整	首歌	61
整	一个	51
整	句话	50
整	出来	48
整个	人	71
整个	过程	70
整个	世界	67
整个	行业	64
整个	人都	63
整个	故事	62
强迫	症	71
强迫	自己	62
强迫	思维	51
强迫	性	49
强迫	行为	46
站	起来	71
站	出来	69
站	起身	53
站	到了	50
算	不上	71
算	不算	70
算	下来	66
算	一个	63
算	出来	62
算	什么	62
适当	的	71
适当	地	55
适当	调整	49
适当	运动	47
适当	增加	46
应用	的	71
应用	程序	69
应用	场景	67
应用	于	66
应用	到	64
应用	商店	63
就很	难	71
就很	容易	67
就很	好	65
就很	少	57
十年	前	71
十年	后	62
十年	了	57
十年	以上	52
十年	之后	51
十年	间	51
活	下去	71
活	下来	66
活	生生	65
活	过来	52
活	不到	48
活	不了	47
汉	武帝	71
汉	文帝	56
汉	语言	53
汉	高祖	50
汉	文化	49
汉	族人	46
支持	的	71
支持	者	64
支持	下	61
支持	一下	60
支持	了	59
支持	你	58
理	工科	71
理	查德	60
理	清楚	54
理	事会	49
理	财险	48
理	学院	48
理工	科	71
理工	类	53
理工	大学	52
理工	男	52
理工	学院	49
五月	天	71
五月	份	53
我给	你	71
我给	他	60
我给	她	55
我给	自己	54
我给	你们	54
我给	你的	48
引	起了	71
引	发了	68
引	入了	66
引	进了	57
引	力场	56
引	路人	51
引起	了	71
引起	重视	51
引起	共鸣	48
引起	注意	47
引起	争议	46
引起	不适	46
身份	证	71
身份	认同	51
身份	地位	49
身份	证明	48
身份	认证	46
坚持	下去	71
坚持	了	66
坚持	到	57
坚持	着	56
坚持	不懈	56
坚持	做	55
偏向	于	71
似乎	是	71
似乎	没有	60
似乎	都	59
似乎	已经	57
似乎	有	55
似乎	有点	52
拒	绝了	71
拒绝	了	71
拒绝	你	50
拒绝	接受	48
杜	兰特	71
杜兰	特	71
编程	语言	71
编程	能力	59
编程	技术	46
有更	多的	71
有更	好的	67
有更	多	67
有更	大的	59
有更	高的	56
有更	新	46
二次	元	71
二次	创作	55
二次	开发	53
正因	为	71
正因	如此	59
增值	税	71
增值	服务	60
金字	塔	71
金字	招牌	52
肯	定的	71
肯	定了	53
肯	尼亚	52
肯	定在	48
因此	在	71
因此	而	62
因此	会	50
因此	有	48
绝	不是	71
绝	不会	68
绝	不能	60
绝	没有	47
绝	对性	46
绝不	是	71
绝不	会	68
绝不	能	60
绝不	可能	58
位置	的	71
位置	上	69
位置	在	51
位置	信息	50
位置	关系	49
思维	方式	71
思维	模式	64
思维	能力	59
思维	逻辑	54
思维	习惯	51
思维	方法	49
都是	为了	71
都是	一个	70
都是	可以	70
都是	以	70
都是	我	67
都是	要	66
客观	的	71
客观	上	65
客观	题	64
客观	事实	61
客观	存在	60
客观	地	59
学生	们	71
学生	会	69
学生	党	67
学生	在	64
学生	时代	64
学生	证	55
奇怪	的	71
奇怪	了	51
有钱	人	71
有钱	了	59
有钱	赚	53
二	十年	70
二	进制	60
二	十万	60
二	战后	59
二	十岁	58
二	年级	58
二十	年	70
二十	多年	62
二十	年前	60
二十	万	60
二十	分钟	59
二十	世纪	59
就比	较	70
就比	如	67
都只	是	70
都只	能	65
表面	上	70
表面	上看	58
表面	积	55
表面	张力	52
表面	温度	49
表面	处理	48
保	留了	70
保	留着	60
保	存在	58
保	住了	57
保	存了	56
保	不住	53
保留	了	70
保留	着	60
保留	在	48
我最	近	70
我最	喜欢	62
我最	爱	62
我最	终	52
我最	想	51
我最	讨厌	50
发展	到	70
发展	方向	67
发展	成	65
发展	起来	65
发展	前景	65
发展	了	64
百度	百科	70
百度	网盘	63
百度	一下	61
百度	搜索	61
百度	云	60
百度	贴吧	59
高	质量	70
高	强度	69
高	科技	67
高	性能	67
高	一些	67
高	一点	66
占据	了	70
占据	着	55
现代	人	70
现代	社会	67
现代	医学	65
现代	化	65
现代	汉语	60
现代	主义	58
努力	的	70
努力	学习	65
努力	了	64
努力	工作	60
努力	地	58
努力	奋斗	55
显示	器	70
显示	出	67
显示	的	64
显示	屏	63
显示	了	61
显示	出来	56
英	国人	70
英	格兰	68
英	特尔	65
英	语系	48
英	联邦	48
英	文书	46
英国	人	70
英国	政府	53
英国	留学	53
英国	伦敦	48
英国	本土	47
以为	自己	70
以为	是	69
以为	他	59
以为	我	56
以为	你	46
就如	同	70
确定	了	70
确定	性	64
确定	是	55
确定	为	53
北京	的	70
北京	大学	66
北京	市	64
北京	时间	59
北京	人	58
北京	上海	58
本	专业	70
本	赛季	67
本	就是	66
本	以为	65
本	可以	57
本	应该	57
证券	公司	70
证券	市场	60
证券	化	59
证券	法	55
证券	账户	54
证券	行业	54
对比	一下	70
对比	度	63
对比	图	60
对比	起来	50
对比	赛	50
对比	过	49
三国	志	70
三国	杀	67
三国	演义	65
三国	时期	53
三国	无双	49
三国	时代	47
豆瓣	评分	70
豆瓣	酱	51
豆瓣	小组	46
豆瓣	电影	46
身体	素质	70
身体	健康	68
身体	上	62
身体	状况	61
身体	不好	57
身体	状态	57
二维	码	70
二维	的	51
二维	平面	47
看着	我	70
看着	他	67
看着	她	62
看着	你	59
看着	就	56
看着	别人	51
成就	感	70
成就	了	66
自行	车	70
自行	判断	52
自行	脑补	51
自行	选择	51
自行	百度	51
自行	体会	48
作品	集	70
作品	里	66
奢侈	品	70
奢侈	品牌	53
奢侈	的	52
标准	化	70
标准	答案	64
标准	是	63
标准	版	57
标准	差	56
标准	和	55
得益	于	70
文件	夹	70
文件	的	63
文件	中	59
文件	系统	58
文件	名	56
文件	格式	54
但没	有	70
谁	知道	70
谁	都能	58
谁	都会	54
谁	又能	52
谁	也没	51
谁	还会	51
谁知	道	70
假如	你	70
假如	说	53
假如	是	51
假如	没有	49
假如	有	48
通过	了	70
通过	率	67
通过	考试	62
通过	学习	59
通过	网络	59
通过	观察	56
明明	是	70
明明	白白	64
明明	知道	56
明明	就是	55
明明	已经	51
看完	了	70
看完	之后	64
看完	后	61
看完	电影	53
辅	导员	70
辅导	员	70
辅导	班	62
辅导	书	58
辅导	机构	54
辅导	老师	53
辅导	讲义	48
回来	了	70
回来	的	66
回来	后	61
回来	之后	56
回来	以后	50
回来	就	50
厉害	的	70
厉害	了	60
厉害	之处	48
厉害	啊	46
她	自己	70
她	们的	69
她	没有	62
她	已经	62
她	觉得	61
她	就是	60
三分	之一	70
三分	球	64
三分	钟	64
三分	之二	62
三分	线	53
又没	有	70
又没	什么	46
就能	够	70
就能	把	63
就能	找到	61
就能	在	58
就能	明白	57
就能	买到	57
女主	角	70
女主	人	56
女主	播	49
比方	说	70
靠	自己	70
靠	什么	58
靠	这个	58
靠	不住	49
靠	关系	47
靠	努力	46
但这	种	70
但这	次	60
但这	不是	57
但这	一切	50
但这	一次	49
所带	来的	70
才会	有	70
才会	出现	59
才会	在	53
那是	因为	70
那是	我	60
那是	一种	55
那是	你	54
那是	个	54
那是	什么	53
都很	好	70
都很	难	68
都很	不错	62
都很	喜欢	58
都很	大	58
都很	强	57
马	斯克	70
马	克思	69
马	里奥	63
马	上要	63
马	赛克	60
马	路上	60
马斯	克	70
双眼	皮	70
相互	作用	70
相互	之间	58
相互	影响	55
相互	宝	55
相互	独立	54
相互	配合	50
认可	的	70
认可	度	68
认可	程度	46
依赖	于	70
依赖	性	57
依赖	关系	50
这并	不是	70
这并	非	55
上海	的	70
上海	话	64
上海	市	63
上海	人	63
上海	大学	61
上海	堡垒	55
或其	他	70
印象	深刻	70
印象	笔记	67
印象	中	66
印象	最深	64
印象	派	59
印象	很深	54
干	什么	70
干	掉了	62
干	不了	59
干	细胞	58
干	不过	57
干	这个	57
会更	好	70
会更	高	62
会更	多	57
会更	新	52
然	后又	70
然	而我	58
然	后要	50
在其	他	70
在其	中	68
净	利润	70
净	资产	61
净	收入	49
净	利率	49
净利	润	70
净利	率	49
记忆	的	70
记忆	力	65
记忆	中	61
记忆	里	59
记忆	法	57
记忆	方法	54
东	南亚	70
东	西方	56
东	三省	51
东	北部	50
东	突厥	49
东	亚人	49
东南	亚	70
东南	大学	63
东南	沿海	50
东南	部	47
东南	西北	47
亲身	经历	70
亲身	体验	57
亲身	体会	51
亲身	感受	47
不出	来	70
不出	意外	62
不出	现	54
不出	错	53
不出	门	53
不出	去	53
个性	化	70
个性	鲜明	47
陷	入了	70
陷	进去	47
陷入	了	70
陷入	困境	52
不光	是	70
不光	彩	49
幸运	的	70
幸运	儿	55
幸运	地	52
奥斯	卡	70
奥斯	曼	57
奥斯	汀	51
是他	们	70
高效	的	70
高效	率	62
高效	地	57
高效	学习	56
极高	的	70
起	来了	70
起	来的	70
起	到了	69
起	源于	67
起	作用	61
起	不到	57
起来	了	70
起来	的	70
起来	吧	48
给人	一种	70
给人	家	61
给人	以	59
给人	带来	58
给人	们	53
给人	留下	52
仅限	于	70
观察	到	70
观察	者	62
观察	了	56
观察	一下	56
观察	力	51
观察	着	47
移动	端	70
移动	的	63
移动	设备	59
移动	到	58
移动	支付	57
移动	速度	56
申请	人	70
申请	者	68
申请	了	65
申请	到	63
申请	专利	60
申请	材料	58
能力	强	70
能力	不足	61
能力	有限	60
能力	上	59
能力	不行	56
能力	差	56
才能	够	70
才能	让	65
才能	有	62
才能	获得	60
才能	把	59
才能	得到	59
局限	性	70
局限	于	68
局限	在	61
入门	级	70
入门	书	53
入门	教程	50
入门	者	50
入门	课程	49
男主	角	70
男主	人	50
男主	是	46
既	可以	70
既	没有	65
既	不是	63
既	不能	57
既	定的	56
既	不会	54
无人	机	70
无人	问津	60
无人	驾驶	58
无人	区	56
无人	知晓	51
无人	车	50
再也	没有	70
再也	不	65
再也	没	63
再也	不会	61
再也	无法	57
再也	不能	54
最大	化	70
最大	程度	66
最大	限度	64
最大	值	60
最大	回撤	59
最大	特点	54
传说	中的	70
传说	中	62
没看	过	70
没看	到	66
没看	懂	58
没看	见	58
没看	出来	54
没看	出	51
等同	于	70
出了	问题	70
出了	一个	65
出了	名	61
出了	事	57
出了	不少	50
出了	门	48
运营	商	70
运营	成本	59
运营	者	55
运营	管理	52
运营	助理	51
运营	总监	47
电脑	上	70
电脑	里	58
电脑	端	58
电脑	前	55
电脑	屏幕	54
电脑	椅	52
围	绕着	70
围	起来	48
围	观者	46
围绕	着	70
围绕	在	49
司马	懿	70
司马	光	67
司马	迁	67
司马	昭	55
司马	炎	51
司马	家	50
优越	感	70
优越	性	56
优越	的	53
反映	了	70
反映	出	65
反映	的	62
反映	在	56
反映	到	51
反映	出来	51
让人	觉得	70
让人	们	66
让人	家	59
让人	信服	51
让人	失望	51
让人	感动	50
取消	了	70
取消	订单	47
会因	为	70
经销	商	70
神经	网络	70
神经	元	69
神经	系统	64
神经	病	62
神经	细胞	56
神经	科学	56
想了	解	70
想了	想	68
想了	一下	58
想了	很久	53
想了	半天	50
家里	人	70
家里	有	66
家里	没有	54
家里	面	54
家里	有钱	51
家里	蹲	49
跟他	们	70
跟他	说	64
宇航	员	70
宇航	服	50
一张	图	70
一张	照片	62
一张	纸	58
一张	牌	56
一张	张	56
一张	嘴	56
公认	的	70
满意	的	70
满意	度	57
满意	了	51
超级	英雄	70
超级	碗	61
超级	玛丽	54
超级	巨星	53
超级	棒	53
超级	无敌	51
学校	里	70
学校	是	60
学校	老师	57
学校	在	57
学校	排名	56
学校	附近	55
不值	得	70
不值	钱	62
不值	一提	61
不值	当	49
上升	到	70
上升	了	57
上升	期	54
上升	趋势	53
上升	通道	52
上升	至	51
会给	你	70
会给	出	56
会给	予	49
企业	家	70
企业	文化	64
企业	内部	57
企业	管理	57
企业	中	57
企业	级	56
原	材料	70
原	作者	66
原	本是	66
原	住民	61
原	则是	61
原	子弹	60
手里	的	70
手里	有	60
手里	拿着	56
手里	拿	48
讲	故事	70
讲	道理	69
讲	一下	69
讲	清楚	66
讲	一个	63
讲	什么	62
这还	是	69
这还	只是	57
这还	不是	56
这还	不算	54
这还	不够	51
这还	不	50
新	东方	69
新	概念	69
新	能源	69
新	媒体	68
新	技术	68
新	时代	67
展	现出	69
展	开了	68
展	会上	46
展现	出	69
展现	了	68
展现	出来	63
换	一个	69
换	成了	68
换	来的	64
换	了个	60
换	工作	60
换	来了	56
跳	出来	69
跳	起来	60
跳	转到	59
跳	下去	57
跳	出了	51
跳	下来	50
跳出	来	69
跳出	了	51
跳出	去	48
恨	不得	69
恨	自己	50
恨	不能	49
祝	大家	69
祝	各位	59
祝	你们	53
祝	好运	49
买	东西	69
买	保险	69
买	不起	68
买	一个	68
买	回来	67
买	不到	65
你的	问题	69
你的	简历	62
你的	人	62
你的	钱	62
你的	生活	61
你的	名字	61
后来	发现	69
后来	就	63
后来	者	61
后来	觉得	53
后来	人	52
后来	还是	52
不靠	谱	69
洗衣	机	69
洗衣	服	60
洗衣	液	59
洗衣	粉	55
洗衣	房	47
技术	和	69
技术	上	69
技术	分析	67
技术	人员	66
技术	含量	65
技术	水平	64
她们	的	69
她们	都	51
她们	说	49
她们	家	47
她们	俩	46
编辑	器	69
编辑	部	58
编辑	了	46
流浪	地球	69
流浪	汉	59
流浪	猫	55
流浪	狗	53
流浪	者	52
参考	文献	69
参考	书	69
参考	资料	67
参考	价值	66
参考	系	61
参考	书目	61
实用	性	69
实用	的	69
实用	主义	56
实用	新型	54
实用	价值	53
实用	功能	49
广泛	的	69
广泛	应用	58
广泛	使用	56
广泛	地	51
广泛	传播	50
广泛	认可	50
构	成了	69
构	建起	51
构	造出	49
构成	了	69
构成	犯罪	50
构成	要件	48
多年	前	69
多年	来	68
多年	后	63
多年	以后	59
多年	以来	52
多年	以前	47
定义	为	69
定义	成	50
定义	上	46
布	鲁斯	69
布	莱克	54
布	莱恩	53
布	拉格	53
布	洛克	52
布	拉德	52
布鲁	斯	69
布鲁	克	50
布鲁	诺	49
布鲁	克林	46
布鲁	塞尔	46
经纪	人	69
经纪	公司	59
经纪	业务	50
经纪	商	48
多余	的	69
看了	一下	69
看了	看	69
看了	下	68
看了	一眼	66
看了	一遍	60
看了	眼	57
学	英语	69
学	生在	64
学	到了	64
学	起来	64
学	什么	64
学	不会	64
打破	了	69
那你	就	69
那你	说	53
那你	就是	51
那你	就要	48
那你	也	47
那你	还	46
做起	来	69
做起	了	54
那会	儿	69
讲道	理	69
项目	中	69
项目	经理	69
项目	管理	66
项目	经验	64
项目	组	63
项目	是	61
保证	了	69
保证	金	66
保证	续保	54
保证	人	50
保证	质量	50
保证	不	48
短期	内	69
短期	记忆	50
短期	利益	46
张	无忌	69
张	麻子	63
张	朝阳	56
张	小龙	56
张	老师	56
张	先生	53
多数	人	69
多数	是	61
多数	时候	53
道	路上	69
道	出了	51
道路	上	69
不等	于	69
不等	式	57
一半	的	69
一半	是	58
一半	了	52
一半	左右	51
一半	人	49
一半	多	47
一共	有	69
一共	是	56
一共	才	49
一共	只有	47
优惠	券	69
优惠	政策	58
优惠	活动	55
优惠	力度	54
优惠	的	53
优惠	价	47
在此	之前	69
在此	期间	61
在此	处	55
在此	之后	54
在此	时	54
在此	前	53
中科	院	69
中科	大	65
根据	你	69
根据	地	57
根据	需要	54
根据	需求	54
根据	其	53
根据	我们	50
几百	万	69
几百	年	67
几百	块	66
几百	个	64
几百	块钱	60
几百	人	58
涵盖	了	69
劳动	者	69
劳动	力	68
劳动	法	59
劳动	合同	59
劳动	人民	56
劳动	成果	54
诞	生了	69
诞	生于	61
诞生	了	69
诞生	于	61
诞生	之初	50
实	用的	69
实	话说	58
实	则是	55
建筑	师	69
建筑	物	65
建筑	学	63
建筑	设计	62
建筑	行业	54
建筑	风格	53
参与	者	69
参与	了	69
参与	到	66
参与	过	62
参与	其中	58
参与	感	56
不开	心	69
不开	放	49
不开	玩笑	48
不开	门	46
联系	方式	69
联系	起来	65
联系	我	64
联系	了	63
联系	到	62
联系	人	59
大约	是	69
大约	在	64
大约	有	61
至	少有	69
模拟	题	69
模拟	器	66
模拟	卷	61
模拟	考试	57
模拟	考	52
模拟	出	50
求职	者	69
求职	意向	47
形式	的	69
形式	上	64
形式	主义	59
形式	化	51
形式	逻辑	47
社	会上	69
如何	看待	69
如何	评价	68
如何	选择	68
如何	去	66
如何	做	64
如何	让	64
高强	度	69
产业	链	69
产业	升级	58
产业	化	53
产业	发展	53
产业	结构	51
产业	园	47
法国	人	69
法国	队	52
法国	巴黎	48
法国	政府	46
单独	的	69
单独	购买	47
避免	了	69
避免	不了	56
一家	人	69
一家	三口	56
一家	子	54
一家	人的	49
一家	是	49
一家	银行	48
为数	不多	69
不行	的	69
不行	了	68
不行	吗	59
不行	啊	58
不行	的话	48
不行	不行	48
高尔	夫	69
较好	的	69
年终	奖	69
继承	了	69
继承	人	65
继承	者	56
继承	权	51
继承	自	46
有大	量	69
有大	量的	68
有大	把	53
有大	的	50
有大	批	49
有大	约	48
话说	回来	69
哲	学家	69
哲	学系	51
哲学	家	69
哲学	思想	55
哲学	史	54
哲学	系	51
哲学	上	50
优	缺点	69
优	化了	57
优	劣势	57
优	美的	57
优	先于	50
很轻	松	69
好用	的	69
联	想到	69
联	想起	49
联	合体	46
联想	到	69
联想	起	49
青	少年	69
青	铜器	59
青	霉素	52
青	壮年	51
起到	了	69
赛博	朋克	69
赛博	坦	50
太难	了	69
太难	受了	51
太难	看	47
听说	过	69
听说	读写	59
听说	了	56
听说	是	54
听说	你	53
听说	有	53
积极	的	69
积极	性	66
积极	向上	59
积极	地	57
积极	参与	56
积极	主动	53
用手	机	69
用手	指	60
摇滚	乐	69
摇滚	乐队	59
摇滚	音乐	47
摇滚	歌手	47
摇滚	圈	46
摇滚	精神	46
十分	钟	69
十分	重要	64
十分	的	64
十分	之一	61
十分	明显	55
十分	有限	53
迎	来了	69
迎来	了	69
排行	榜	69
那也	是	69
那也	不是	46
那也	得	46
有条	件	69
有条	理	59
马克	思	69
马克	斯	52
马克	笔	50
马克	龙	47
马克	杯	46
手机	上	69
手机	里	65
手机	端	64
手机	号	64
手机	厂商	60
手机	游戏	59
形容	词	69
据我	所知	69
据我	了解	60
据我	观察	55
我在	这里	69
我在	想	60
我在	这	55
我在	家	54
我在	看	53
我在	北京	51
来访	者	69
截然	不同	69
截然	相反	57
圈子	里	69
聪明	的	69
聪明	人	64
聪明	才智	50
银行	卡	69
银行	业	66
银行	存款	62
银行	账户	60
银行	贷款	58
银行	理财	56
通货	膨胀	69
通货	紧缩	53
恭喜	你	69
先	不说	69
先	看看	66
先	说说	66
先	了解	63
先	行者	58
先	不要	57
由此	可见	69
由此	可知	49
由此	看来	48
由此	而来	47
由此	引发	46
路由	器	69
不接	受	69
不接	触	50
曾经	在	69
曾经	是	66
曾经	说过	64
曾经	有	61
曾经	有过	57
曾经	做过	55
翻	译成	69
翻	出来	62
翻	译为	60
翻	白眼	52
翻	过来	51
翻	一下	51
翻译	成	69
翻译	为	60
翻译	一下	58
翻译	软件	51
翻译	公司	50
翻译	家	48
开	玩笑	69
开	发了	66
开	发出	64
开	一个	62
开	了个	61
开	起来	60
轻松	的	69
轻松	地	61
轻松	愉快	56
轻松	了	53
轻松	搞定	52
轻松	一点	50
短时	间	69
短时	记忆	47
从小	就	69
从小	学	59
居然	是	69
居然	还	66
居然	有	61
居然	还有	61
居然	没有	58
居然	在	55
同龄	人	69
上半	年	69
上半	场	67
上半	身	63
上半	部分	51
会发	生	69
成立	了	69
成立	于	68
成立	时间	54
成立	以来	52
成立	后	50
成立	之初	47
制片	人	69
制片	方	53
制片	厂	49
制片	主任	46
功能	性	69
功能	上	63
功能	是	61
功能	强大	60
功能	测试	59
功能	模块	54
大大	的	69
大大	小小	68
大大	提高	65
大大	降低	64
大大	增加	63
大大	减少	57
以及	其他	69
以及	它们	51
把它	们	69
把它	当	60
超越	了	69
超越	自己	49
云	计算	69
云	服务	61
云	天明	56
云	平台	55
云	原生	53
云	存储	52
运气	好	69
运气	不好	61
运气	成分	53
乔	布斯	69
乔	安娜	51
乔	帮主	47
乔	伊斯	46
打个	比方	69
打个	电话	56
打个	广告	55
打个	招呼	52
打个	问号	46
他是	一个	69
他是	个	68
他是	不是	57
他是	我	53
挺多	的	68
挺多	人	49
展开	了	68
展开	讨论	50
充斥	着	68
放在	一起	68
放在	了	67
放在	心上	57
放在	眼里	52
放在	前面	50
放在	一边	50
自认	为	68
打工	人	68
打工	的	61
打工	仔	56
打工	者	49
则	需要	68
则	可以	67
则	认为	58
则	可能	55
则	完全	54
则	不同	53
也能	够	68
也能	用	57
也能	做	54
总会	有	68
满满	的	68
满满	当当	54
模式	下	68
模式	中	56
模式	化	51
模式	识别	50
痛苦	的	68
痛苦	地	52
痛苦	不堪	49
痛苦	了	48
劳	动力	68
劳	力士	61
劳	伦斯	57
很早	就	68
很早	以前	54
很早	之前	54
能拿	到	68
局	限于	68
局	外人	58
考	上了	68
考	不上	66
考	什么	60
考	过了	57
考	生在	56
考	一个	56
考上	了	68
考上	大学	55
考上	研	49
考上	清北	47
他只	是	68
他只	要	51
他只	想	47
微	生物	68
微	积分	68
微	软的	65
微	信号	65
微	小的	62
微	笑着	58
代理	人	68
代理	商	67
代理	公司	55
代理	机构	53
代理	记账	50
代理	费	50
工业	化	68
工业	设计	63
工业	界	62
工业	革命	62
工业	品	56
工业	生产	54
不低	于	68
变得	更加	68
变得	更	67
变得	更好	61
变得	非常	58
变得	很	53
变得	简单	52
清华	大学	68
清华	北大	64
清华	简	48
清华	美院	46
费	德勒	68
费	时间	55
费	莱尼	51
阅读	器	68
阅读	理解	68
阅读	量	66
阅读	能力	58
阅读	时	56
阅读	题	56
训练	营	68
训练	中	60
训练	计划	60
训练	方法	60
训练	师	57
训练	量	56
电磁	波	68
电磁	场	62
电磁	炉	57
电磁	学	57
电磁	力	53
电磁	炮	50
面临	着	68
流行	音乐	68
流行	乐	59
流行	歌曲	58
流行	文化	57
流行	起来	55
流行	歌	54
才有	了	68
才有	可能	68
才有	意义	56
才有	用	49
才有	效	46
无限	的	68
无限	制	57
无限	大	56
无限	循环	53
无限	接近	53
无限	放大	51
这道	题	68
这道	菜	59
设置	的	68
设置	了	67
设置	为	65
设置	好	61
设置	一个	58
设置	成	58
优点	是	68
实体	店	68
实体	经济	62
实体	书	56
实体	书店	52
实体	版	48
实体	卡	48
你想	要	68
你想	想	67
你想	不想	50
你想	啊	49
你想	多了	48
你想	了解	46
犬	夜叉	68
二级	市场	68
二级	学科	57
飞行	员	68
飞行	器	65
飞行	速度	48
飞行	任务	46
飞行	时间	46
限制	了	68
限制	在	56
限制	条件	54
限制	住	52
限制	性	50
用人	单位	68
用人	部门	48
他本	人	68
他本	身	57
他本	来	53
公	开课	68
公	司法	64
公	园里	54
公	正的	54
公	路上	52
公	权力	52
公开	课	68
公开	场合	55
公开	透明	50
公开	发行	50
公开	信	49
公开	数据	49
当地	人	68
当地	政府	57
当地	时间	53
当地	居民	52
记	住了	68
记	录的	68
记	笔记	67
记	不住	67
记	下来	65
记	单词	62
记住	了	68
记住	你	53
托	马斯	68
托	雷斯	55
托	付给	52
托	关系	49
托马	斯	68
男孩	子	68
男孩	儿	47
桌子	上	68
积	累了	68
积	极性	66
积	极地	57
积累	了	68
积累	经验	60
积累	到	53
他不	是	68
他不	会	63
他不	仅	59
他不	知道	58
他不	能	55
他不	想	54
一年	后	68
一年	多	68
一年	半	65
一年	前	64
一年	内	62
一年	级	61
兴趣	爱好	68
兴趣	班	58
兴趣	所在	47
志愿	者	68
志愿	军	60
志愿	填报	50
沉浸	在	68
沉浸	感	56
沉浸	式	55
沉浸	于	51
沉浸	其中	49
太少	了	68
及	以上	68
及	其他	65
及	以下	55
及	各种	47
停下	来	68
停下	脚步	51
停下	了	49
一起	去	68
一起	玩	66
一起	来	63
一起	看	60
一起	吃饭	59
一起	做	59
切尔	西	68
小红	书	68
小红	点	51
小红	花	49
小红	帽	49
到处	都是	68
到处	是	55
到处	跑	54
到处	找	54
到处	都有	53
到处	都	53
循序	渐进	68
传送	门	68
传送	到	54
传送	带	48
脑	海里	68
脑	细胞	59
脑	回路	57
脑	震荡	56
脑	组织	51
脑	出血	51
脑海	里	68
脑海	中	68
本地	人	68
本地	化	61
本地	区	49
引发	了	68
网易	云	68
网易	游戏	52
网易	新闻	51
网易	邮箱	48
不公	平	68
不公	平的	59
不公	开	53
不公	正	53
不公	布	48
事业	单位	68
事业	编	58
事业	部	57
事业	群	50
事业	发展	49
事业	编制	48
人都	知道	68
人都	会	63
人都	有	59
人都	在	58
人都	喜欢	46
一致	性	68
一致	的	66
一致	认为	54
一致	好评	48
养老	金	68
养老	保险	61
养老	院	56
养老	社区	46
内容	是	68
内容	上	64
内容	包括	59
内容	丰富	55
内容	时	51
内容	后	51
岂	不是	68
这份	工作	68
这份	爱	47
这份	感情	47
相反	的	68
相反	方向	46
抓	住了	68
抓	到了	55
抓	不住	55
抓	起来	54
抓	不到	51
抓	重点	49
抓住	了	68
抓住	机会	58
抓住	重点	49
乌	克兰	68
发表	了	68
发表	在	62
发表	论文	56
发表	于	56
发表	意见	52
发表	文章	51
膝	关节	68
惊	人的	68
惊	呆了	58
惊	动了	49
惊人	的	68
医学	院	68
医学	生	63
医学	上	56
医学	界	55
医学	知识	52
医学	专业	52
要做	到	68
要做	好	67
要做	什么	59
方向	盘	68
方向	是	62
方向	走	57
方向	性	55
方向	去	54
方向	相反	51
选	一个	68
选	专业	60
选	出来	58
选	什么	55
选	错了	54
选	学校	54
咖啡	馆	68
咖啡	豆	68
咖啡	因	67
咖啡	机	64
咖啡	店	64
咖啡	厅	62
动画	片	68
动画	电影	62
动画	里	59
动画	版	55
动画	制作	55
动画	公司	53
极少	数	68
极少	的	54
塞尔	达	68
塞尔	维亚	64
历年	真题	68
历年	来	49
难道	不是	68
难道	是	65
难道	你	60
难道	就	56
难道	我	53
难道	说	51
具有	一定	68
具有	良好	54
具有	较强	52
具有	高度	50
理由	是	68
理由	如下	54
化妆	品	68
化妆	师	54
具体	情况	68
具体	来说	64
具体	内容	63
具体	分析	62
具体	操作	61
具体	是	59
不觉	得	68
四	六级	68
四	个人	66
四	个月	63
四	年前	58
四	人间	57
四	五个	57
命中	率	68
命中	注定	54
多样	性	68
多样	化	66
吃	起来	68
吃	东西	67
吃	什么	62
吃	多了	62
吃	完了	60
吃	火锅	60
黑	科技	68
黑	龙江	63
黑	胡桃	62
黑	咖啡	61
黑	历史	61
黑	社会	61
化合	物	68
化合	价	48
远	高于	68
远	不如	67
远	大于	66
远	低于	63
远	没有	62
远	距离	61
智能	手机	68
智能	化	64
智能	家居	60
智能	手表	59
智能	电视	57
智能	机	55
记录	的	68
记录	下来	67
记录	下	62
记录	一下	56
记录	着	52
记录	生活	50
比我	们	68
比我	还	55
比我	好	53
比我	大	53
比我	的	51
比我	强	48
少	不了	68
少	部分	68
少	一些	64
少	一点	62
少	很多	61
少	年时	55
人际	关系	68
人际	交往	58
董事	长	68
董事	会	66
红楼	梦	68
那句	话	68
那句	老话	47
探测	器	68
竟然	是	68
竟然	还	62
竟然	有	58
竟然	没有	58
竟然	会	50
竟然	把	47
优先	级	68
优先	考虑	64
优先	选择	61
优先	股	61
优先	权	52
优先	于	50
医院	的	68
医院	里	60
医院	检查	51
医院	就诊	51
医院	医生	47
医院	治疗	46
名字	叫	68
名字	里	52
有名	的	68
有名	气	47
有名	气的	47
赚到	钱	68
赚到	了	58
最小	的	68
最小	化	57
最小	值	55
最小	单位	46
自闭	症	68
充分	的	68
充分	利用	67
充分	发挥	61
充分	了解	57
充分	说明	55
充分	体现	55
方	法是	68
方	程式	60
方	文山	60
方	向来	47
方	大同	47
还真	是	68
还真	有	58
还真	没有	47
古典	音乐	68
古典	乐	56
古典	主义	56
古典	吉他	51
古典	文学	49
古典	时期	46
下来	了	68
可是	我	68
可是	他	63
可是	你	60
可是	她	56
可是	有	52
可是	要	51
很难	受	68
很难	说	67
很难	想象	64
很难	找到	63
很难	有	61
很难	过	60
深刻	的	68
深刻	理解	56
深刻	地	54
深刻	影响	50
直到	现在	68
直到	今天	63
直到	我	63
直到	最近	50
交互	设计	68
交互	式	56
交互	方式	53
交互	性	49
课	堂上	68
课	代表	54
课堂	上	68
课堂	教学	48
课堂	笔记	48
氨基	酸	68
哔哩	哔哩	68
出发	点	68
出发	的	59
出发	前	54
出发	去	52
出发	了	52
但也	有	68
但也	是	67
但也	不是	61
但也	不能	56
但也	要	56
但也	没有	55
些	什么	68
屏幕	上	68
屏幕	尺寸	52
屏幕	素质	51
屏幕	显示	50
卡夫	卡	68
学术	界	68
学术	研究	62
学术	上	60
学术	水平	59
学术	圈	59
学术	论文	58
充足	的	68
换成	了	68
这笔	钱	68
引体	向上	68
复杂	度	68
复杂	性	66
复杂	程度	59
复杂	化	55
复杂	得多	52
复杂	系统	52
一瞬	间	68
政治	正确	68
政治	家	64
政治	上	60
政治	学	58
政治	斗争	57
政治	制度	54
两年	前	68
两年	后	66
两年	了	61
两年	多	58
两年	半	55
两年	内	55
据	说是	68
据	统计	60
据	了解	58
据	说有	52
据	报道	50
据	估计	47
据说	是	68
据说	有	52
据说	在	49
购	买了	68
购	买到	50
购	买方	47
购买	了	68
购买	力	63
购买	者	56
购买	时	54
购买	商品	51
购买	到	50
不止	是	68
不止	一次	65
不止	一个	60
不止	于此	51
不止	有	50
多元	化	68
多元	宇宙	53
多元	文化	46
主教	练	68
马上	就	68
马上	就要	64
马上	要	63
马上	就会	54
马上	开始	50
马上	去	49
不正	常	68
不正	确	65
不正	是	58
不正	经	54
你还	是	68
你还	可以	66
你还	要	65
你还	能	63
你还	会	61
你还	得	61
直播	间	68
直播	带货	57
直播	平台	55
直播	里	46
可靠	性	68
可靠	的	66
我爸	妈	68
我爸	爸	62
我爸	的	57
我爸	说	56
我爸	是	49
空气	中	67
空气	质量	55
空气	炸	54
空气	污染	53
空气	阻力	53
空气	悬架	53
也还	是	67
也还	好	55
也还	在	49
也还	没有	47
也还	能	46
关心	的	67
关心	你	52
转换	成	67
转换	为	66
转换	器	51
转换	到	51
转换	率	46
说法	是	67
不懂	的	67
不懂	得	64
不懂	事	56
不懂	行	47
富	二代	67
低	成本	67
低	一些	63
低	风险	59
低	一点	59
低	很多	58
低	血糖	56
两本	书	67
就来	了	67
就来	自	48
字幕	组	67
生物	学	67
生物	化学	57
生物	体	56
生物	钟	56
生物	学家	54
生物	制剂	53
广告	主	67
广告	投放	66
广告	费	63
广告	公司	61
广告	位	57
广告	商	55
是由	于	67
著作	权	67
著作	中	50
合	理性	67
合	起来	57
合	理化	56
合	作者	55
合	并为	51
合	工大	49
整体	上	67
整体	性	60
整体	来看	58
整体	而言	56
整体	感觉	53
整体	实力	53
一晚	上	67
一整	天	67
一整	套	65
一整	个	64
一整	块	50
一整	晚	49
一整	夜	46
反倒	是	67
都能	够	67
都能	找到	65
都能	看到	62
都能	用	59
都能	做	57
都能	做到	57
南	科大	67
南	北朝	55
南	美洲	54
南	半球	51
南	师大	51
南	理工	47
莫	过于	67
莫	斯科	64
莫	里斯	59
莫	小贝	54
莫	不是	51
实质	上	67
实质	性	56
实质	审查	47
看见	了	67
看见	我	57
看见	他	56
看见	一个	54
看见	你	53
看见	过	52
高科	技	67
货币	基金	67
货币	政策	67
货币	贬值	52
货币	体系	51
货币	市场	51
货币	发行	49
我的	看法	67
我的	朋友	64
我的	心	64
我的	理解	63
我的	感受	62
我的	手	62
又如	何	67
电商	平台	67
电商	行业	55
见	到了	67
见	下图	61
见	不到	59
见	到他	54
见	不得	52
见	到我	50
见到	了	67
见到	过	56
见到	他	54
见到	她	51
见到	我	50
见到	你	49
压力	大	67
压力	下	60
压力	过大	51
压力	山大	51
压力	测试	51
压力	更大	47
灵	活性	67
灵活	性	67
灵活	运用	59
灵活	度	55
灵活	就业	49
灵活	地	49
灵活	多变	48
造就	了	67
为他	们	67
甚	至于	67
上去	了	67
听到	了	67
听到	这个	51
听到	什么	46
子	公司	67
子	系统	56
子	查询	49
改成	了	67
太阳	系	67
太阳	能	60
太阳	质量	57
太阳	光	56
太阳	队	55
太阳	穴	54
长大	的	67
长大	了	67
长大	后	65
长大	以后	51
长大	成人	50
长大	之后	50
没用	的	67
没用	过	66
没用	了	55
持续	更新	67
持续	了	66
持续	性	64
持续	到	62
持续	时间	61
持续	不断	56
很长	时间	67
很长	很长	50
两方	面	67
社交	媒体	67
社交	网络	64
社交	平台	63
社交	软件	60
社交	网站	56
社交	圈	54
从这	里	67
从这	一点	59
大幅	度	67
大幅	提升	61
大幅	提高	57
大幅	下降	57
大幅	降低	55
大幅	增加	54
老人	家	67
老人	们	52
老人	小孩	46
原子	核	67
原子	弹	60
原子	轨道	47
原子	钟	47
原子	性	46
韩	国人	67
韩	菱纱	50
韩国	人	67
韩国	电影	55
韩国	队	54
韩国	政府	46
很痛	苦	67
提问	者	67
提问	题	51
兄弟	们	67
兄弟	姐妹	61
兄弟	会	58
兄弟	俩	53
兄弟	情	48
一时	间	67
一时	的	61
一时	兴起	54
一时	之间	52
一时	爽	51
一时	冲动	50
文学	作品	67
文学	家	58
文学	史	57
文学	性	57
文学	创作	54
文学	院	51
现成	的	67
也说	了	67
也说	明	57
也说	不定	55
理财	产品	67
理财	经理	51
理财	师	50
理财	方式	49
理财	险	48
理财	规划	46
脱离	了	67
脱离	实际	49
脱离	现实	49
这家	店	67
这家	伙	64
这家	企业	54
这家	人	49
他也	是	67
他也	会	61
他也	有	52
他也	没	52
他也	知道	50
他也	可以	47
挺大	的	67
五	分钟	67
五	个人	63
五	年前	59
五	六年	58
五	十年	58
五	个月	56
五分	钟	67
五分	之一	56
大佬	们	67
加分	项	67
加分	不少	47
人群	中	67
剧场	版	67
块钱	的	67
块钱	左右	52
它就	是	67
食物	的	67
食物	中	59
食物	链	56
食物	残渣	54
食物	中毒	50
无意	义	67
无意	识	63
无意	中	62
无意	间	62
架构	师	67
架构	设计	56
架构	图	51
成交	量	67
成交	价	56
成交	额	54
成交	金额	49
成交	价格	49
成交	了	47
委员	会	67
且	不说	67
且	没有	58
且	不论	54
且	具有	50
且	需要	50
且	可以	49
系统	中	67
系统	性	67
系统	学习	64
系统	化	63
系统	地	60
系统	会	59
再来	看	67
再来	看看	66
再来	说	58
再来	一次	57
再来	个	56
再来	一个	54
物质	的	67
物质	上	55
物质	生活	53
物质	基础	52
物质	条件	52
不见	得	67
不见	了	62
不见	踪影	47
维基	百科	67
是好	事	67
是好	人	52
预告	片	67
驾驶	员	67
驾驶	舱	55
驾驶	者	54
驾驶	感受	52
驾驶	证	52
驾驶	乐趣	51
起源	于	67
人类	社会	67
人类	文明	65
人类	历史	57
人类	学	56
人类	活动	55
人类	世界	52
线性	代数	67
线性	的	58
线性	回归	52
线性	变换	49
线性	关系	49
线性	组合	48
殖民	地	67
殖民	者	54
殖民	主义	46
不打	算	67
不打	折	51
不打	扰	49
并非	是	67
并非	如此	58
业务	员	67
业务	能力	63
业务	部门	62
业务	逻辑	60
业务	流程	59
业务	模式	58
影视	剧	67
影视	作品	65
影视	行业	56
影视	公司	54
影视	圈	51
影视	化	49
总是	会	67
总是	在	65
总是	要	62
总是	能	60
总是	有	58
总是	觉得	53
结合	起来	67
结合	了	64
结合	自身	57
结合	体	54
结合	实际	49
结合	使用	48
根	本就	67
根	本性	56
根	本是	55
纯粹	是	67
孤独	的	67
孤独	感	55
孤独	症	54
孤独	地	51
好奇	心	67
好奇	的	59
好奇	怪	50
好奇	地	47
故事	中	67
故事	里	66
故事	情节	64
故事	线	61
故事	性	59
故事	背景	59
深入	了解	67
深入	研究	63
深入	的	62
深入	人心	61
深入	到	56
深入	分析	53
中文	版	67
中文	翻译	59
中文	系	57
中文	名	57
中文	意思	56
中文	字幕	53
跟你	说	67
跟你	们	57
跟你	讲	54
跟你	一样	54
跟你	一起	51
跟你	谈	47
直升	机	67
家族	信托	67
家族	企业	54
家族	成员	54
家族	中	52
家族	史	52
过来	人	67
过来	了	63
博士	生	67
博士	学位	62
博士	后	59
博士	论文	58
博士	点	57
变形	金刚	67
变形	记	49
变形	了	47
不平	衡	67
不平	等	62
不平	凡	50
恐怖	的	67
恐怖	片	65
恐怖	分子	59
恐怖	袭击	51
恐怖	电影	50
恐怖	主义	47
感谢	大家	67
感谢	你	60
感谢	邀请	58
感谢	我	58
感谢	您	53
感谢	你们	51
帮	我们	67
帮	大家	63
帮	他们	62
帮	别人	55
帮	你们	54
帮	客户	50
帮我	们	67
直	通车	67
直	到我	63
直	接到	56
直	接地	47
直通	车	67
与我	们	67
与我	无关	49
与我	国	47
做得	好	67
做得	很好	60
做得	更好	58
做得	到	57
做得	不错	54
做得	不好	53
深	深的	67
深	入的	62
深	呼吸	60
深	层次	60
深	厚的	59
深	爱着	51
深深	的	67
深深	地	62
深深	吸引	47
他现	在	67
一条	路	67
一条	线	61
一条	直线	59
一条	龙	58
一条	条	58
一条	街	56
视觉	上	67
视觉	效果	66
视觉	设计	56
视觉	中国	55
视觉	的	54
视觉	体验	51
速度	快	67
速度	慢	59
速度	很快	58
速度	更快	56
速度	比	53
速度	最快	51
上个	月	67
上个	世纪	63
上个	赛季	50
上个	厕所	47
进去	了	67
进去	之后	55
进去	后	53
进去	看看	46
始终	是	67
始终	没有	59
始终	保持	58
始终	认为	55
始终	觉得	53
始终	坚持	50
想通	过	67
想通	了	56
欧洲	人	67
欧洲	杯	62
欧洲	国家	58
欧洲	大陆	56
欧洲	各国	52
欧洲	市场	49
不妨	碍	67
不妨	看看	53
不妨	试试	53
共同	点	67
共同	体	58
共同	进步	54
共同	努力	54
共同	富裕	52
共同	成长	52
会变	得	67
比利	时	67
比利	亚	50
执行	力	67
执行	者	56
执行	任务	55
执行	董事	52
执行	能力	51
执行	计划	50
房间	里	67
房间	内	54
这使	得	67
学弟	学妹	67
小城	市	67
小城	镇	48
尝试	一下	67
尝试	过	66
尝试	了	63
尝试	着	62
尝试	用	58
尝试	去	55
新时	代	67
危险	的	67
危险	性	56
危险	因素	54
危险	了	47
经验	丰富	67
经验	贴	64
经验	分享	64
经验	是	58
经验	不足	57
经验	总结	56
写的	是	67
写的	歌	52
写的	代码	51
写的	字	49
写的	都是	49
甲骨	文	67
娱乐	圈	67
娱乐	性	58
娱乐	活动	56
娱乐	化	53
娱乐	方式	52
娱乐	节目	50
公交	车	67
公交	站	51
公交	车上	49
公交	卡	48
公交	车站	46
新一	代	67
新一	轮	62
恢复	了	67
恢复	正常	62
恢复	到	61
恢复	期	53
恢复	过来	49
恢复	原状	47
仔	细看	67
仔细	看	67
仔细	想想	64
仔细	阅读	61
仔细	观察	60
仔细	研究	59
仔细	的	57
太平	洋	67
太平	天国	55
太平	公主	52
太平	军	50
三角	形	67
三角	函数	56
三角	肌	54
三角	恋	49
三角	洲	48
三角	钢琴	47
高一	些	67
高一	点	66
高一	高二	54
高一	级	47
较低	的	67
划	重点	67
划	分为	64
划	时代	55
划	分成	53
划	不来	48
划	分出	48
两三	年	67
两三	个	65
两三	天	62
两三	个月	58
两三	千	58
两三	次	57
心仪	的	67
躺在	床上	67
躺在	地上	55
躺在	病床	47
全国	各地	67
全国	性	59
全国	人民	59
全国	大赛	56
全国	卷	56
全国	第一	56
事物	的	67
蒋	介石	67
蒋	方舟	49
会有	一些	67
会有	人	66
会有	什么	55
会有	所	55
会有	惊喜	49
会有	收获	48
较多	的	67
索	罗斯	67
索	马里	47
索罗	斯	67
数字	化	67
数字	货币	61
数字	出版	57
数字	电视	54
数字	音乐	50
数字	媒体	49
问的	是	67
爸爸	妈妈	67
爸爸	的	61
爸爸	说	53
上班	族	67
上班	时间	59
上班	了	57
上班	时	48
上班	路上	46
张三	丰	67
不敢	说	67
不敢	相信	56
不敢	想	54
不敢	想象	54
不敢	去	53
不敢	苟同	52
排名	第一	67
排名	靠前	59
排名	前	59
排名	第二	56
排名	前十	51
排名	第三	50
椭圆	机	67
椭圆	形	53
椭圆	曲线	50
同比	增长	67
同比	下降	55
花钱	买	67
花钱	了	49
以此	来	67
以此	类推	64
以此	为	61
以此	作为	52
尼	克斯	67
尼	古拉	51
尼克	斯	67
尼克	松	53
派出	所	67
派出	了	53
不准	确	67
不准	备	53
会带	来	67
会带	着	51
地方	政府	67
地方	上	55
地方	性	53
地方	官	51
地方	财政	51
地方	可以	50
舞	台上	67
舞台	上	67
舞台	剧	56
舞台	表演	48
舞台	效果	46
负面	情绪	67
负面	影响	64
负面	新闻	55
负面	评价	54
负面	消息	49
负面	信息	46
那种	感觉	67
那种	人	57
那种	程度	48
逻辑	上	67
逻辑	思维	64
逻辑	和	64
逻辑	性	64
逻辑	关系	61
逻辑	清晰	57
是按	照	67
我要	是	66
我要	说	62
我要	去	60
我要	把	53
我要	做	52
我要	求	51
我大	概	66
殊	不知	66
借款	人	66
借款	合同	50
喝	咖啡	66
喝	多了	60
喝	起来	60
喝	啤酒	55
喝	一杯	55
喝	牛奶	54
四个	人	66
四个	字	66
四个	月	63
四个	小时	57
四个	阶段	50
四个	选项	48
表情	包	66
王者	荣耀	66
王者	归来	48
官	网上	66
官	二代	53
官网	上	66
官网	查询	49
官网	地址	46
温柔	的	66
温柔	地	53
温柔	体贴	46
篇	文章	66
看这	个	66
看这	里	58
原则	上	66
原则	是	61
原则	性	46
丝	毫不	66
丝毫	不	66
丝毫	没有	62
流水	线	66
流水	账	57
原作	者	66
保护	自己	66
保护	了	59
保护	好	58
保护	作用	57
保护	壳	52
保护	着	52
总有	人	66
总有	一天	64
总有	一些	55
总有	一种	54
总有	些	54
总有	一款	52
点	进去	66
点	点头	64
点	什么	62
点	外卖	59
点	一下	59
点	赞了	52
点进	去	66
点进	来	51
王	自如	66
王	老师	59
王	阳明	58
王	尔德	54
王	先生	53
王	皇后	52
玩家	们	66
疾病	的	66
俗	话说	66
俗话	说	66
不甘	心	66
不甘	于	46
全部	都是	66
全部	都	65
全部	是	65
全部	内容	59
全部	由	52
全部	为	51
营销	号	66
营销	策略	57
营销	手段	56
营销	活动	55
营销	方式	52
营销	人员	52
双方	都	66
更应	该	66
加速	度	66
加速	器	61
王家	卫	66
终于	在	66
终于	有了	57
终于	到了	56
终于	明白	55
终于	找到	52
终于	有	52
一路	上	66
一路	走来	61
一路	狂奔	47
这期	间	66
独立	游戏	66
独立	性	63
独立	思考	61
独立	于	60
独立	完成	56
独立	电影	56
太过	于	66
太过	分了	52
太过	分	49
太过	了	48
太过	复杂	46
足	够了	66
足	够大	65
足	球场	54
足	球队	52
足够	了	66
足够	大	65
足够	好	60
足够	强	53
足够	长	49
足够	了解	48
彻底	的	66
彻底	改变	57
彻底	解决	55
彻底	地	53
彻底	消失	50
彻底	消灭	48
像我	一样	66
像我	们	64
像我	这种	63
像我	这样	61
拍	出来	66
拍	电影	64
拍	视频	60
拍	下来	56
拍	照片	56
拍	脑袋	55
拍出	来	66
享	受到	66
享受	到	66
享受	着	60
享受	生活	57
享受	这种	48
微信	群	66
微信	号	65
微信	的	65
微信	支付	60
微信	读书	60
微信	里	55
方便	的	66
方便	面	62
方便	快捷	58
方便	了	58
方便	地	54
方便	携带	54
老实	说	66
老实	人	61
老实	讲	49
老实	的	48
自家	的	66
自家	人	48
引入	了	66
做了	个	66
做了	什么	65
做了	一些	61
做了	一次	55
做了	不少	52
做了	手术	51
弄	清楚	66
弄	明白	61
弄	出来	56
弄	一个	53
弄	了个	53
弄	不好	52
弄清	楚	66
以后	再	66
以后	就	66
以后	会	65
以后	要	57
以后	可以	57
以后	我	56
放	出来	66
放	进去	64
放	一个	63
放	不下	62
放	下了	62
放	上来	58
放出	来	66
放出	了	54
放出	去	52
放出	来了	51
肉眼	可见	66
董	事会	66
董	明珠	51
董	小姐	49
我来	说	66
我来	了	57
我来	自	46
先看	看	66
先看	下	49
分布	式	66
分布	于	55
分布	图	54
分布	着	48
哪些	是	66
哪些	人	60
哪些	地方	59
哪些	方面	58
哪些	内容	55
哪些	问题	54
收获	了	66
收获	满满	47
收获	颇丰	46
淡淡	的	66
淡淡	地	46
像	一个	66
像	极了	64
像	我们	64
像	这样	62
像	这种	61
像	是在	60
航天	飞机	66
航天	员	66
航天	器	62
航天	事业	48
航天	技术	48
航天	领域	46
免疫	系统	66
免疫	力	60
免疫	细胞	57
免疫	反应	53
免疫	治疗	52
免疫	功能	49
节目	组	66
节目	中	60
合作	伙伴	66
合作	关系	59
合作	方	55
合作	者	55
合作	模式	52
合作	社	50
迈	克尔	66
迈	尔斯	51
迈	出了	49
迈	巴赫	47
迈	凯伦	46
迈克	尔	66
您	可以	66
您	觉得	55
您	需要	54
您	现在	48
您	认为	47
有其	他	66
先说	说	66
公募	基金	66
三十	年	66
三十	万	57
三十	岁	56
三十	多	54
三十	多岁	54
三十	多年	52
嫌疑	人	66
嫌疑	犯	47
终究	是	66
终究	还是	60
终究	会	58
统治	者	66
统治	力	58
统治	阶级	58
统治	了	53
统治	地位	52
统治	下	51
太好	了	66
太好	的	55
太好	看了	52
太好	吃了	51
太好	用了	48
太好	听了	47
随时	随地	66
随时	可以	63
随时	可能	57
我妈	妈	66
是有	限	66
是有	的	64
是有	点	58
是有	着	54
是有	很多	54
是有	好处	48
才是	最	66
才是	真正	63
才是	王道	62
才是	真的	60
才是	关键	59
才是	真	54
至于	说	66
至于	其他	61
至于	这个	54
至于	我	54
至于	你	53
至于	那个	46
夸张	的	66
夸张	了	52
夸张	地说	47
总之	就是	66
总之	是	53
总之	呢	46
力量	训练	66
力量	举	56
力量	感	53
力量	大	46
啥	时候	66
啥	意思	61
啥	也没	54
啥	都没	54
啥	都有	53
啥	玩意	53
善良	的	66
共和	国	66
共和	党	56
远远	超过	66
远远	不够	66
远远	大于	63
远远	高于	62
远远	的	59
远远	不如	56
十多	年	66
十多	年前	58
十多	个	53
十多	万	49
十多	分钟	48
十多	天	46
不够	好	66
不够	用	66
不够	大	57
不够	高	57
不够	强	52
不够	格	50
魔兽	世界	66
魔兽	争霸	56
地	图上	66
地	中海	63
地	面上	61
地	下城	58
地	理学	57
地	下水	55
地图	上	66
地图	炮	51
地图	设计	48
发出	来	66
发出	了	63
发出	去	57
发出	声音	54
正好	是	66
正好	在	58
正好	相反	55
正好	可以	53
正好	赶上	51
正好	有	51
体验	一下	66
体验	到	66
体验	了	62
体验	生活	49
体验	店	47
下定	决心	66
下定	论	52
下定	义	50
图片	来源	66
图片	素材	50
图片	库	48
图片	处理	48
图片	源自	47
信托	公司	66
信托	财产	51
信托	计划	50
信托	基金	47
信托	法	47
大方	向	66
本就	是	66
脑残	粉	66
分界	线	66
冲击	力	66
冲击	波	55
冲击	下	50
看过	的	66
看过	了	56
看过	去	56
看过	来	54
最优	解	66
最优	化	53
最优	秀	49
人家	是	66
人家	说	58
人家	还	51
人家	要	48
卖	出去	66
卖	给了	57
卖	东西	56
卖	出了	56
卖	掉了	56
卖	给你	55
卖出	去	66
卖出	了	56
卖出	去了	49
卖出	股票	48
就说	明	66
就说	了	58
就说	过	57
就说	是	51
就说	你	48
英语	水平	66
英语	学习	66
英语	老师	61
英语	专业	61
英语	基础	61
英语	口语	60
债权	人	66
债权	转让	49
我愿	意	66
最差	的	66
就对	了	66
远大	于	66
岁	以上	66
岁	以下	64
岁	左右	64
岁	那年	58
岁	生日	54
岁	高龄	53
羽毛	球	66
羽毛	球拍	56
公司	里	66
公司	法	64
公司	内部	64
公司	章程	60
公司	名称	57
公司	业务	57
安	排了	66
安	装了	62
安	东尼	62
安	排在	59
安	德鲁	58
安	装在	57
安排	了	66
安排	在	59
安排	好	59
安排	工作	49
安排	时间	48
安排	下	48
坚	定的	66
坚	决不	61
坚	强的	55
坚	定了	54
坚定	的	66
坚定	地	60
坚定	了	54
杀	死了	66
杀	人犯	60
杀	了他	56
杀	马特	53
杀	掉了	52
杀	害了	51
杀死	了	66
杀死	比尔	46
幸福	的	66
幸福	感	64
幸福	生活	52
幸福	快乐	47
潜	意识	66
潜	规则	63
潜	台词	59
差异	化	66
差异	性	60
差异	很大	57
差异	不大	51
差异	较大	50
差异	巨大	49
开心	的	66
开心	就好	60
开心	了	57
开心	地	55
开心	果	46
开心	吗	46
尝	试过	66
尝	试了	63
尝	试着	62
尝	试用	58
尝	到了	50
让你	们	66
让你	在	65
让你	觉得	60
让你	知道	56
让你	能	46
实木	家具	66
实木	床	46
通俗	易懂	66
通俗	文学	49
通俗	小说	48
通俗	来讲	47
投入	到	66
投入	了	63
投入	使用	53
投入	时间	49
投入	资金	48
投入	成本	48
两部	分	66
两部	电影	53
忽视	了	66
不完	全	66
不完	美	65
不完	善	60
不完	整	60
不完	全是	55
不完	整的	55
问	自己	66
问	一下	63
问	问题	62
问	清楚	59
问	一句	59
问	就是	59
尴尬	的	66
尴尬	了	57
尴尬	地	49
尴尬	局面	47
丧失	了	66
点击	下方	66
点击	率	66
点击	下面	59
点击	量	57
点击	查看	55
点击	这里	53
破	坏了	66
破	伤风	51
破	坏掉	48
破	灭了	48
破	纪录	47
破	事儿	46
破坏	了	66
破坏	力	56
破坏	性	55
破坏	掉	48
破坏	者	48
你有	没有	66
你有	什么	59
你有	一个	51
出租	车	66
出租	屋	54
出租	房	48
命	名为	66
命名	为	66
命名	的	62
法律	法规	66
法律	规定	64
法律	上	61
法律	问题	57
法律	硕士	56
法律	制度	55
最爱	的	66
最有	效	66
最有	名	64
最有	可能	61
最有	价值	57
最有	用	56
最有	意思	53
将成	为	66
源源	不断	66
期间	的	66
期间	内	47
考试	科目	66
考试	时间	66
考试	内容	64
考试	时	63
考试	前	63
考试	大纲	62
简历	上	66
简历	模板	61
简历	筛选	51
简历	投递	48
突	破了	66
突	出的	66
突	变的	50
突破	了	66
突破	口	59
突破	性	55
突破	点	51
说了	一句	66
说了	算	62
说了	句	62
说了	什么	59
说了	半天	50
说了	一下	49
转变	为	66
转变	成	60
转变	了	48
爱	上了	66
爱	德华	63
爱	自己	60
爱	学习	55
爱	你们	54
爱	发电	51
爱上	了	66
爱上	你	47
爱上	他	46
爱上	一个	46
准确	性	66
准确	地	63
准确	率	62
准确	度	60
准确	地说	55
准确	说	50
比比	皆是	66
全日	制	66
全日	本	51
事务	所	66
染色	体	66
作用	下	66
作用	于	61
作用	力	58
作用	在	53
作用	了	52
作用	机制	48
战争	中	66
战争	机器	55
战争	时期	50
战争	片	50
战争	结束	48
直观	的	66
直观	感受	58
百分	百	66
百分	之	65
百分	比	65
百分	点	62
百分	位	58
百分	之一	57
具备	了	66
古	埃及	66
古	希腊	66
古	罗马	60
古	汉语	58
古	文字	57
古	建筑	55
读	起来	66
读	大学	64
读	博士	62
读	不懂	59
读	出来	57
读	本科	57
修	改了	66
修	改为	53
修	好了	52
修	改过	50
修	电脑	47
修	改成	46
修改	了	66
修改	后	57
修改	一下	56
修改	为	53
修改	意见	50
修改	过	50
计	算出	66
计	算力	49
原本	是	66
原本	以为	55
原本	在	51
旗舰	店	66
旗舰	机	58
旗舰	手机	48
旗舰	级	48
旗舰	机型	46
综合	性	66
综合	考虑	65
综合	能力	64
综合	素质	63
综合	实力	62
综合	征	61
因果	关系	66
因果	律	54
因果	性	47
突出	的	66
突出	重点	51
突出	自己	51
罗	老师	66
罗	伯特	65
罗	杰斯	55
罗	伊斯	53
罗	贝里	48
罗	小黑	47
银	行业	66
银	行家	54
银	行会	50
银	白色	46
银	离子	46
橄榄	油	66
橄榄	球	64
橄榄	枝	48
平均	水平	66
平均	分	65
平均	值	64
平均	工资	58
平均	每天	56
平均	年龄	56
意外	险	66
意外	的	65
意外	地	54
意外	医疗	51
意外	情况	49
意外	事故	49
生命	力	66
生命	周期	64
生命	体	63
生命	科学	55
生命	中的	55
生命	值	54
月	中旬	66
月	收入	61
月	工资	58
月	以来	53
月	上旬	51
月	销量	51
残酷	的	66
时至	今日	66
多半	是	66
多半	会	53
盈利	模式	66
盈利	能力	61
盈利	点	48
盈利	性	46
平面	设计	66
平面	图	52
平面	几何	46
不认	识	66
不认	可	64
不认	同	63
不认	为	60
不认	真	56
区块	链	66
利	用了	66
利	用好	63
利	拉德	56
利	比亚	49
利用	了	66
利用	好	63
利用	率	59
利用	其	51
利用	价值	51
利用	自身	46
工具	人	66
工具	书	59
工具	箱	56
工具	栏	54
工具	包	53
工具	类	51
风险	管理	66
风险	控制	60
风险	投资	58
风险	偏好	56
风险	大	53
风险	评估	52
精彩	的	66
精彩	绝伦	49
精彩	程度	48
奠	定了	66
奠定	了	66
奠定	基础	47
当他	们	66
指导	下	66
指导	老师	56
指导	意义	54
指导	意见	54
指导	价	53
指导	你	52
所在	地	66
所在	城市	57
所在	地区	53
所在	行业	49
所在	位置	49
所在	单位	46
采取	了	66
采取	的	64
采取	行动	53
采取	措施	52
进来	的	66
进来	了	60
精致	的	66
斯坦	福	66
斯坦	利	47
世纪	初	66
世纪	末	62
世纪	中叶	52
世纪	初期	46
如图	所示	66
如图	示	55
也跟	着	66
勒	布朗	66
来找	我	66
来找	你	57
来找	他	47
来找	我玩	46
化学	反应	66
化学	物质	59
化学	家	58
化学	键	55
化学	成分	53
化学	性质	52
出国	留学	66
出国	了	51
出国	旅游	50
出国	读研	48
出国	深造	48
出国	前	48
又来	了	66
又来	啦	46
又是	一个	66
又是	什么	61
又是	个	56
又是	怎样	51
又是	在	47
割	韭菜	66
难免	会	66
中小	企业	66
中小	学	59
中小	型	58
中小	学生	53
中小	银行	50
中小	卖家	47
我好	像	66
我好	想	50
我好	奇	47
第四	个	66
第四	节	64
第四	步	63
第四	次	62
第四	天	59
第四	章	58
及其	他	65
区别	于	65
区别	是	63
区别	就是	60
区别	对待	57
区别	开来	47
抽象	的	65
抽象	化	50
抽象	概念	47
看作	是	65
试	一试	65
试	一下	65
试	试看	62
试	听课	53
试	用了	49
试	了下	49
信息	量	65
信息	流	62
信息	差	62
信息	技术	59
信息	化	59
信息	安全	57
就业	率	65
就业	前景	63
就业	情况	61
就业	机会	59
就业	市场	56
就业	岗位	55
爆	发力	65
爆	发了	63
爆	炸了	56
爆	出来	56
爆	发出	56
爆发	力	65
爆发	了	63
爆发	出	56
爆发	式	50
爆发	后	49
爆发	期	49
主题	曲	65
主题	是	60
主题	和	53
主题	词	53
主题	公园	48
主题	句	47
几千	年	65
几千	万	65
几千	块	63
几千	块钱	60
几千	个	55
几千	元	54
编译	器	65
编译	原理	55
编译	成	48
早	已经	65
早	知道	58
早	一点	55
早	年间	55
早	晚会	54
早	几年	53
早已	经	65
早已	不是	54
早已	是	53
内	马尔	65
内	蒙古	60
内	分泌	56
内	心里	54
内	完成	54
内	循环	51
文言	文	65
刚刚	好	65
刚刚	开始	62
刚刚	在	53
刚刚	起步	50
刚刚	被	48
微软	的	65
再说	了	65
再说	吧	58
再说	一遍	57
再说	下	51
再说	一句	49
再说	一次	49
哪来	的	65
也挺	好	65
那这	个	65
那这	些	54
意志	力	65
意志	坚定	46
可行	性	65
私	以为	65
私	底下	59
私	生子	57
私	生活	57
私	人的	55
航空	公司	65
航空	航天	57
航空	母舰	50
航空	业	46
热衷	于	65
博格	巴	65
敌	人的	65
敌	不过	49
敌人	的	65
能买	到	65
蒙	古人	65
蒙	古国	55
蒙	古语	50
蒙	上了	46
蒙	斯克	46
蒙古	人	65
蒙古	国	55
蒙古	帝国	53
蒙古	族	50
蒙古	语	50
蒙古	军	48
胡	萝卜	65
出去	玩	65
出去	了	63
出去	旅游	56
出去	吃饭	54
出去	吃	48
出去	打工	47
对生	活	65
开放	世界	65
开放	式	61
开放	性	60
开放	了	58
开放	时间	56
开放	平台	55
无法	理解	65
无法	想象	63
无法	改变	62
无法	控制	61
无法	自拔	60
无法	被	59
说完	了	65
二手	车	65
二手	房	56
二手	市场	50
极有	可能	65
做法	是	65
这群	人	65
邀请	我	65
邀请	了	60
邀请	他	53
邀请	函	52
邀请	码	51
领导	者	65
领导	人	64
领导	力	60
领导	们	59
领导	说	57
领导	层	57
自习	室	65
自习	课	48
难得	的	65
难得	多	46
快捷	键	65
快捷	支付	54
快捷	方式	51
正式	的	65
正式	开始	63
正式	进入	55
正式	员工	55
正式	发布	55
正式	版	54
突然	就	65
突然	出现	64
突然	想起	61
突然	想到	61
突然	间	59
突然	觉得	59
极好	的	65
西方	人	65
西方	国家	64
西方	文化	58
西方	世界	55
西方	文明	53
西方	哲学	53
吸血	鬼	65
国民	党	65
国民	政府	55
国民	经济	53
国民	度	49
国民	收入	48
国民	级	46
舒	适度	65
舒	伯特	51
舒	马赫	47
舒适	度	65
舒适	性	64
舒适	的	62
舒适	区	57
舒适	感	54
舒适	圈	48
皇帝	的	65
我说	我	65
我说	了	61
我说	过	60
我说	你	58
我说	一下	55
我说	的话	51
证监	会	65
仅有	的	65
模糊	的	65
模糊	了	57
模糊	不清	54
付	出了	65
付	不起	48
付	定金	46
付出	了	65
付出	代价	60
国际	化	65
国际	上	64
国际	贸易	62
国际	象棋	62
国际	生	57
国际	市场	57
海贼	王	65
而在	于	65
而在	这	50
怀疑	自己	65
怀疑	人生	62
怀疑	是	57
怀疑	你	51
医疗	险	65
医疗	器械	61
医疗	机构	60
医疗	保险	59
医疗	费用	59
医疗	行业	56
侧	重点	65
侧	重于	65
侧重	点	65
侧重	于	65
恶性	循环	65
恶性	肿瘤	64
恶性	竞争	53
一脸	懵逼	65
一脸	懵	50
一脸	茫然	49
一脸	严肃	46
无处	不在	65
无处	安放	48
特殊	性	65
特殊	情况	65
特殊	时期	54
特殊	要求	50
特殊	需求	50
特殊	能力	48
你能	不能	65
你能	够	62
你能	想象	58
你能	想到	56
口	中的	65
口	头上	49
口	服药	47
口中	的	65
赢	得了	65
赢	不了	55
赢得	了	65
赢得	比赛	47
迄今	为止	65
课程	设置	65
课程	内容	61
课程	设计	56
课程	安排	56
课程	体系	56
课程	表	51
有个	人	65
有个	问题	59
有个	朋友	57
有个	性	55
有个	别	55
有个	地方	49
制	定的	65
制	造出	63
制	定了	63
制	造了	63
制	作者	61
制	作出	60
制定	的	65
制定	了	63
制定	出	51
制定	规则	48
被害	人	65
被害	者	51
跨	专业	65
跨	平台	63
跨	学科	55
跨	行业	50
跨	时代	50
跨	领域	48
人	来说	65
人	身上	64
人	很多	64
人	都会	63
人	体内	61
人	会说	61
人来	说	65
人来	讲	52
护肤	品	65
快乐	的	65
快乐	地	47
记下	来	65
记下	了	48
一节	课	65
剧本	杀	65
剧本	里	51
剧本	创作	47
找了	个	65
找了	一个	61
找了	半天	49
找了	一家	47
指	定的	65
指	标的	62
指	出了	60
指	不定	57
指	出来	53
指	望着	53
指定	的	65
好学	校	65
好学	生	60
在前	面	65
在前	期	63
在前	场	51
在前	方	49
代言	人	65
下去	了	65
下去	吧	47
临床	试验	65
临床	研究	59
临床	医学	58
临床	医生	55
临床	表现	55
临床	症状	53
搞定	了	65
漫	画家	65
漫	反射	46
漫画	家	65
漫画	作品	48
漫画	版	47
漫画	书	47
漫画	界	46
便利	店	65
便利	性	56
便利	贴	49
保健	品	65
保健	食品	47
期末	考试	65
期末	考	54
期末	复习	47
中产	阶级	65
中产	家庭	49
中产	阶层	46
标志	性	65
标志	着	63
标志	物	47
尽量	避免	65
尽量	少	60
尽量	减少	59
尽量	用	58
尽量	在	57
尽量	做到	54
就走	了	65
就走	人	47
应当	是	65
应当	在	56
应当	按照	50
应当	以	47
应当	有	46
高赞	回答	65
税务	局	65
税务	机关	61
税务	部门	54
税务	筹划	53
税务	总局	51
税务	处理	50
对冲	基金	65
我爱	你	65
我爱	罗	53
我爱	我家	47
多图	预警	65
财政	部	65
财政	收入	59
财政	政策	55
财政	赤字	51
财政	支出	49
财政	学	47
成绩	单	65
成绩	好	60
成绩	不好	57
成绩	差	53
成绩	优异	51
成绩	排名	48
那里	的	65
那里	有	57
那里	面	54
那里	是	51
可选	择	65
可选	项	46
华语	乐坛	65
华语	电影	54
华语	音乐	51
已知	的	65
对你	来说	65
对你	们	58
对你	说	54
对你	好	51
讨论	了	65
讨论	一下	59
讨论	问题	56
讨论	区	49
讨论	度	48
讨论	什么	46
可见	一斑	65
可见	光	60
可见	他	49
瞧	不起	65
瞧	不上	53
价格	便宜	65
价格	低	60
价格	比	60
价格	高	60
价格	上涨	58
价格	战	57
法拉	利	65
法拉	第	52
一生	的	65
一生	中	62
一生	黑	50
一生	一世	47
一级	市场	65
一级	学科	60
一级	的	55
一级	棒	49
一级	一级	47
死亡	率	65
死亡	人数	56
死亡	金属	51
死亡	搁浅	47
死亡	之翼	46
死亡	时间	46
思考	和	65
思考	一下	64
思考	问题	62
思考	了	60
思考	方式	58
思考	能力	56
衍生	品	65
衍生	出	64
衍生	出来	54
衍生	物	54
衍生	产品	48
衍生	工具	46
联合	国	65
联合	起来	59
联合	会	51
联合	培养	48
联合	政府	47
联合	发布	47
象征	着	65
象征	性	58
象征	意义	55
供	参考	65
供	大家	56
海底	捞	65
显著	的	65
显著	提升	53
显著	提高	52
显著	降低	50
显著	增加	50
显著	性	49
走	出来	65
走	下去	65
走	上了	65
走	到了	64
走	过来	63
走	出去	63
走出	来	65
走出	去	63
走出	了	62
走出	来的	58
走出	国门	48
走出	来了	47
专门	为	65
专门	负责	56
专门	研究	55
专门	用于	49
专门	学校	48
专门	从事	47
在下	面	65
在下	方	54
在下	面的	50
在下	午	49
在下	文	49
在下	半场	47
先进	的	65
先进	行	53
先进	技术	50
先进	性	47
各式	各样	65
很棒	的	65
刻板	印象	65
刻板	的	48
史	密斯	65
史	学家	56
史	塔克	55
史	莱姆	52
史	学界	50
有氧	运动	65
有氧	训练	49
追溯	到	65
说好	的	65
说好	听	53
说好	了	53
说好	话	51
关系	不大	65
关系	到	64
关系	户	59
关系	好	59
关系	很好	55
关系	中	55
不安	全	65
不安	的	50
不安	分	50
打出	了	65
打出	来	60
打出	来的	58
打出	去	53
银河	系	65
银河	战士	51
银河	战舰	46
只看	到	65
只看	见	48
大都	是	65
大都	会	58
大都	市	55
大都	督	46
大都	在	46
还要	看	65
还要	多	59
还要	再	58
还要	求	58
还要	去	58
还要	继续	57
他说	他	65
他说	我	51
他说	了	51
他说	你	49
他说	是	48
拉	出来	65
拉	肚子	60
拉	开了	59
拉	黑了	57
拉	莫斯	57
拉	回来	57
拉出	来	65
拉出	去	50
预期	的	65
预期	收益	52
预期	寿命	47
写下	来	65
写下	了	61
写下	去	54
我刚	刚	65
我刚	才	61
我刚	好	51
举	例子	65
举	一个	65
举	办的	64
举	办了	58
举	几个	57
举	行了	54
举例	子	65
举例	来说	59
举例	说明	59
举例	说	46
下降	了	65
下降	到	59
下降	趋势	49
下降	至	48
进攻	端	65
进攻	方	55
进攻	性	49
进攻	效率	48
进攻	型	48
进攻	方式	46
很高	兴	65
很高	了	58
很高	级	53
买了	个	65
买了	一个	63
买了	一套	54
买了	一台	53
买了	很多	52
买了	房	52
查了	一下	65
查了	下	56
查了	查	50
有部	分	65
暴露	了	65
暴露	在	59
暴露	出	58
暴露	出来	57
暴露	自己	53
暴露	无遗	49
并进	行	65
并进	一步	47
一堆	人	65
一堆	东西	47
一堆	堆	46
画	出来	65
画	一个	57
画	大饼	54
画	漫画	51
画	重点	48
画	了个	48
画出	来	65
万亿	美元	65
万亿	元	61
万亿	的	53
中年	人	65
中年	男人	56
中年	危机	55
中年	妇女	52
中年	大叔	48
中年	男子	47
装修	公司	65
装修	风格	56
装修	设计	46
装修	完	46
洗碗	机	65
已成	为	65
已成	功	47
亲	爱的	65
亲	儿子	62
亲	兄弟	52
亲	口说	48
亲	自来	48
亲	弟弟	47
亲爱	的	65
能让	人	65
文科	生	65
文科	专业	53
文科	类	50
粉丝	们	65
粉丝	群	52
粉丝	滤镜	48
为啥	要	65
为啥	不	64
为啥	是	47
麦克	风	65
麦克	斯	57
麦克	白	47
麦克	雷	47
硬	生生	65
硬	实力	62
硬	通货	54
硬	指标	51
硬	科幻	49
硬	摇滚	48
约	等于	65
约	瑟夫	59
约	老师	55
约	好了	48
越	容易	65
越	往后	57
越	明显	53
越	觉得	53
越	南语	51
越	严重	51
列	出来	65
列	举了	62
列	出了	60
列	表中	53
列	一下	52
列	车上	47
列出	来	65
列出	了	60
家	门口	65
家	人们	57
家	用车	54
家	里面	54
家	企业	52
家门	口	65
刺客	信条	65
刺客	组织	47
受限	于	65
受限	制	48
动	不动	65
动	力学	63
动	起来	59
动	植物	56
动	脑子	55
动	不了	53
林	俊杰	65
林	加德	57
林	黛玉	53
林	先生	47
林	少华	47
毫不	犹豫	65
毫不	夸张	62
毫不	客气	53
毫不	留情	51
毫不	在意	51
毫不	掩饰	50
拿下	了	65
拿下	来	54
教学	楼	65
教学	视频	61
教学	质量	61
教学	方法	57
教学	内容	57
教学	经验	56
弗兰	克	65
弗兰	奇	46
常规	赛	65
常规	操作	56
常规	体检	46
投	简历	65
投	入了	63
投	资方	62
投	融资	54
投	降了	54
投	三分	50
各个	方面	65
各个	领域	62
各个	国家	60
各个	环节	58
各个	行业	57
各个	地方	56
哈尔	滨	65
对称	性	65
误	以为	65
误	认为	59
误	操作	49
超出	了	65
超出	预期	48
结婚	了	65
结婚	生子	61
结婚	后	57
结婚	前	49
结婚	证	49
结婚	时	49
病	人的	65
病	床上	54
病	理性	53
病	房里	52
病	理学	49
病	好了	46
病人	的	65
病人	家属	48
安静	的	65
安静	地	56
安静	下来	54
安静	了	53
走上	了	65
走上	正轨	47
聊天	记录	65
聊天	室	51
聊天	软件	46
虚拟	机	65
虚拟	世界	63
虚拟	的	60
虚拟	现实	57
虚拟	货币	55
虚拟	化	52
答应	了	65
答应	我	57
申	请了	65
紧张	的	65
紧张	感	57
紧张	了	51
紧张	地	50
紧张	刺激	49
紧张	起来	47
阴谋	论	65
阴谋	诡计	47
看得	出来	65
看得	出	63
看得	懂	62
看得	到	62
看得	我	58
看得	见	57
没人	会	65
没人	能	63
没人	知道	62
没人	看	60
没人	管	59
没人	敢	58
这座	城市	65
这座	山	48
所学	校	65
所学	知识	50
发挥	作用	65
发挥	出	63
发挥	着	55
发挥	出来	53
发挥	失常	51
发挥	到	50
几句	话	65
很久	了	65
很久	以前	60
很久	没	58
很久	很久	58
很久	没有	55
很久	以后	49
吉他	手	65
吉他	谱	48
在手	机上	65
在手	上	52
在手	里	47
倒	不是	65
倒	计时	62
倒	不如	58
倒	是有	55
倒	过来	54
倒	出来	50
变种	人	65
马拉	多纳	65
马拉	松	64
视频	网站	65
视频	教程	63
视频	内容	58
视频	剪辑	58
视频	拍摄	53
视频	播放	50
密切	相关	65
密切	关注	52
密切	关系	49
密切	的	49
密切	联系	47
是个	人	65
是个	什么	60
是个	问题	57
是个	好人	52
是个	例外	50
回头	看	65
回头	看看	56
回头	一看	52
回头	客	52
回头	再看	49
回头	想想	48
效果	好	65
效果	图	62
效果	器	61
效果	很好	59
效果	不好	58
效果	最好	57
天	文学	65
天	主教	59
天	空中	58
天	知道	55
天	底下	52
天	大的	52
天文	学	65
天文	学家	61
天文	台	56
天文	观测	53
天文	数字	52
天文	历法	48
我真	是	65
我真	想	51
覆盖	了	65
覆盖	率	57
覆盖	面	56
覆盖	范围	54
覆盖	着	47
不愧	是	65
不愧	为	47
原始	的	65
原始	数据	57
原始	人	55
原始	社会	53
原始	积累	49
原始	森林	48
要看	你	65
要看	到	48
每年	都有	65
冲锋	衣	65
冲锋	枪	54
很大	程度	65
很大	概率	59
很大	部分	52
很大	关系	49
注	定了	65
注	入了	55
注定	了	65
注定	是	60
注定	要	57
注定	不会	47
成本	低	65
成本	高	63
成本	太高	61
成本	是	60
成本	价	55
成本	控制	55
不信	任	65
不信	你	59
不信	邪	50
不信	你看	50
外汇	储备	65
外汇	市场	52
外汇	管制	48
外汇	交易	47
罗伯	特	65
亦	或是	65
生态	系统	65
生态	圈	59
生态	环境	59
生态	位	55
生态	链	53
生态	学	52
由	于是	65
由	一个	58
由	美国	53
由	国家	51
由	原来	51
由	他们	50
由于	是	65
由于	其	63
由于	我	60
由于	缺乏	52
由于	疫情	47
是很	多	64
是很	多的	49
是很	好	49
寄生	虫	64
少数	人	64
少数	民族	63
少数	几个	56
少数	派	51
少数	族裔	48
看清	楚	64
看清	了	56
大气	层	64
大气	压	56
大气	中	53
大气	中的	47
换来	的	64
换来	了	56
西蒙	斯	64
西蒙	尼	47
纳	达尔	64
孙子	兵法	64
语言	学	64
语言	能力	59
语言	学习	59
语言	学校	57
语言	表达	56
语言	上	55
开源	的	64
开源	项目	62
开源	软件	53
开源	社区	51
开源	代码	48
开源	了	48
可口	可乐	64
火	车站	64
火	起来	62
火	车票	55
火	车上	55
火	星人	52
火	山口	48
火车	站	64
火车	票	55
火车	上	55
火车	头	47
中医	的	64
中医	药	58
中医	黑	55
中医	粉	55
中医	理论	53
中医	院	52
摄氏	度	64
今日	头条	64
见证	了	64
见证	者	50
见证	过	46
精确	的	64
精确	到	58
精确	地	55
精确	度	53
精确	性	46
精确	计算	46
合法	的	64
合法	性	63
合法	权益	58
合法	合规	52
合法	化	51
明日	香	64
明日	方舟	53
彼此	的	64
彼此	之间	59
彼此	间	50
结构	化	64
结构	上	59
结构	设计	58
结构	性	56
结构	力学	53
结构	图	51
雅	马哈	64
雅	达利	49
赋予	了	64
优化	的	64
优化	了	57
优化	师	52
优化	问题	50
优化	算法	49
优化	器	49
永	远的	64
永	动机	58
更高	级	64
更高	层次	53
更高	阶	48
更高	要求	46
我有	一个	64
我有	个	64
我有	点	64
我有	些	59
我有	幸	53
我有	了	52
数	学家	64
数	量级	64
数	学系	63
数	十年	62
数	十万	58
数	百万	56
数学	家	64
数学	系	63
数学	上	61
数学	基础	60
数学	老师	59
数学	题	57
搜	一下	64
搜	不到	57
搜	一搜	56
搜	了下	49
男人	的	64
男人	们	53
男人	都	47
碰	到了	64
碰	上了	55
碰	运气	52
碰	不到	51
碰到	了	64
碰到	过	58
碰到	一个	54
这帮	人	64
字符	串	64
字符	集	46
公布	了	64
公布	出来	46
非	常有	64
非	线性	63
非	主流	62
非	专业	62
非	理性	59
非	商业	57
后	发现	64
后	来者	61
后	才能	59
后	不久	58
后	防线	56
后	现代	56
后发	现	64
概率	论	64
概率	分布	53
概率	统计	52
概率	大	49
概率	问题	48
概率	很低	47
人力	资源	64
人力	成本	60
人力	物力	57
人力	资本	47
上下	文	64
上下	班	60
上下	游	58
上下	铺	53
上下	左右	52
上下	浮动	50
贡献	了	64
贡献	者	49
贡献	出	47
贡献	给	47
资产	阶级	64
资产	管理	58
资产	价格	56
资产	规模	52
资产	组合	51
资产	端	50
下载	了	64
下载	地址	60
下载	量	60
下载	链接	58
下载	一个	56
下载	安装	55
赛尔	号	64
身边	人	64
身边	有	59
身边	没有	49
熊	孩子	64
熊	出没	48
抛弃	了	64
成千	上万	64
出生	在	64
出生	于	64
出生	人口	54
出生	时	53
出生	后	53
出生	地	52
就为	了	64
民族	主义	64
民族	英雄	53
民族	国家	52
民族	文化	49
民族	性	49
民族	音乐	48
一如	既往	64
想法	是	64
三年	前	64
三年	后	62
三年	级	60
三年	了	57
三年	以上	54
三年	内	53
一只	手	64
一只	脚	55
一只	猫	53
一只	眼睛	52
一只	鸡	50
一只	狗	48
不到	位	64
不到	哪去	48
不到	一半	47
诡异	的	64
做完	了	64
做完	之后	55
做完	后	53
做完	手术	49
做完	题	47
学到	了	64
学到	什么	51
黄金	时代	64
黄金	储备	55
黄金	时期	53
黄金	期	53
黄金	一代	52
黄金	价格	51
遭遇	了	64
遭遇	到	52
遭遇	战	49
不想	让	64
不想	做	62
不想	去	60
不想	要	60
不想	看	60
不想	多说	52
经营	者	64
经营	的	62
经营	范围	56
经营	模式	55
经营	管理	53
经营	活动	51
单	方面	64
单	选题	58
单	眼皮	57
单	细胞	50
单	单是	50
单	线程	49
单方	面	64
课题	组	64
西	游记	64
西	工大	55
西	兰花	54
西	海岸	54
西	西里	53
西	比拉	53
西游	记	64
去世	了	64
去世	后	60
我用	了	64
我用	过	62
城	市里	64
城	商行	54
人身	上	64
人身	攻击	61
人身	安全	55
人身	自由	46
度	过了	64
度过	了	64
度过	难关	47
度过	一生	46
提醒	大家	64
提醒	你	62
提醒	我	61
提醒	我们	54
提醒	了	53
提醒	他	53
智商	税	64
智商	高	52
智商	低	47
交响	曲	64
交响	乐	60
交响	乐团	54
带给	我	64
带给	你	64
带给	我们	61
带给	了	53
带给	他	50
复制	粘贴	64
复制	到	58
复制	品	52
复制	过来	48
骚	操作	64
门	课程	64
门	把手	50
门	德斯	46
门	牌号	46
流川	枫	64
更快	的	64
更快	地	57
更快	速	52
更快	乐	48
我买	了	64
说我	们	64
聪	明人	64
里	没有	64
里	有个	58
里	弗斯	51
里	贝里	51
里	维斯	47
我更	喜欢	64
我更	希望	53
乒乓	球	64
大半	年	64
大半	夜	59
大半	个	53
大半	天	51
大半	辈子	49
大半	个月	48
哺乳	动物	64
哺乳	类	47
哺乳	期	47
地铁	站	64
地铁	上	53
地铁	里	49
地铁	口	48
这又	是	64
这又	不是	48
三甲	医院	64
字节	跳动	64
字节	码	48
有句	话	64
基督	教	64
基督	徒	55
基督	教的	52
大街	上	64
大街	小巷	56
小可	爱	64
灭蚊	灯	64
一道	题	64
一道	菜	54
一道	道	50
一道	题目	50
一道	坎	46
一道	大题	46
向	我们	64
向	他们	60
向	大家	56
向	别人	54
向	客户	51
向	自己	51
向我	们	64
向我	咨询	48
播	放量	64
播放	量	64
播放	器	63
播放	音乐	46
播放	视频	46
点点	头	64
点点	点	50
点点	滴滴	47
简答	题	64
福	克斯	64
福	师大	56
福	布斯	55
福	斯特	49
福克	斯	64
福克	纳	47
球	场上	64
球场	上	64
沟通	能力	64
沟通	交流	58
沟通	技巧	51
沟通	过	47
沟通	协调	46
不看	好	64
不看	了	48
不看	重	47
划分	为	64
划分	成	53
划分	出	48
三明	治	64
混乱	的	64
混乱	不堪	46
舍	不得	64
替代	品	64
替代	方案	51
替代	性	49
印度	人	64
印度	洋	54
印度	电影	51
印度	教	50
代	名词	64
代	工厂	57
亚历	山大	64
亚历	克斯	47
反应	过来	64
反应	速度	59
反应	堆	56
反应	出	55
反应	时间	52
反应	能力	51
可用	于	64
可用	性	58
可用	来	48
未知	的	64
未知	数	58
果然	是	64
果然	还是	54
呜	呜呜	64
呜呜	呜	64
呜呜	呜呜	49
马来	西亚	64
同类	型	64
同类	产品	59
菜	市场	64
精神	病	64
精神	状态	62
精神	病院	61
精神	分析	61
精神	上的	60
精神	疾病	60
吃瓜	群众	64
还算	是	64
还算	不错	62
还算	可以	58
还算	好	54
哦	对了	64
哦	不对	47
初中	生	64
初中	毕业	55
初中	时	53
初中	高中	51
初中	同学	51
初中	数学	48
数量	级	64
数量	上	57
数量	多	56
数量	关系	53
数量	少	53
数量	有限	52
同事	们	64
同事	的	62
同事	说	56
同事	之间	51
同事	关系	49
防守	端	64
防守	球员	57
防守	方	55
防守	反击	54
防守	者	51
防守	队员	51
莫斯	科	64
培养	出	64
培养	了	62
培养	学生	57
培养	出来	57
培养	孩子	55
培养	方案	54
师兄	师姐	64
师兄	弟	51
睡着	了	64
救世	主	64
在场	上	64
在场	的	58
只用	了	64
只用	来	48
只用	于	47
帝国	的	64
帝国	主义	60
帝国	理工	51
帝国	时代	50
延续	了	64
延续	到	57
延续	下去	52
延续	性	50
延续	着	47
熟练	掌握	64
熟练	度	59
熟练	地	54
熟练	运用	52
熟练	程度	49
不成	立	64
不成	功	63
不成	问题	61
不成	样子	48
不成	体系	48
不成	比例	46
还能	够	64
还能	有	59
还能	在	59
还能	不能	59
还能	用	57
还能	保持	53
油烟	机	64
透明	的	64
透明	度	59
透明	化	48
我会	在	64
我会	把	60
我会	用	54
我会	去	50
遭	到了	64
遭	受了	57
遭	遇到	52
遭	受到	50
遭到	了	64
遭到	破坏	47
打败	了	64
癌	细胞	64
最受	欢迎	64
格式	的	64
格式	化	55
格式	条款	51
格式	转换	49
优势	在于	64
优势	地位	49
承认	自己	64
承认	了	60
承认	错误	48
放进	去	64
放进	来	48
可比	性	64
一辆	车	64
一辆	汽车	47
衍	生出	64
衍	生物	54
受伤	的	64
受伤	了	56
受伤	害	46
并发	症	64
就想	着	64
就想	到	60
就想	起	48
就想	要	48
单机	游戏	64
常	常会	64
常	见于	58
常	用于	55
常	出现	51
常	用字	48
常常	会	64
常常	是	60
饱和	度	64
众	多的	64
众	议院	47
众多	的	64
默默	地	64
默默	的	63
近距	离	64
做事	情	64
一样	是	64
一样	可以	60
一样	有	56
一样	会	55
一样	都是	54
一样	大	54
一百	万	64
一百	多	61
一百	年	61
一百	个	60
一百	多年	55
一百	块	52
对其	他	64
尤为	重要	64
尤为	明显	52
尤为	突出	47
卡	罗拉	64
卡	西欧	63
卡	卡西	62
卡	塔尔	56
卡	洛斯	55
卡	住了	54
卡罗	拉	64
卡罗	尔	51
重新	开始	64
重新	回到	60
重新	设计	58
重新	定义	57
重新	审视	56
重新	认识	52
走到	了	64
走到	哪里	51
走到	一起	51
走到	今天	50
走到	哪	50
走到	尽头	47
太高	了	64
苏	东坡	64
苏	格兰	64
工	作者	64
工	业界	62
工	地上	57
工	学院	54
工	人们	53
工	商业	52
回归	到	64
回归	了	56
回归	年	55
回归	正题	54
回归	分析	52
就到	了	64
就到	这里	60
应聘	者	64
我倒	是	64
代入	感	64
底层	逻辑	64
底层	人民	55
底层	资产	54
底层	人	48
底层	民众	46
管	理学	64
管	风琴	63
管	不了	54
管	弦乐	53
管	理器	50
管	不住	48
随之	而来	64
那还	是	64
那还	不如	53
那还	有	48
节	假日	64
节	省了	60
节	约了	54
节	点上	52
营养	师	64
营养	素	59
营养	物质	59
营养	不良	59
营养	学	58
营养	成分	58
摩托	车	64
摩托	罗拉	60
这年	头	64
试用	期	64
试用	了	49
家长	们	64
家长	会	53
家长	说	50
家长	可以	48
两句	话	64
回忆	起	64
回忆	录	60
回忆	说	51
回忆	杀	47
回忆	道	46
权威	的	64
权威	性	60
权威	机构	51
药物	治疗	64
药物	研发	46
以我	的	64
以我	们	52
金刚	狼	64
金刚	石	50
金刚	钻	46
门槛	低	64
门槛	高	56
门槛	很低	51
门槛	不高	48
门槛	较高	48
门槛	较低	46
全球	化	64
全球	变暖	62
全球	市场	58
全球	性	58
全球	经济	57
全球	第一	56
两分	钟	64
示	意图	64
示意	图	64
你问	我	64
你问	他	48
大体	上	64
大体	重	51
大体	是	47
不严	谨	64
不严	重	57
不严	格	49
收藏	夹	64
收藏	了	58
收藏	价值	54
收藏	家	53
收藏	起来	53
收藏	品	53
一场	比赛	64
一场	戏	55
一场	梦	51
一场	战争	49
一场	场	49
一场	空	47
举办	的	64
举办	了	58
传统	文化	64
传统	行业	63
传统	意义	62
传统	武术	60
传统	企业	56
传统	上	55
发病	率	64
发病	机制	47
隐	藏在	64
隐	藏着	59
隐藏	在	64
隐藏	着	59
隐藏	了	55
隐藏	起来	49
隐藏	式	46
国务	院	64
国务	卿	46
实践	中	64
实践	的	62
实践	经验	58
实践	能力	52
实践	证明	51
实践	性	51
有段	时间	64
治疗	方案	64
治疗	方法	63
治疗	效果	58
治疗	师	55
治疗	后	54
治疗	费用	53
小哥	哥	64
唱片	公司	64
看他	们	64
垃圾	桶	64
垃圾	分类	59
垃圾	邮件	56
垃圾	食品	54
垃圾	袋	54
垃圾	箱	51
他曾	经	64
他曾	在	49
正经	的	64
正经	人	48
语文	老师	64
语文	课	51
语文	学习	47
语文	成绩	46
同意	了	64
同意	的	56
同意	后	46
都做	不到	64
都做	了	62
都做	过	55
都做	好	46
动态	的	64
动态	规划	58
动态	范围	56
动态	平衡	53
动态	变化	50
动态	调整	48
它是	一个	64
它是	一种	60
它是	由	54
原谅	我	64
原谅	了	50
原谅	他	49
原谅	你	46
赛	场上	64
赛	亚人	60
赛	车手	53
赛	百味	53
赛	琳娜	49
赛	季末	47
赛场	上	64
公共	课	64
公共	交通	57
公共	场合	57
公共	场所	55
公共	服务	53
公共	空间	52
细节	上	64
细节	问题	54
细节	处理	52
到头	来	64
到头	了	57
枯燥	的	64
枯燥	乏味	54
枯燥	无味	51
诸如	此类	64
浓浓	的	64
开创	了	64
开创	性	56
开创	者	55
一款	游戏	64
某个	人	64
某个	地方	55
某个	行业	52
某个	角落	47
某个	位置	46
采访	中	64
采访	了	54
科幻	小说	64
科幻	电影	63
科幻	片	61
科幻	世界	54
科幻	作家	50
科幻	迷	48
回想	起来	64
回想	起	63
删	除了	64
删	掉了	60
删	评论	47
删除	了	64
错题	本	64
错题	集	52
崩溃	了	64
有了	一个	64
有了	这个	60
有了	一些	56
有了	解	54
有了	孩子	53
有了	钱	50
巅峰	期	63
巅峰	时期	60
巅峰	之作	53
巅峰	状态	48
清楚	的	63
清楚	了	62
清楚	地	59
清楚	明白	48
弗洛	伊德	63
硕士	毕业	63
硕士	学位	60
硕士	生	59
硕士	论文	53
硕士	点	52
硕士	课程	48
锂	电池	63
外地	人	63
死去	的	63
死去	了	50
热门	专业	63
热门	话题	51
热门	行业	46
用到	了	63
改革	开放	63
改革	后	53
改革	派	46
写作	业	63
写作	文	63
写作	能力	58
写作	技巧	56
写作	者	54
写作	时	52
牛仔	裤	63
肚子	里	63
肚子	上	54
肚子	疼	53
肚子	痛	46
鄙视	链	63
观众	们	63
观众	席	51
观众	觉得	47
切入	点	63
也更	加	63
利润	率	63
利润	表	52
利润	总额	47
利润	分配	46
爱德	华	63
施工	单位	63
施工	图	54
施工	方	53
施工	队	53
施工	工艺	48
施工	员	48
坐	下来	63
坐	飞机	59
坐	地铁	58
坐	落在	56
坐	火车	56
坐	公交	55
坐下	来	63
回家	了	63
回家	后	59
回家	路上	50
回家	乡	49
回家	吃饭	48
回家	过年	47
波	函数	63
波	尔多	55
波	斯人	51
注册	资本	63
注册	了	63
注册	公司	60
注册	一个	57
注册	资金	57
注册	商标	55
随心	所欲	63
牺牲	了	63
牺牲	自己	61
牺牲	品	57
牺牲	掉	50
不然	你	63
不然	就	61
不然	会	58
不然	的话	56
不然	我	56
在职	场	63
在职	人员	49
老板	娘	63
老板	说	61
老板	们	59
但当	时	63
不如	说是	63
不如	说	62
不如	意	58
不如	去	55
不如	你	52
不如	我	47
一边	是	63
一边	说	58
一边	倒	57
一边	看	57
一边	哭	49
一边	吃	48
方式	和	63
方式	方法	54
还活	着	63
脚踏	实地	63
厚	厚的	63
厚	脸皮	51
所作	所为	63
科技	的	63
科技	发展	57
科技	水平	55
科技	感	55
科技	树	55
科技	股	55
四分	之一	63
四分	卫	56
四分	之三	53
四分	钟	48
四分	音符	47
功	能上	63
招生	人数	63
招生	简章	58
招生	官	57
招生	计划	53
招生	办	52
招生	名额	52
名义	上	63
名义	利率	47
不便	宜	63
不作	为	63
恐	怕是	63
恐怕	是	63
恐怕	也	57
恐怕	会	51
恐怕	要	51
恐怕	不是	47
担心	的	63
担心	他	51
担心	你	48
担心	了	46
凭借	着	63
凭借	自己	56
我才	知道	63
我才	发现	61
我才	能	54
我才	明白	53
我才	是	50
催化	剂	63
升级	版	63
升级	到	63
升级	为	60
升级	成	54
流程	图	63
流程	化	51
碎片	化	63
碎片	的	48
南京	大学	63
屋子	里	63
两件	事	63
两件	事情	54
都说	了	63
都说	好	52
都说	过	52
都说	是	51
得出	结论	63
得出	来	58
友	好的	63
友好	的	63
马里	奥	63
而其	他	63
既不	是	63
既不	能	57
既不	会	54
五个	人	63
五个	月	56
五个	小时	50
五个	字	49
五个	方面	47
指挥	官	63
指挥	家	56
指挥	部	51
指挥	下	48
指挥	棒	47
中学	生	63
中学	习	55
中学	时代	49
中学	老师	46
看下	去	63
看下	来	61
回去	了	63
回去	之后	50
回去	吧	49
回去	看看	46
年龄	段	63
年龄	大了	54
年龄	小	50
年龄	限制	49
年龄	层	48
年龄	阶段	46
无尽	的	63
敏感	的	63
敏感	度	62
敏感	性	59
敏感	肌	55
敏感	词	49
敏感	程度	47
充电	器	63
充电	宝	62
充电	桩	55
充电	头	55
充电	线	49
充电	速度	46
跑题	了	63
趣味	性	63
右边	的	63
右边	是	58
不难	看出	63
不难	发现	63
不难	理解	62
不难	想象	49
大有	人在	63
方舟	子	63
哪里	有	63
哪里	来的	60
哪里	是	58
哪里	的	58
哪里	去了	56
哪里	不对	52
业内	人士	63
推理	小说	63
推理	能力	52
推理	出	46
正处	于	63
正处	在	54
接地	气	63
令狐	冲	63
转折	点	63
太极	拳	63
委	托人	63
委托	人	63
委托	给	49
重	大的	63
重	金属	62
重	难点	61
重	量级	61
重	灾区	59
重	口味	58
重大	的	63
重大	疾病	56
重大	事件	52
重大	问题	50
重大	突破	49
重大	影响	47
黑客	帝国	63
别的	地方	63
别的	不说	61
别的	学校	58
别的	东西	57
别的	什么	56
别的	办法	52
天下	第一	63
天下	无敌	57
天下	人	53
天下	没有	51
天下	大乱	51
天下	无双	46
战	场上	63
战	国策	50
战场	上	63
赶	不上	63
赶	上了	61
赶	时间	54
赶	走了	51
赶	出去	51
赶	到了	49
国产	品牌	63
国产	游戏	59
国产	车	57
国产	电影	55
国产	手机	54
国产	动画	53
而此	时	63
随处	可见	63
晚	自习	63
晚	上去	51
晚	一点	49
晚	饭后	48
融合	了	63
大将	军	63
私募	基金	63
私募	股权	47
脖子	上	63
健康	告知	63
健康	状况	56
健康	问题	56
健康	发展	54
健康	饮食	53
健康	人	52
组成	部分	63
汽车	行业	63
汽车	人	59
汽车	之家	58
汽车	品牌	52
汽车	工业	51
汽车	产业	50
营业	执照	63
营业	额	62
营业	部	62
营业	收入	61
营业	税	58
营业	时间	54
动力	学	63
动力	系统	57
动力	总成	56
动力	电池	55
动力	性	48
动力	不足	47
魔术	师	63
一类	是	63
一类	人	57
不差	钱	63
旁	观者	63
旁观	者	63
黑龙	江	63
乳腺	癌	63
乳腺	增生	50
乳腺	结节	47
效率	高	63
效率	更高	60
效率	低	59
效率	低下	57
效率	最高	55
效率	不高	52
不起	来	63
不起	眼	62
不起	作用	52
新生	代	63
新生	儿	62
新生	活	52
新生	事物	48
负	责任	63
负	能量	61
负	利率	57
负	增长	54
负	离子	52
负	反馈	51
走向	了	63
走向	世界	52
走向	成熟	46
观测	到	63
观测	者	51
股票	市场	63
股票	价格	59
股票	基金	59
股票	投资	56
股票	交易	52
股票	仓位	50
强调	了	63
强调	一下	62
强调	一点	55
强调	过	49
巴拉	巴拉	63
里的	人	63
多种	多样	63
多种	因素	55
多种	方式	53
多种	形式	49
多种	类型	48
多种	语言	48
小人	物	63
赚的	钱	63
最高	点	63
最高	分	61
最高	峰	57
最高	水平	56
最高	境界	55
最高	级别	53
新鲜	感	63
新鲜	血液	53
新鲜	事	52
新鲜	事物	51
新鲜	出炉	51
新鲜	度	50
同性	恋	63
接收	到	63
接收	机	53
接收	器	51
接收	了	49
接收	方	49
金球	奖	63
给予	了	63
长长	的	63
尽管	如此	63
尽管	是	51
亚洲	人	63
亚洲	杯	54
亚洲	第一	51
亚洲	国家	48
亚洲	地区	48
亚洲	最大	47
阿凡	达	63
此时	此刻	63
此时	是	47
苹果	手机	63
苹果	公司	62
苹果	电脑	50
苹果	官网	49
波动	率	63
波动	性	57
同级	别	63
我问	他	63
我问	她	57
我问	你	54
我问	过	53
面	试题	63
面	对着	62
面	对面	61
面	试了	60
面	包机	53
面	包车	53
却不	是	63
却不	能	63
却不	知道	63
却不	知	54
却不	会	54
却不	想	47
走过	来	63
走过	去	59
走过	了	57
走过	路过	47
收集	了	63
收集	到	61
收集	信息	53
收集	整理	51
收集	资料	49
收集	证据	46
要选	择	63
在线	教育	63
在线	上	60
在线	阅读	48
在线	编辑	48
在线	学习	48
在线	观看	48
啊	什么	63
赚	大钱	63
赚	到了	58
赚	回来	55
赚	不到	55
赚	点钱	52
赚	差价	50
不放	心	63
不放	弃	59
不放	过	54
女人	的	63
女人	们	52
女人	是	46
中子	星	63
吹	牛逼	63
吹	风机	58
吹	出来	54
吹	上天	51
吹	起来	49
吹	一波	48
吹牛	逼	63
走的	是	63
走的	时候	60
走的	路	56
愿意	去	63
愿意	把	51
愿意	花钱	48
愿意	来	47
愿意	听	47
切	换到	63
切	不可	54
切	断了	50
切	换成	49
切	下来	46
切换	到	63
切换	成	49
切换	为	46
你给	我	63
你给	他	54
复旦	大学	63
紫	外线	63
紫	罗兰	48
紫外	线	63
演	变成	63
演	变为	54
演	讲稿	49
演	化成	49
演	化为	48
演	出来	47
演变	成	63
演变	为	54
演变	而来	49
演变	过程	46
院子	里	63
所得	税	63
所得	到	51
会使	用	63
会使	得	58
没法	比	63
没法	用	56
没法	和	51
没法	说	51
没法	看	51
没法	玩	49
气候	变化	63
气候	变暖	50
气候	条件	46
团队	成员	63
团队	合作	58
团队	协作	56
团队	管理	51
团队	精神	48
团队	开发	46
福尔	摩斯	63
难以	想象	63
难以	接受	60
难以	理解	59
难以	置信	58
难以	忍受	54
难以	避免	53
击败	了	63
英文	版	63
英文	名	61
英文	单词	56
英文	歌	54
英文	写作	53
英文	字母	53
无可	奈何	63
无可	挑剔	57
无可	替代	53
无可	避免	52
无可	争议	51
无可	比拟	48
羽绒	服	63
默认	的	63
默认	是	54
默认	为	54
默认	值	47
长期	以来	63
长期	持有	63
长期	使用	61
长期	来看	60
长期	投资	57
长期	坚持	57
左边	的	63
左边	是	58
武侠	小说	63
武侠	片	53
本场	比赛	63
边	后卫	63
边	前卫	49
边	工作	48
边	学习	47
广东	省	63
广东	人	59
广东	话	49
广东	地区	46
地下	室	63
地下	城	58
地下	水	55
地下	车库	48
报考	人数	63
报考	条件	57
报考	院校	51
报考	专业	50
报考	学校	47
我做	了	63
我做	过	58
我做	不到	54
需求	量	63
需求	分析	57
需求	方	54
需求	进行	49
需求	时	47
需求	评审	46
吃完	饭	63
吃完	了	60
吃完	后	48
吃完	晚饭	47
学的	是	63
一贯	的	63
爷爷	奶奶	63
爷爷	说	46
刘强	东	63
期货	市场	63
期货	公司	58
期货	交易	58
期货	的	54
期货	合约	54
期货	价格	49
维持	在	63
维持	着	57
维持	住	52
维持	生计	48
维持	生命	47
维持	秩序	47
与他	们	63
与他	人	62
姐妹	们	63
至尊	宝	63
两者	之间	63
两者	都	59
浪漫	主义	63
浪漫	派	46
耍	流氓	63
沉	重的	63
沉	下去	46
沉重	的	63
看来	是	63
看来	我	50
看来	还是	47
年纪	大了	63
年纪	轻轻	61
年纪	小	54
年纪	大	52
年纪	大的	51
扯	远了	63
在世	界	63
营	造出	63
营造	出	63
高等	教育	63
高等	数学	60
高等	级	54
高等	院校	53
高等	学校	51
高等	精灵	47
阿	拉伯	63
阿	波罗	61
阿	扎尔	55
阿	诺德	55
阿	泰尔	55
阿	丽塔	54
阿拉	伯	63
阿拉	贡	55
阿拉	蕾	46
阿拉	丁	46
阿拉	巴	46
中华	民族	63
中华	文明	61
中华	书局	59
中华	文化	57
中华	民国	49
明	知道	63
明	面上	62
明	摆着	56
明	白人	53
明知	道	63
主办	方	63
青春	期	63
青春	的	60
青春	版	51
青春	饭	48
青春	片	47
不高	兴	63
不高	于	47
敲门	砖	63
敲门	声	48
北上	广深	63
北上	广	62
不花	钱	63
没啥	问题	63
没啥	用	62
没啥	区别	60
没啥	关系	60
没啥	事	54
没啥	意思	53
小王	子	63
多了	一个	63
多了	去了	63
多了	解	61
多了	很多	56
多了	个	55
多了	起来	55
回报	率	63
公安	机关	63
公安	局	60
公安	部	56
公安	大学	49
公安	部门	47
公安	联考	47
攻击	力	63
攻击	的	60
攻击	性	60
攻击	者	54
攻击	方式	52
攻击	范围	50
体系	中	63
体系	化	57
体系	内	54
体系	结构	53
吸收	了	63
吸收	率	49
一想	到	63
掉	下来	63
掉	下去	55
掉	头发	52
掉	进了	51
掉	眼泪	51
掉	到了	50
热	力学	63
热	效率	55
热	辐射	52
热	气球	49
热	传导	48
热	起来	47
热力	学	63
热力	图	46
拯救	世界	63
拯救	了	62
拯救	者	53
拯救	地球	49
拯救	你	46
看你	自己	63
看你	们	53
看你	是	48
先来	看看	63
先来	个	48
多长	时间	63
几块	钱	63
有天	赋	63
有天	分	46
来谈	谈	63
兼容	性	63
艰	难的	63
艰难	的	63
艰难	地	53
达成	了	63
达成	共识	57
达成	一致	56
达成	目标	54
达成	协议	52
达成	合作	48
被我	们	63
卡西	欧	63
增长	率	63
增长	了	59
增长	速度	57
增长	到	51
增长	黑客	49
增长	趋势	48
承担	了	63
承担	责任	62
承担	起	56
承担	着	55
承担	风险	54
承担	不起	48
可信	度	63
可信	的	56
冒	出来	63
冒	出了	47
冒	风险	46
冒出	来	63
冒出	了	47
冒出	来了	46
人性	化	63
同志	们	63
同志	的	50
胡说	八道	63
更衣	室	63
二线	城市	63
连	自己	63
连	起来	59
连	带着	57
连	接到	57
连	一个	56
连	这个	51
亲戚	朋友	63
亲戚	家	51
亲戚	们	48
再好	的	62
再好	不过	49
再好	好	46
蒸	烤箱	62
点赞	收藏	62
点赞	数	53
点赞	了	52
点赞	哦	47
点赞	量	46
毛	主席	62
毛	利率	62
毛	不易	60
毛	中特	58
毛	爷爷	48
毛	利润	48
几本	书	62
科研	人员	62
科研	成果	59
科研	项目	57
科研	经历	56
科研	机构	56
科研	能力	56
平方	米	62
平方	公里	61
平方	千米	49
一块	钱	62
一块	儿	62
一块	石头	52
一块	肉	50
一块	块	50
一块	一块	47
大一	些	62
大一	大二	62
大一	点	60
大一	统	59
大一	点的	58
大一	新生	55
理科	生	62
美术	馆	62
美术	设计	54
美术	生	53
美术	指导	50
美术	史	50
美术	基础	47
只为	了	62
不定	期	62
不定	时	54
有道	理	62
有道	词典	51
有道	云	48
有道	德	47
筛	选出	62
筛选	出	62
筛选	简历	47
筛选	掉	47
推动	了	62
推动	下	54
推动	力	52
推动	作用	51
推动	着	50
推动	者	48
毛利	率	62
毛利	兰	60
毛利	润	48
年代	初	62
年代	末	62
年代	久远	54
年代	以来	50
年代	里	49
不尽	相同	62
二选	一	62
节奏	感	62
节奏	大师	50
节奏	快	49
太累	了	62
往前	走	62
往前	冲	51
往前	推	49
往前	跑	46
嵌入	式	62
嵌入	到	47
必修	课	62
必修	课程	47
必修	一	46
饿	了么	62
饿	死了	54
饿	不死	53
饿	肚子	52
饿了	么	62
心里	的	62
心里	有数	55
心里	面	53
心里	有	53
心里	想着	52
心里	话	52
去哪	里	62
去哪	儿	62
去哪	了	56
去哪	个	49
完整	性	62
完整	版	62
完整	度	47
不动	产	62
不动	了	59
不动	声色	56
不动	手	47
斯	大林	62
斯	巴达	60
斯	科特	59
斯	柯达	58
斯	诺克	56
斯	塔克	55
微小	的	62
里程	碑	62
人物	形象	62
人物	性格	59
人物	关系	59
人物	刻画	51
人物	角色	49
人物	传记	48
找出	来	62
看成	是	62
就越	多	62
就越	是	53
乍	一看	62
乍	一听	49
姆巴	佩	62
相近	的	62
招聘	网站	62
招聘	信息	62
招聘	会	55
招聘	岗位	51
招聘	方	49
招聘	者	48
科普	一下	62
科普	文章	53
科普	下	49
科普	文	49
科普	读物	47
很全	面	62
原先	的	62
原先	是	46
热水	器	62
热水	壶	46
论述	题	62
论述	了	49
便	可以	62
便	开始	61
便	有了	56
便	已经	47
便	没有	46
便可	以	62
核	聚变	62
核	武器	60
核	电站	56
核	废水	55
核	反应	51
核	辐射	51
带领	下	62
带领	着	51
带领	大家	49
带领	球队	48
贵	金属	62
贵	一点	59
贵	一些	57
贵	公司	53
贵	很多	48
贵	不贵	48
太低	了	62
打印	机	62
打印	出来	62
打印	店	50
新浪	微博	62
新浪	潮	57
新浪	博客	49
清	一色	62
清	政府	57
清	新的	54
清	醒了	51
清	除了	46
一笔	钱	62
一笔	带过	57
一笔	交易	48
停车	场	62
停车	位	51
停车	费	51
扮	演的	62
扮演	的	62
扮演	者	58
扮演	着	55
那天	晚上	62
那天	下午	49
那天	起	47
刺激	的	62
刺激	性	58
刺激	了	55
刺激	经济	51
刺激	下	51
刺激	消费	50
普遍	认为	62
普遍	存在	61
普遍	性	55
普遍	现象	55
普遍	是	53
普遍	都是	48
遇见	了	62
遇见	你	51
耽误	了	62
耽误	时间	51
闪光	灯	62
闪光	点	61
课本	上	62
课本	知识	46
源	代码	62
源	文件	53
源	动力	46
自信	的	62
自信	心	61
自信	满满	51
受制	于	62
进化	论	62
进化	成	57
练	习题	62
练	出来	59
练	听力	54
练	练手	52
练	瑜伽	52
练	起来	51
练习	题	62
练习	曲	60
练习	册	56
练习	生	54
练习	者	52
练习	瑜伽	50
配	不上	62
配	合着	58
配	一个	54
配	不配	47
印花	税	62
支	球队	62
支	撑着	57
支	付给	54
支	气管	48
幸存	者	62
幸存	下来	48
锻炼	身体	62
锻炼	自己	60
算出	来	62
下个	月	62
领域	内	62
领域	里	60
领域	知识	49
仪式	感	62
三体	人	62
三体	文明	47
爱情	故事	62
爱情	是	54
爱情	片	54
爱情	公寓	53
爱情	观	52
爱情	里	49
综艺	节目	62
都来	自	62
都来	了	54
都来	不及	52
成长	起来	62
成长	性	59
成长	经历	55
成长	股	55
成长	了	55
成长	环境	54
怪	不得	62
怪	自己	48
从而	使	62
主动	权	62
主动	性	57
主动	出击	56
主动	提出	53
主动	地	53
主动	联系	52
体脂	率	62
体脂	秤	52
选修	课	62
选修	课程	46
初步	的	62
初步	了解	52
初步	判断	48
抖	机灵	62
笑了	笑	62
笑了	起来	52
笑了	一下	51
花费	了	62
花费	很多	48
差别	不大	62
差别	在于	49
不负	责	62
不负	责任	60
平衡	性	62
平衡	点	60
平衡	了	52
平衡	感	49
平衡	态	48
平衡	状态	48
不单	单是	62
不单	单	56
不单	是	55
一看	到	62
一看	就	62
觉	得是	62
觉	得很	59
觉	得好	56
觉	得有	53
觉	醒了	49
都还	是	62
都还	没	61
都还	不错	60
都还	在	59
都还	没有	57
都还	可以	53
爵士	乐	62
官方	网站	62
官方	文档	55
官方	微博	55
官方	账号	52
官方	语言	51
官方	数据	51
才算	是	62
干掉	了	62
合成	器	62
促	进了	62
促进	了	62
促进	作用	53
新版	本	62
新版	的	54
范	加尔	62
范	冰冰	60
范	迪克	47
执着	于	62
执着	地	46
像样	的	62
我花	了	62
规	定了	62
规定	了	62
规定	时间	50
接到	了	62
接到	电话	50
支撑	的	62
支撑	着	57
支撑	位	53
支撑	力	51
支撑	点	50
巧妙	的	62
巧妙	地	60
养活	自己	62
于	是你	62
于	一身	59
于	是把	51
于	是将	46
收购	了	62
面对	着	62
面对	面	61
面对	自己	58
面对	现实	54
面对	面的	51
隔壁	的	62
隔壁	班	52
隔壁	老王	50
上帝	视角	62
事件	中	62
事件	发生	57
事件	视界	49
事件	驱动	46
交通	工具	62
交通	事故	57
交通	费	54
交通	运输	52
交通	便利	51
交通	银行	50
测试	人员	62
测试	开发	60
测试	结果	58
测试	中	57
测试	了	56
测试	一下	53
写过	一篇	62
免	不了	62
免	学费	48
免	年费	48
脆	弱的	62
脆弱	的	62
脆弱	性	47
愉	快的	62
愉快	的	62
愉快	地	55
是你	自己	62
是你	们	58
机械	的	62
机械	表	61
机械	化	57
机械	工程	55
机械	键盘	55
机械	设计	53
豌豆	荚	62
哈佛	大学	62
归功	于	62
文艺	复兴	62
文艺	片	61
文艺	青年	60
文艺	作品	57
文艺	范	46
燃油	车	62
一连	串	62
就更	加	62
就更	好了	61
就更	不用	60
就更	是	52
就更	好	51
浙江	大学	62
浙江	省	59
浙江	人	47
浙江	卫视	46
开拓	者	62
开拓	了	49
上百	万	62
上百	个	58
上百	年	53
上百	人	49
上百	种	48
上百	亿	47
战胜	了	62
未必	是	62
未必	能	61
未必	会	55
未必	有	53
债务	人	62
债务	危机	55
债务	上限	48
债务	违约	46
财务	报表	62
财务	管理	59
财务	自由	59
财务	数据	57
财务	分析	57
财务	状况	55
迅速	的	62
迅速	地	57
迅速	发展	54
迅速	崛起	49
自古	以来	62
安装	了	62
安装	包	58
安装	在	57
安装	后	48
安装	软件	48
安装	时	46
外观	设计	62
外观	上	58
隶	属于	62
隶属	于	62
跑	出来	62
跑	起来	62
跑	过来	61
跑	过去	58
跑	出去	57
跑	不了	54
跑出	来	62
跑出	去	57
指标	的	62
指标	体系	55
列举	了	62
列举	出	46
收视	率	62
身	后的	62
身后	的	62
从此	以后	62
从此	之后	54
从此	不再	46
一代	人	62
一代	宗师	60
一代	代	55
一代	一代	50
不对	劲	62
不对	称	62
不对	啊	56
不对	了	53
我和	他	62
我和	我	61
我和	她	57
我和	你	57
我和	我的	57
我和	我妈	50
眼	看着	62
眼	药水	57
眼	珠子	52
眼	巴巴	47
眼	疲劳	46
眼看	着	62
摄入	量	62
摄入	过多	50
不由	得	62
不由	自主	59
培	养了	62
叫	什么	62
叫	他们	51
叫	我去	50
叫	我们	50
叫	外卖	49
叫	起来	48
数十	年	62
数十	万	58
数十	个	51
数十	亿	50
数十	人	48
无异	于	62
母	公司	62
母	基金	46
赞助	商	62
赞助	的	49
爬	起来	62
爬	出来	55
爬	上去	54
爬	格子	53
爬	楼梯	50
爬	上了	49
摆	在那	62
摆	明了	54
摆	出来	52
摆	放在	47
摆	放着	46
摆在	那	62
摆在	面前	47
摆在	眼前	46
不提	了	62
不提	供	60
不提	倡	54
不给	你	62
不给	力	58
不给	钱	57
不给	我	54
不给	他	53
我打	算	62
我打	开	53
我打	了	51
不及	格	62
不及	时	58
买的	是	62
买的	人	53
平日	里	62
就再	也	62
够	不够	62
够	不到	50
够	不上	50
够	多了	49
交	给了	62
交	朋友	62
交	学费	56
交	给你	55
交	社保	54
交	给他	54
交给	了	62
交给	你	55
交给	他	54
交给	我	54
感染	者	62
感染	了	61
感染	力	58
感染	率	50
要用	到	62
高峰	期	62
刘	德华	62
刘	青云	56
刘	老师	55
刘	先生	46
安东	尼	62
安东	尼奥	47
没事	儿	62
没事	干	55
没事	了	53
没事	没事	46
没事	做	46
翻出	来	62
交换	机	62
交换	生	52
小李	子	62
问问	题	62
问问	你	54
问问	他	47
守望	者	62
守望	先锋	58
陈	凯歌	62
陈	老师	59
陈	先生	57
陈	天桥	52
无一	例外	62
无一	不	56
无一	不是	55
无一	人	46
随便	找	62
随便	一个	59
随便	找个	57
随便	拿	54
随便	挑	54
随便	说	53
狙击	手	62
狙击	枪	52
参差	不齐	62
比他	们	62
比他	强	49
比他	高	48
茅台	酒	62
茅台	镇	52
衡水	中学	62
衡水	模式	53
衡水	体	48
重金	属	62
一门	课	62
一门	语言	57
一门	心思	56
一门	学科	54
一门	学问	50
一门	生意	47
等待	着	62
等待	期	55
等待	时间	52
帮他	们	62
原生	家庭	62
原生	态	54
原生	广告	46
混	日子	62
混	动车	51
混	合着	50
混	合体	48
混	得好	48
混	过去	46
初始	化	62
初始	状态	49
初始	阶段	48
初始	值	47
清北	复交	62
不限	于	62
不限	制	57
不限	速	49
原理	是	62
原理	上	55
原理	图	46
试试	看	62
试试	吧	53
试试	水	47
执业	药师	62
我听	到	62
我听	说	59
我听	了	57
我听	见	51
我听	着	51
我听	到了	50
投保	人	62
投保	年龄	47
实事	求是	62
配音	演员	62
检察	院	62
检察	官	61
卡卡	西	62
凯	恩斯	62
凯	尔特	46
凯恩	斯	62
遥	远的	62
遥远	的	62
就让	我	62
就让	他	58
就让	人	57
就让	你	55
就让	我们	53
就让	她	47
复试	线	62
复试	成绩	56
复试	名单	51
复试	时间	46
自制	力	62
想当	然	62
想当	年	58
想当	初	51
融	入了	62
融	资方	48
融	化了	48
融入	了	62
融入	社会	47
融入	其中	46
又有	了	62
又有	多少	60
又有	什么	58
又有	点	56
又有	人	55
又有	些	51
新冠	病毒	62
新冠	疫情	59
新冠	肺炎	56
新冠	疫苗	53
拉丁	语	62
拉丁	文	55
拉丁	美洲	52
拉丁	字母	52
加上	了	62
加上	一个	55
加上	去	52
加上	我	50
加上	他	47
解放	军	62
解放	了	55
解放	出来	53
解放	后	51
解放	前	51
解放	双手	49
勇敢	的	62
勇敢	地	58
校	园里	62
校	领导	59
校	医院	53
校	门口	52
校	招生	49
校	园内	48
校园	里	62
校园	招聘	58
校园	网	54
校园	生活	53
校园	暴力	52
校园	环境	51
休息	时间	62
休息	了	59
休息	一下	57
休息	日	53
休息	室	53
休息	时	50
对立	面	62
对立	统一	47
不下	去	62
不下	来	60
不下	去了	58
升职	加薪	62
一万	多	62
一万	个	57
一万	年	53
一万	元	53
一万	块	53
一万	块钱	52
放下	了	62
放下	来	50
放下	身段	47
摩擦	力	62
摩擦	系数	47
基因	组	62
基因	检测	61
基因	突变	59
基因	表达	52
基因	编辑	48
基因	工程	48
太小	了	62
小的	时候	62
停止	了	62
欢	迎来	62
欢	快的	52
欢	呼声	50
五五	开	62
难	不成	62
难	不难	57
难	过的	55
难	听的	54
难	看的	51
难	理解	48
脂肪	肝	62
脂肪	酸	60
脂肪	含量	55
脂肪	细胞	47
脂肪	组织	46
不良	反应	62
不良	资产	59
不良	影响	52
不良	习惯	50
不良	情绪	47
不良	少年	47
创建	一个	62
创建	了	60
创建	于	53
创建	者	47
要进	行	62
要进	入	51
系列	赛	62
系列	中	60
系列	里	55
系列	电影	55
系列	文章	54
系列	产品	54
念念	不忘	62
该项	目	62
老大	哥	62
老大	爷	59
老大	的	56
周期	性	62
周期	长	55
周期	短	50
周期	表	50
周期	股	47
一把	手	62
一把	刀	53
一把	年纪	50
一把	好手	50
一把	枪	49
一把	吉他	49
客	单价	62
客	人的	55
客	厅里	52
客	流量	51
客	家人	49
不远	处	62
不远	了	61
不远	万里	46
被他	们	62
被他	人	54
日子	里	62
日子	过得	56
沃尔	沃	62
沃尔	玛	60
沃尔	克	55
沃尔	特	54
沃尔	夫	47
动感	单车	62
用电	脑	62
用电	量	46
半年	后	62
半年	多	58
半年	前	57
半年	内	54
半年	了	54
半年	来	47
坐标	系	62
坐标	轴	54
坐标	上海	46
倒闭	了	62
仿佛	是	62
打好	基础	62
打好	了	52
打好	关系	46
录取	率	62
录取	人数	61
录取	情况	57
录取	分数	57
录取	了	56
录取	线	52
奥德	赛	62
函	数的	62
函数	的	62
函数	调用	46
函数	式	46
结论	是	62
摆脱	了	62
摆脱	不了	52
配备	了	62
加油	吧	62
加油	站	59
加油	哦	49
加油	啊	48
察觉	到	62
察觉	到了	51
关闭	了	62
也要	注意	62
也要	看	60
也要	去	52
也要	把	52
也要	求	51
独行	侠	62
简洁	的	62
简洁	明了	56
简洁	大方	48
东北	大学	62
东北	人	58
东北	地区	55
东北	军	52
东北	话	50
东北	部	50
竞品	分析	62
查	一下	62
查	出来	61
查	尔斯	60
查	资料	60
查	不到	57
查	了下	56
很强	大	62
寥寥	无几	62
必定	是	62
必定	会	61
必定	有	49
寒	暑假	62
寒	风中	46
罕见	的	62
罕见	病	56
更为	重要	62
更为	严重	48
更为	丰富	47
更为	合适	46
当成	了	62
当成	是	53
守护	者	62
守护	着	52
守护	神	50
归属	感	62
归属	于	57
带走	了	62
胶原	蛋白	62
海	量的	62
海	岸线	57
海	平面	56
海	内外	52
海	面上	50
海	南岛	50
海量	的	62
海量	数据	54
西门	子	62
西门	庆	55
读博	士	62
笑着	说	62
怕	不是	62
怕	自己	57
怕	什么	54
怕	麻烦	52
怕	是要	51
怕	别人	51
哥们	儿	62
违反	了	62
违反	法律	48
小说	家	62
小说	中的	52
无关	紧要	62
无关	了	47
颜值	高	62
颜值	很高	50
政府	部门	62
政府	机构	55
政府	机关	52
政府	官员	52
政府	补贴	49
政府	债务	47
随机	的	62
随机	性	61
随机	过程	55
随机	应变	54
随机	变量	53
随机	数	52
沉迷	于	62
沉迷	游戏	49
沉迷	在	47
取代	了	62
冲刺	阶段	62
冲刺	班	53
新兴	的	62
新兴	市场	52
新兴	行业	52
新兴	产业	49
时效	性	62
圣诞	节	62
圣诞	老人	47
圣诞	树	47
戴	维斯	62
戴	口罩	59
戴	眼镜	56
戴	上了	52
戴	帽子	51
戴	安娜	51
戴维	斯	62
如此	一来	62
如此	多	60
如此	之大	52
如此	之多	51
如此	这般	51
如此	简单	51
被告	人	62
被告	知	60
渐渐	的	61
渐渐	地	61
渐渐	消失	46
自来	水	61
自来	也	57
养	成了	61
养	孩子	52
养	不起	51
养	父母	47
养	宠物	47
养成	了	61
养成	习惯	54
养成	良好	49
机缘	巧合	61
山海	经	61
山海	关	49
说服	力	61
说服	自己	57
说服	不了	46
插	画师	61
插	一句	59
插	进去	48
插	画家	47
插画	师	61
插画	家	47
艾滋	病	61
他的	名字	61
他的	父亲	60
他的	音乐	60
他的	歌	60
他的	妻子	58
他的	儿子	58
证实	了	61
区域	内	61
区域	性	51
点了	点头	61
点了	赞	46
他妈	的	61
他妈	妈	58
无辜	的	61
真是	个	61
真是	太	56
真是	让人	54
真是	好	49
质量	问题	61
质量	好	61
质量	上	57
质量	差	52
质量	不好	52
质量	不高	50
发言	权	61
发言	人	52
本职	工作	61
越多	越好	61
越多	越	54
嘿	嘿嘿	61
嘿嘿	嘿	61
将会	是	61
将会	在	55
将会	有	51
自始	至终	61
学位	证	61
学位	证书	52
学位	论文	52
揭示	了	61
揭示	出	46
新来	的	61
过度	的	61
过度	解读	56
过度	依赖	50
过度	使用	50
过度	紧张	47
一秒	钟	61
较小	的	61
薪资	待遇	61
薪资	水平	58
下水	道	61
关于	这个	61
关于	我	54
关于	中国	49
关于	爱情	47
关于	你	46
写完	了	61
写完	后	49
之日	起	61
骄傲	的	61
骄傲	地	50
原住	民	61
就看	你	61
就看	到	60
就看	见	53
就看	你的	46
来了	个	61
来了	一个	57
来了	来了	47
牵	扯到	61
牵扯	到	61
会议	上	61
会议	室	60
会议	纪要	50
会议	记录	49
钢琴	家	61
钢琴	曲	55
钢琴	演奏	49
怎样	才能	61
怎样	做	50
发行	人	61
发行	商	58
发行	量	56
发行	方	55
发行	版	55
发行	公司	49
伯	克利	61
伯克	利	61
伯克	希尔	49
一千	多	61
一千	万	59
一千	个	56
一千	个人	52
一千	年	52
一千	块	51
震惊	了	61
遥控	器	61
种族	歧视	61
种族	主义	53
种族	值	49
种族	灭绝	49
大屏	幕	61
都给	你	61
都给	我	58
都给	了	56
都给	他	47
异常	的	61
异常	情况	48
地级	市	61
写字	楼	61
带我	去	61
带我	们	58
层次	感	61
层次	分明	51
层次	丰富	48
业余	时间	61
业余	的	57
业余	爱好	55
业余	选手	49
读书	人	61
读书	笔记	59
读书	会	59
读书	时	55
违	背了	61
违背	了	61
答题	卡	61
答题	技巧	58
答题	思路	56
答题	模板	52
答题	纸	49
答题	套路	46
并将	其	61
杀伤	力	61
沙发	上	61
沙发	客	52
沙发	主	49
民	法典	61
民	用车	48
民	法学	47
民法	典	61
民法	学	47
民法	总则	47
太空	中	61
太空	漫游	54
太空	电梯	50
太空	探索	49
太空	旅行	49
太空	舱	47
讲究	的	61
恶心	的	61
恶心	人	53
恶心	了	50
恶心	到	48
恶心	呕吐	48
恶心	人的	47
恰当	的	61
失业	率	61
失业	保险	53
失业	了	52
深圳	市	61
深圳	大学	55
活动	中	61
活动	策划	55
活动	范围	55
活动	价	52
活动	期间	50
活动	度	50
公立	医院	61
公立	学校	60
公立	大学	59
散发	着	61
散发	出	59
散发	出来	48
这次	是	61
这次	我	55
这次	更新	51
这次	考试	50
学科	评估	61
学科	知识	51
学科	专业	50
学科	门类	50
学科	建设	49
学科	教学	49
为何	要	61
为何	不	60
为何	会	57
为何	如此	53
为何	物	52
为何	在	47
无形	中	61
无形	资产	57
无形	之中	50
流畅	的	61
流畅	度	59
流畅	性	53
流畅	地	47
低估	了	61
透	露出	61
透露	出	61
透露	着	57
单纯	地	61
博弈	论	61
博弈	中	52
扎克	伯格	61
随身	携带	61
随身	带	52
随身	听	49
随身	带着	49
约翰	逊	61
约翰	尼	50
焦虑	的	61
焦虑	症	57
焦虑	感	53
焦虑	了	50
焦虑	不安	47
多方	面	61
多方	面的	60
多方	位	47
那叫	一个	61
凯尔	特人	61
凯尔	希	49
凯尔	特	46
一夜	之间	61
一夜	暴富	57
很糟	糕	61
水	龙头	61
水	分子	59
水	蒸气	59
水	资源	54
水	电费	52
水	面上	52
水龙	头	61
太贵	了	61
心脏	病	61
兴奋	的	61
兴奋	剂	59
兴奋	地	57
兴奋	不已	47
貌似	是	61
运用	了	61
运用	于	53
运用	上	46
满	脑子	61
满	大街	58
满	世界	54
满	一年	50
满	屋子	47
满	天星	46
聊	聊天	61
聊	一下	58
聊	起来	52
聊	几句	49
聊	两句	48
聊	得来	46
聊聊	天	61
平行	宇宙	61
平行	世界	61
平行	于	50
平行	志愿	49
平行	线	49
平行	时空	48
纸质	书	61
纸质	版	57
字面	意思	61
字面	上	53
字面	意义	50
欧阳	修	61
欧阳	锋	56
人体	内	61
人体	工学	53
人体	细胞	47
人体	实验	46
新闻	报道	61
新闻	联播	58
新闻	里	56
新闻	媒体	53
新闻	稿	53
新闻	学	51
写了	一篇	61
写了	一个	58
写了	个	58
写了	一些	49
写了	篇	48
写了	什么	47
十五	年	61
十五	分钟	56
十五	岁	53
十五	万	50
十五	个	47
十五	天	47
饮食	习惯	61
饮食	结构	52
饮食	文化	50
高考	成绩	61
高考	分数	58
高考	题	57
高考	前	57
高考	完	56
高考	数学	54
一阵	子	61
一阵	阵	51
一阵	风	48
事情	发生	61
事情	经过	48
分成	了	61
平板	支撑	61
平板	电脑	58
平板	上	48
平板	式	46
在她	的	61
在她	身上	51
在她	面前	50
在她	身边	48
在她	们	47
老头	子	61
老头	儿	53
老头	环	49
活着	的	61
符合	条件	61
符合	要求	56
符合	逻辑	53
符合	标准	48
强化	学习	61
强化	班	59
强化	了	58
强化	课	52
强化	训练	47
强化	记忆	47
一书	中	61
想想	看	61
想想	自己	61
想想	就	55
想想	也是	50
想想	吧	47
想想	办法	47
乃	至于	61
乃至	于	61
总成	绩	61
总成	本	52
晒	太阳	61
想看	看	61
弗利	萨	61
弗利	沙	48
当你	在	61
高票	答案	61
人会	说	61
轻	量化	61
轻	小说	58
轻	轻的	58
轻	易地	58
轻	量级	55
轻	博客	52
轻量	化	61
轻量	级	55
杀生	丸	61
人造	人	61
人造	板	49
人造	卫星	48
科班	出身	61
闪	光点	61
复印	件	61
应试	教育	61
应试	技巧	51
应试	者	47
扩展	到	61
扩展	性	55
闭上	眼睛	61
闭上	眼	52
使我	们	61
受益	人	61
受益	于	55
受益	者	54
受益	良多	46
名词	解释	61
加班	费	61
加班	加点	55
重复	了	61
重复	性	57
重复	使用	55
重复	率	54
重复	着	53
重复	出现	51
也曾	经	61
蛋	白粉	61
蛋	疼的	50
蛋	炒饭	49
弥	补了	61
弥补	了	61
我猜	测	61
我猜	想	54
我猜	的	48
我猜	你	48
动物	园	61
动物	实验	54
动物	世界	47
动物	性	47
动物	界	46
等着	你	61
等着	我	55
等着	他	50
等着	看	47
等着	我们	46
提前	准备	61
提前	批	58
提前	了解	54
提前	一天	50
提前	在	50
提前	预约	48
比尔	盖茨	61
比尔	博	49
想要	了解	61
想要	什么	60
想要	把	55
想要	获得	55
想要	一个	55
想要	得到	52
显	得很	61
显	现出	53
显	露出	51
显得	很	61
显得	更加	57
显得	格外	53
显得	比较	52
显得	十分	51
显得	特别	51
就给	我	61
就给	你	60
就给	他	54
就给	自己	48
无穷	无尽	61
无穷	的	57
无穷	大	56
无穷	小	47
最强	大	61
最强	烈	48
最强	大脑	47
最强	者	46
共产	主义	61
共产	党	59
共产	国际	49
共产	党员	48
星际	穿越	61
星际	争霸	57
星际	迷航	56
星际	旅行	48
要是	你	61
要是	有	60
要是	没有	57
要是	我	56
要是	不	54
要是	真的	53
上图	中	61
上图	为	53
腾讯	视频	61
腾讯	云	59
腾讯	系	49
腾讯	音乐	49
腾讯	课堂	49
腾讯	新闻	48
安慰	自己	61
安慰	我	59
安慰	剂	57
安慰	他	52
安慰	她	52
收录	了	61
收录	在	53
收录	于	48
引力	波	61
引力	场	56
引力	透镜	49
主机	厂	61
主机	游戏	60
主机	上	52
之处	在于	61
劳力	士	61
债券	基金	61
债券	市场	57
暂时	没有	61
暂时	不	55
暂时	没	52
暂时	无法	49
暂时	性	48
绕	不开	61
绕	口令	48
绕	过去	48
绕	地球	47
绕	过了	46
浓	厚的	61
浓	硫酸	52
浓厚	的	61
浓厚	兴趣	46
大胆	的	61
大胆	地	55
大胆	猜测	48
同质	化	61
不久	后	61
不久	前	58
不久	之后	58
不久	就	54
跑过	来	61
跑过	去	58
作	用于	61
作	用力	58
作	用在	53
作	用了	52
作	一个	51
作	为其	51
岗位	上	61
岗位	职责	56
岗位	工作	48
几秒	钟	61
旅	行者	61
旅	行车	48
旅行	者	61
旅行	社	58
旅行	团	52
旅行	中	50
旅行	车	48
旅行	时	48
教室	里	61
恰好	是	61
恰好	相反	46
地面	上	61
继续	做	61
继续	说	60
继续	努力	58
继续	下去	58
继续	学习	57
继续	深造	57
有无	数	61
有无	限	50
塑料	袋	61
塑料	感	47
塑料	瓶	46
要我	说	61
在校	生	61
在校	期间	58
在校	学生	56
在校	内	51
在校	园	49
在校	门口	46
密码	学	61
矿	泉水	61
矿	物质	59
矿泉	水	61
矿泉	水瓶	46
损失	了	61
损失	惨重	57
损失	函数	56
比这	个	61
悉尼	大学	61
当天	晚上	61
当天	下午	54
英雄	联盟	61
英雄	主义	55
英雄	人物	50
英雄	本色	48
售后	服务	61
开了	个	61
开了	一家	56
就买	了	61
六	个月	61
六	个人	55
六	年级	53
六	人间	52
六	月份	52
六	七年	51
六个	月	61
六个	人	55
六个	小时	49
六个	字	47
多的	是	61
多的	人	55
手动	狗头	61
手动	挡	57
手动	滑稽	55
手动	对焦	50
手动	调节	46
延伸	到	61
延伸	出	54
延伸	至	47
延伸	出来	46
边缘	化	61
边缘	的	60
边缘	人	49
安安	静静	61
重量	级	61
重量	轻	50
带到	了	61
换位	思考	61
更有	可能	61
更有	优势	60
更有	趣	60
更有	效	57
更有	价值	57
更有	意思	56
可惜	了	61
可惜	没有	50
再不	济	61
再不	行	52
再不	斩	46
前辈	们	61
赶上	了	61
争取	到	61
争取	时间	46
人多	了	61
伤害	的	61
伤害	到	57
伤害	了	57
伤害	自己	47
伤害	他人	46
融会	贯通	61
到哪	里	61
到哪	儿	54
到哪	去	52
大事	件	61
大事	儿	46
走进	了	61
走进	去	51
走进	来	49
量化	交易	61
量化	宽松	53
量化	策略	52
微妙	的	61
一行	人	61
一行	字	51
一行	代码	48
一行	行	46
星球	上	61
星球	大战	60
生病	了	61
生病	住院	46
刚好	是	61
刚好	在	54
刚好	有	51
刚好	相反	49
曾	经有	61
曾	说过	60
曾	多次	55
曾	一度	55
曾	有过	55
曾	表示	53
判断	出	61
判断	力	60
判断	是否	57
判断	标准	56
判断	题	54
判断	能力	54
一体	机	61
一体	化	59
一体	式	52
一体	两面	47
一体	成型	46
吃喝	玩乐	61
更是	如此	61
更是	把	49
椅子	上	61
势	必会	61
势必	会	61
复习	资料	61
复习	方法	60
复习	了	59
复习	计划	57
复习	全书	54
复习	进度	50
捕捉	到	61
推导	出	61
推导	过程	50
听出	来	61
上线	了	61
全家	桶	61
全家	人	58
全家	福	52
难度	大	61
难度	系数	58
难度	较大	57
难度	很大	57
难度	不大	56
难度	高	52
辨识	度	61
昨天	晚上	61
昨天	下午	48
取出	来	61
视网	膜	61
键盘	侠	61
键盘	上	55
键盘	手	51
占领	了	61
占领	市场	48
高速	公路	61
高速	发展	60
高速	增长	55
高速	旋转	47
高速	路	46
高速	行驶	46
擎	天柱	61
擎天	柱	61
短短	的	61
情理	之中	61
伏特	加	61
释	放出	61
释	放了	56
释放	出	61
释放	出来	57
释放	了	56
释放	能量	48
释放	压力	47
亲朋	好友	61
体育	课	61
体育	馆	59
体育	场	59
体育	运动	58
体育	老师	56
体育	生	53
西南	大学	61
西南	地区	54
西南	联大	48
西南	部	47
衣服	的	61
衣服	穿	48
衣服	鞋子	46
印证	了	61
交流	群	61
交流	电	55
交流	了	52
交流	平台	48
交流	会	47
交流	方式	46
阿尔	萨斯	61
阿尔	法	61
阿尔	敏	49
阿尔	伯特	48
阿尔	斯通	47
阿尔	维斯	47
离我	们	61
回复	了	61
回复	我	55
回复	说	51
回复	你	51
回复	下	46
中央	银行	61
中央	政府	58
中央	集权	55
中央	空调	53
中央	财政	47
中央	军	46
农	产品	61
农	民工	60
农	商行	58
农	作物	58
农	家乐	50
农	学院	48
农产	品	61
为主	题	61
为主	体	57
为主	线	52
有益	的	61
有益	于	54
有益	处	47
否	定了	61
否	则会	59
否	认了	50
否定	了	61
那只	是	61
那只	能	58
那只	手	46
接近	于	61
接近	尾声	50
接近	光速	47
违法	行为	61
违法	的	60
违法	犯罪	53
违法	违规	48
股市	的	61
股市	里	54
学院	派	61
远距	离	61
新华	书店	61
新华	社	54
新华	字典	48
新华	网	48
穆斯	林	61
这套	书	61
这套	房子	48
这套	体系	47
没过	多久	61
没过	几天	48
坚决	不	61
坚决	反对	55
这幅	画	61
这幅	图	52
这幅	作品	47
宿舍	楼	61
宿舍	里	56
宿舍	条件	50
宿舍	楼下	47
宿舍	区	46
传	染病	61
传	教士	55
传	送到	54
传	来了	54
传	下来	53
传	到了	53
传染	病	61
传染	性	55
传染	给	51
克	里斯	61
克	拉克	58
克	莱尔	55
克	罗斯	54
克	鲁斯	47
克里	斯	61
克里	米亚	46
没做	过	61
没做	好	59
没做	完	51
没做	到	51
中山	大学	61
中山	路	49
旧	金山	61
旧	时代	56
旧	社会	51
旧	制度	50
旧	版本	48
旧	贵族	48
生存	空间	61
生存	下去	58
生存	环境	57
生存	下来	54
生存	能力	52
生存	率	51
威	联通	61
威	尼斯	59
威	少爷	48
威	尔斯	46
查出	来	61
本土	化	61
本土	文化	46
整部	电影	61
整部	剧	52
整部	影片	50
整部	作品	50
正义	联盟	61
正义	感	53
活跃	度	61
活跃	起来	47
活跃	气氛	46
游牧	民族	61
到达	了	61
都要	求	61
都要	有	58
都要	去	56
都要	在	53
都要	做	53
都要	看	51
解题	思路	61
解题	技巧	58
解题	方法	58
解题	步骤	47
搞笑	的	61
蓬勃	发展	61
你让	我	61
你让	他	56
正反	馈	61
正反	面	52
教	大家	60
教	我们	56
教	职工	52
教	学生	52
教	孩子	52
教	他们	51
大白	话	60
大白	菜	55
大白	鲨	49
大白	天	47
不干	净	60
不干	了	58
不干	活	51
不干	涉	46
珍	贵的	60
珍贵	的	60
司法	考试	60
司法	解释	57
司法	机关	54
司法	部	50
司法	实践	46
司法	鉴定	46
开设	了	60
时代	背景	60
时代	变了	55
时代	不同	48
时代	周刊	47
寄存	器	60
不算	什么	60
不算	多	60
不算	是	60
不算	大	54
不算	难	51
不算	太高	49
救护	车	60
露	出了	60
露	出来	54
露出	了	60
露出	来	54
少了	很多	60
少了	一个	53
少了	一些	50
少了	点	50
少了	些	48
该死	的	60
这辆	车	60
残疾	人	60
你都	可以	60
你都	要	55
你都	会	55
你都	知道	46
你都	不会	46
删掉	了	60
过渡	到	60
过渡	期	53
罪魁	祸首	60
就要	看	60
就要	开始	60
就要	去	59
就要	有	55
就要	把	55
就要	被	54
我错	了	60
最火	的	60
最火	爆	47
心情	不好	60
心情	好	55
心情	愉悦	49
心情	舒畅	46
革命	的	60
革命	性	57
革命	者	54
革命	军	47
革命	家	46
隐形	眼镜	60
与人	类	60
与人	沟通	48
容易	导致	60
容易	产生	59
容易	引起	58
容易	发生	53
容易	受伤	51
容易	出错	51
但却	是	60
制成	的	60
做错	了	60
做错	事	49
托尔	金	60
高度	近视	60
高度	重视	53
高度	集中	52
高度	发达	52
高度	一致	49
高度	相关	49
杀人	犯	60
杀人	事件	55
杀人	案	50
杀人	放火	49
杀人	狂	46
杀人	了	46
年化	收益	60
年化	利率	47
她就	是	60
口袋	里	60
口袋	妖怪	53
淘宝	店	60
淘宝	网	56
淘宝	客	54
淘宝	店铺	54
淘宝	卖家	52
淘宝	联盟	50
妈妈	说	60
开起	来	60
人格	魅力	60
人格	障碍	52
人格	分裂	49
人格	化	47
武汉	大学	60
武汉	理工	53
武汉	市	51
武汉	人	49
瞬间	就	60
瞬间	觉得	46
去掉	了	60
这位	同学	60
这位	是	48
输	给了	60
输	掉了	52
输	不起	51
输	送到	49
输	入了	46
输给	了	60
眼睛	里	60
最佳	选择	60
最佳	影片	53
最佳	时机	53
最佳	实践	52
最佳	状态	51
最佳	导演	51
曾说	过	60
初试	成绩	60
初试	分数	54
初试	科目	46
搞了	个	60
搞了	一个	54
下班	后	60
下班	了	58
下班	回家	54
下班	时间	53
鲜明	的	60
格里	芬	60
格里	高利	50
格里	菲斯	49
格里	沙	48
借鉴	了	60
借鉴	意义	51
借鉴	一下	47
核武	器	60
换了	个	60
洗手	间	60
洗手	台	47
洗手	液	46
跟着	他	60
跟着	我	59
跟着	老师	58
跟着	你	54
跟着	一起	53
跟着	他们	51
排	除了	60
排	第一	57
排	除掉	57
排	第二	51
排	出来	49
排	放量	48
排除	了	60
排除	掉	57
排除	法	54
排除	在外	48
辞职	了	60
辞职	后	52
大致	是	60
大致	了解	54
大致	上	54
大致	相同	52
大致	意思	51
初创	公司	60
初创	企业	57
竞技	场	60
竞技	体育	59
竞技	性	52
竞技	游戏	51
竞技	状态	51
竞技	水平	48
检测	到	60
检测	结果	55
检测	出	54
检测	报告	54
检测	出来	48
检测	机构	48
看懂	了	60
伙伴	们	60
大小	姐	60
大小	便	50
大小	写	49
大小	不一	49
大小	调	47
大小	周	47
瑟瑟	发抖	60
新增	了	60
新增	加	48
精酿	啤酒	60
被打	破	60
被打	的	55
被打	死	55
被打	断	54
被打	败	52
被打	了	50
分配	给	60
分配	方式	46
遗产	税	60
画面	感	60
画面	效果	52
社区	团购	60
社区	医院	50
源自	于	60
接班	人	60
角落	里	60
玻璃	心	60
玻璃	杯	53
玻璃	瓶	53
玻璃	门	50
玻璃	窗	49
玻璃	球	46
像是	在	60
致命	的	60
致命	一击	52
致命	伤	50
获取	到	60
获取	方式	54
获取	知识	51
获取	数据	50
关联	性	60
关联	交易	50
关联	方	49
关联	度	48
关联	公司	46
关联	关系	46
贴	出来	60
贴	一个	59
贴	标签	55
贴	上来	53
贴	一张	51
贴	上了	51
贴出	来	60
萨拉	赫	60
主线	剧情	60
主线	任务	54
几张	图	60
几张	照片	52
几张	图片	47
向他	们	60
徐涛	老师	60
一见	钟情	60
一见	面	48
一见	到	46
当年	在	60
当年	也是	51
将它	们	60
螺丝	钉	60
螺丝	刀	51
在看	到	60
节省	时间	60
节省	了	60
节省	空间	53
节省	成本	53
守门	员	60
守门	人	46
更小	的	60
爆炸	的	60
爆炸	了	56
爆炸	性	49
连续	性	60
连续	剧	50
连续	几天	49
连续	多年	48
连续	不断	46
工商	局	60
工商	管理	59
工商	银行	57
工商	业	52
工商	部门	48
立刻	就	60
男女	主	60
男女	比例	57
男女	主角	56
男女	朋友	51
男女	平等	49
男女	之间	49
巴	特勒	60
巴	洛克	57
巴	不得	57
巴	克利	52
巴	恩斯	50
巴	蒂尔	46
巴特	勒	60
离合	器	60
农民	工	60
农民	起义	53
更强	大	60
更强	调	54
更强	了	46
皮	克斯	60
皮	尔斯	52
皮	埃尔	49
皮	沙发	47
皮克	斯	60
冬奥	会	60
喝多	了	60
几天	后	60
几天	前	53
几天	内	47
爱的	人	60
通知	书	60
通知	我	53
通知	了	49
通知	栏	46
这片	土地	60
这片	子	57
中得	到	60
伪装	成	60
指出	了	60
指出	来	53
蛮	多的	60
蛮	好的	57
踏	上了	60
踏上	了	60
性能	测试	60
性能	上	59
性能	提升	56
性能	优化	53
性能	方面	52
性能	问题	52
往下	看	60
往下	走	53
往下	掉	51
往下	拉	50
往下	翻	47
往下	滑	46
内蒙	古	60
真诚	的	60
真诚	地	54
接着	说	60
接着	是	58
接着	就是	56
接着	又	54
接着	看	51
接着	就	51
剧烈	的	60
剧烈	运动	54
混在	一起	60
挖	出来	60
挖出	来	60
不屑	于	60
再次	强调	60
再次	出现	57
再次	发生	49
再次	重申	48
再次	向	46
再次	声明	46
黑暗	骑士	60
黑暗	中	59
黑暗	森林	53
黑暗	面	53
黑暗	里	52
黑暗	时代	48
退休	金	60
退休	后	60
退休	了	59
退休	年龄	47
退休	人员	46
用上	了	60
换个	角度	60
换个	地方	52
换个	说法	50
换个	思路	49
换个	人	48
天然	气	60
我那	时候	60
我那	时	56
我那	天	49
无从	下手	60
无从	谈起	54
无从	得知	52
哪个	国家	60
哪个	是	60
哪个	好	58
哪个	学校	58
哪个	不是	58
哪个	地方	57
缓	慢的	60
缓	过来	51
缓慢	的	60
缓慢	地	51
一刀	切	60
独	立于	60
独	特性	58
独	一份	53
独	一档	52
独	属于	50
增添	了	60
生下	来	60
生下	了	53
动作	游戏	60
动作	片	60
动作	戏	55
动作	要领	52
动作	设计	51
动作	场面	49
折腾	了	60
把握	好	60
把握	住	59
把握	住了	48
把握	不住	48
把握	机会	46
题目	是	60
题目	里	54
题目	难度	48
就去	了	60
就去	找	57
就去	做	54
就去	看	49
医护	人员	60
买房	子	60
买房	买车	53
买房	了	46
指环	王	60
流	媒体	60
流	露出	59
流	口水	55
流	出来	54
流	鼻血	52
流	眼泪	51
太强	了	60
太强	大了	47
每分	钟	60
每分	每秒	47
但有	些	60
但有	时候	57
但有	一点	56
但有	时	53
不也	是	60
资深	的	60
资深	玩家	46
为国	家	60
为国	为民	50
为国	争光	49
为国	内	47
决策	者	60
决策	权	53
决策	树	52
决策	层	52
安德	森	60
安德	鲁	58
安德	烈	55
违约	金	60
违约	风险	51
违约	率	48
添	加到	60
添	麻烦	54
添加	到	60
添加	剂	60
添加	的	60
添加	一个	54
添加	好友	52
添加	一些	51
排列	组合	60
亲密	关系	60
亲密	接触	51
亲密	无间	46
同理	心	60
都算	不上	60
水平	高	60
水平	有限	57
水平	不行	53
水平	不高	53
水平	线	52
水平	低	52
专科	生	60
专科	毕业	51
专科	学历	50
专科	学校	49
专科	医生	49
专科	医院	48
家庭	条件	60
家庭	教育	59
家庭	成员	59
家庭	背景	58
家庭	中	57
家庭	主妇	56
粗糙	的	60
普洱	茶	60
奶茶	店	60
安卓	手机	60
安卓	系统	57
安卓	机	53
安卓	版	49
安卓	平板	48
安卓	阵营	46
香	港人	60
香	香的	49
香港	人	60
香港	电影	59
香港	大学	57
香港	公司	55
香港	留学	54
香港	政府	48
大众	点评	60
大众	化	59
大众	审美	50
大众	脸	48
大众	视野	47
大众	集团	47
更深	入	60
更深	刻	59
更深	层次	59
更深	层	51
早些	年	60
早些	时候	47
上证	指数	60
服装	设计	60
服装	店	51
服装	品牌	48
服装	行业	47
大局	观	60
独自	一人	60
独自	面对	47
多得	多	60
自考	生	60
自考	专科	50
自考	办	49
自考	学历	47
详情	页	60
详情	见	47
详情	请	46
回国	后	60
回国	了	53
回国	就业	48
线上	线下	60
线上	教学	46
来得	及	60
来得	快	49
观赏	性	60
值得	关注	60
值得	买	58
值得	一看	58
值得	注意	58
值得	推荐	57
值得	购买	56
一席	之地	60
省会	城市	60
自主	研发	60
自主	品牌	59
自主	权	54
自主	性	54
自主	学习	53
自主	招生	51
论坛	上	60
论坛	里	55
年薪	百万	60
她还	是	60
她还	在	48
多学	习	60
多学	科	49
多学	点	47
短篇	小说	60
最先	进	60
抬	起头	60
抬	起来	52
抬起	头	60
抬起	来	52
抬起	头来	49
认同	感	60
主营	业务	60
主营	产品	48
看看	你	60
看看	他	60
看看	我	59
看看	吧	59
看看	书	55
看看	我的	55
胜利	的	60
胜利	者	55
胜利	了	50
省	去了	60
省	时间	54
省	下来	53
省	部级	50
省	事儿	48
省	下了	48
省去	了	60
监管	部门	60
监管	机构	59
监管	者	52
监管	层	51
随着	时间	60
随着	年龄	47
不像	是	60
不像	话	49
不像	以前	49
不像	我们	46
得罪	了	60
得罪	人	55
师资	力量	60
被人	们	60
被人	类	55
被人	骂	51
被人	诟病	51
被人	家	50
被人	体	48
和你	们	60
和你	说	59
和你	一样	59
和你	一起	58
退	出了	60
退	一步	54
退	回来	50
退	回去	49
退	下来	48
退	回到	47
退出	了	60
退出	机制	47
好久	没	60
好久	了	54
好久	没有	53
好久	好久	52
好久	不见	51
素质	教育	60
素质	低	51
复仇	者	60
野生	动物	60
去学	校	60
快	节奏	60
快	一点	57
快	很多	53
快	到了	51
快	一些	51
快	结束	50
刑事	案件	60
刑事	责任	52
刑事	拘留	48
刑事	诉讼	47
刑事	犯罪	46
适应	性	60
适应	能力	54
适应	症	54
适应	环境	52
适应	不了	50
适应	期	49
狠狠	地	60
太差	了	60
还给	我	60
还给	你	55
还给	他	53
还给	我们	46
欧美	国家	60
欧美	人	58
欧美	市场	49
欧美	外教	47
居	住在	60
居	委会	52
居住	在	60
居住	地	52
居住	环境	50
居住	证	49
冷静	下来	60
冷静	地	50
长得	像	60
长得	好看	57
长得	帅	56
长得	丑	52
长得	漂亮	49
长得	很像	48
框架	下	60
框架	结构	51
框架	图	50
框架	眼镜	48
框架	体系	46
朴素	的	60
收音	机	60
字母	哥	60
字母	表	48
字母	组合	46
出乎	意料	60
上传	到	60
上传	了	53
上传	图片	51
扩	大了	60
扩	大到	56
扩	大化	50
扩大	了	60
扩大	到	56
扩大	化	50
扩大	规模	50
承	认了	60
承	受了	55
承	受力	47
更少	的	60
两回	事	60
两回	合	50
选购	指南	60
选购	攻略	56
顺带	一提	60
顺带	着	50
很稳	定	60
学区	房	60
放置	在	60
我从	小	60
我从	未	53
我从	来	51
我从	不	51
我从	没	48
归	结为	60
归	属于	57
归结	为	60
归结	于	57
归结	到	52
预示	着	60
玩意	儿	60
笑	起来	60
笑	死了	52
笑	嘻嘻	52
笑	呵呵	50
笑	一笑	49
笑	出声	49
签	合同	60
签	下了	49
签	协议	47
珠	三角	60
责任	感	60
责任	心	58
责任	人	49
调整	到	60
调整	了	59
调整	为	58
调整	好	56
调整	心态	55
调整	后	55
宣传	片	60
宣传	推广	50
宣传	语	50
宣传	视频	50
宣传	册	49
宣传	中	47
洗	衣服	60
洗	干净	60
洗	一次	51
发射	的	60
发射	器	52
发射	场	48
发射	升空	47
发射	成功	46
用心	的	60
用心	去	53
用心	做	52
共享	单车	60
共享	经济	52
行李	箱	60
案例	分析	60
得很	好	60
厉	害了	60
不让	你	60
不让	我	59
不让	人	56
不让	他	56
不让	她	49
不让	用	46
八十	年代	60
八十	岁	47
八十	多	46
伊	拉克	60
伊	莉雅	53
伊	巴卡	51
伊	斯科	46
伊拉	克	60
悲剧	的	60
悲剧	性	51
悲剧	了	50
邀	请了	60
邀	请他	53
深层	次	60
顺利	的	60
顺利	通过	59
顺利	地	56
顺利	完成	54
顺利	进行	51
顺利	上岸	49
贫富	差距	60
贫富	分化	48
西北	大学	60
西北	地区	54
西北	部	47
高得	多	60
大型	企业	60
大型	项目	50
大型	活动	49
大型	国企	46
大型	动物	46
发电	机	60
发电	厂	54
发电	量	48
后面	还有	60
后面	就	59
后面	是	57
后面	跟着	48
更具	有	60
更具	体	57
分为	两类	60
分为	以下	54
分为	三类	54
分为	四个	54
分为	三种	54
拖延	症	60
拖延	时间	51
贝克	汉姆	60
方程	式	60
方程	组	53
群体	中	60
群体	免疫	49
群体	性	47
教你	如何	60
想尽	办法	60
进步	了	60
等到	了	60
等到	你	53
等到	我	47
等到	他	46
思	考了	60
思	想家	58
思	考题	47
硅谷	银行	60
马赛	克	60
也难	以	60
也难	怪	57
博	尔特	60
博	眼球	52
有力	的	60
有力	量	56
有力	地	48
有力	气	46
达尔	文	60
驱	动力	60
驱动	力	60
驱动	电机	46
输入	法	60
输入	输出	52
输入	框	51
输入	密码	50
输入	数据	48
输入	了	46
去做	了	60
去做	一个	54
去做	什么	52
悲伤	的	60
土	地上	60
土	特产	47
土地	上	60
土地	财政	53
土地	兼并	48
土地	资源	47
冥王	星	60
发扬	光大	60
如上	图	60
如上	所述	51
碳	排放	60
碳	纤维	57
碳	原子	52
碳	元素	46
会想	到	60
会想	起	54
白	细胞	60
白	平衡	57
白	砂糖	56
白	月光	56
白	橡木	55
白	胡子	55
刷	知乎	60
刷	真题	59
刷	抖音	56
刷	微博	56
刷	刷刷	56
刷	手机	54
持有	者	60
持有	人	59
理查	德	60
马路	上	60
马路	边	47
马路	对面	46
网页	版	60
网页	设计	58
网页	游戏	55
网页	端	55
网页	中	46
定期	寿险	60
定期	存款	53
定期	复查	52
定期	检查	51
定期	更新	50
定期	体检	49
麦	瑞克	60
麦	克斯	57
麦	克雷	47
但都	是	60
克鲁	伊夫	60
克鲁	斯	47
老友	记	60
从头	开始	60
从头	再来	50
搭载	了	60
增强	了	60
增强	版	50
增强	型	48
增强	体质	47
增强	现实	46
电气	工程	60
电气	专业	55
电气	化	50
电气	设备	47
设立	了	60
在说	什么	60
在说	话	48
南方	人	60
南方	周末	49
南方	地区	48
主角	团	60
主角	光环	59
主角	们	56
好的	地方	60
好的	话	58
好的	产品	56
好的	学校	56
好的	一面	50
好的	音乐	47
感动	的	60
感动	了	57
感动	得	47
使他	们	60
手术	后	60
手术	室	58
手术	治疗	58
手术	切除	51
手术	前	51
手术	刀	50
上文	提到	60
情绪	化	60
情绪	波动	54
情绪	上	53
情绪	低落	53
情绪	激动	52
情绪	失控	51
早上	起来	60
早上	起床	52
早上	八点	49
早上	醒来	47
早上	七点	47
早上	六点	46
来问	我	60
辉煌	的	60
巴基	斯坦	60
叙	利亚	60
否则	就	60
否则	会	59
否则	就会	53
副总	裁	60
副总	统	53
副总	经理	49
平静	的	60
平静	下来	53
平静	地	53
红	绿灯	60
红	细胞	59
红	烧肉	58
红	外线	54
红	辣椒	53
红	宝石	52
铝	合金	60
江苏	省	60
江苏	大学	55
江苏	人	48
一遍	遍	59
一遍	一遍	56
一遍	遍地	46
电话	号码	59
电话	里	59
电话	那头	51
电话	卡	51
电话	联系	48
电话	中	47
个	多月	59
个	位数	59
个	孩子	57
个	不停	53
个	别的	52
个	字符	51
阐述	了	59
缺失	的	59
缺失	了	51
缺失	值	47
而后	者	59
而后	又	47
带回	来	59
带回	家	58
带回	去	53
更名	为	59
用得	上	59
用得	着	52
用得	到	50
消	灭了	59
消	除了	56
消	毒液	51
消	费力	50
消	化了	47
消	毒剂	47
消灭	了	59
消灭	掉	46
士	大夫	59
补充	说明	59
补充	营养	51
补充	剂	50
补充	说	47
补充	水分	47
放飞	自我	59
个体	户	59
个体	差异	56
个体	化	47
被拒	绝	59
被拒	绝了	48
波士	顿	59
收入	来源	59
收入	水平	58
收入	低	52
收入	增长	51
收入	囊中	51
收入	额	47
打造	出	59
打造	成	59
民营	企业	59
民营	银行	51
大师	兄	59
大师	们	56
大师	级	53
大师	赛	47
次要	的	59
不服	气	59
不服	输	53
不服	从	47
创立	了	59
创立	于	55
创立	者	48
多出	来的	59
多出	来	50
包	豪斯	59
包	工头	54
包	装上	53
包	饺子	50
包	起来	49
包	含有	49
那本	书	59
君	不见	59
杰克	逊	59
杰克	船长	47
情感	上	59
情感	共鸣	47
水分	子	59
评判	标准	59
沉默	了	59
沉默	不语	50
沉默	着	46
没能	力	59
弹	吉他	59
弹	钢琴	57
弹	出来	56
弹	起来	46
一股	脑	59
一股	子	53
一股	清流	46
极其	重要	59
极其	有限	52
极其	丰富	48
极其	严重	47
极其	相似	47
极其	困难	46
缺	少了	59
缺	少的	56
缺	什么	50
缺	一个	47
缺	心眼	47
缺少	了	59
缺少	的	56
无线	电	59
无线	充电	55
无线	鼠标	51
无线	电波	49
无线	网络	49
无线	通信	49
法兰	西	59
法兰	克	48
一周	后	59
一周	内	56
一周	目	55
一周	左右	53
一周	一次	50
一周	前	49
迟早	会	59
迟早	要	53
跳转	到	59
称	不上	59
称	自己	57
称	他为	53
称	他们	46
就读	于	59
存储	空间	59
存储	在	57
存储	引擎	54
存储	过程	54
存储	卡	51
存储	器	50
版权	问题	59
版权	保护	55
版权	方	55
版权	费	52
版权	声明	47
宏观	经济	59
宏观	上	57
宏观	调控	49
宏观	层面	49
十一	月	59
十一	点	56
十一	年	54
十一	月份	49
十一	个	46
十一	点半	46
权利	的	59
权利	人	59
权利	要求	56
权利	金	48
权利	义务	47
十二	月	59
十二	年	59
十二	点	56
十二	个	54
十二	岁	49
十二	月份	48
暗	物质	59
暗	地里	56
暗	能量	51
道德	绑架	59
道德	经	59
道德	上	56
道德	观	52
道德	底线	52
道德	标准	51
预言	家	59
五年	前	59
五年	后	56
五年	内	53
五年	级	52
五年	了	50
五年	以上	48
模型	中	59
模型	训练	49
模型	参数	46
模型	结构	46
太长	了	59
太长	时间	51
太长	不看	48
精算	师	59
小组	赛	59
小组	讨论	52
小组	件	51
小组	作业	48
小组	成员	48
小组	长	47
压根	就不	59
压根	就没	56
压根	就	53
压根	不	53
压根	儿	52
压根	不是	50
会计	学	59
会计	专业	58
会计	师	57
会计	准则	51
会计	核算	47
会计	科目	47
睡眠	时间	59
睡眠	质量	56
睡眠	不足	55
睡眠	周期	53
睡眠	障碍	47
期望	值	59
拿走	了	59
马尔	克斯	59
马尔	福	53
宝宝	的	59
做作	业	59
一顿	饭	59
一顿	操作	47
强	多了	59
强	化了	58
强	很多	54
强	得多	53
强	硬的	52
强	忍着	51
那才	是	59
那才	叫	50
吃下	去	59
脱口	而出	59
脱口	秀	57
改编	自	59
改编	成	55
改编	为	46
姐姐	的	59
姐姐	说	46
人生	经历	59
人生	观	57
人生	目标	55
人生	轨迹	54
人生	赢家	53
人生	规划	52
造出	来	59
两所	学校	59
两所	大学	47
肺	结节	59
肺	结核	58
肺	功能	46
没得	说	59
没得	到	48
私有	化	59
私有	制	54
私有	云	49
私有	财产	48
骗	人的	59
骗	自己	54
骗人	的	59
一站	式	59
下图	中	59
改造	成	59
一动	不动	59
误认	为	59
发起	了	59
发起	人	57
发起	进攻	51
发起	者	50
发起	攻击	47
丢失	了	59
虚荣	心	59
我对	他	59
我对	她	52
我对	你	51
我对	着	47
飞	机上	59
飞	起来	57
飞	出去	53
飞	过去	50
飞	过来	50
飞	机场	47
飞机	上	59
飞机	场	47
人世	间	59
登	上了	59
登上	了	59
买到	了	59
买到	假货	48
牙齿	的	59
牙齿	表面	52
牙齿	矫正	48
牙齿	美白	46
牙齿	敏感	46
法理	学	59
可供	选择	59
可供	参考	54
直辖	市	59
热血	沸腾	59
热血	青年	46
各部	门	59
各部	分	57
矿物	质	59
金曲	奖	59
一出	来	59
一出	场	54
一出	生	53
一出	现	50
一出	手	49
一出	门	47
性	能上	59
性	骚扰	57
性	行为	57
性	生活	56
性	教育	52
性	取向	52
面向	对象	59
面向	大众	49
面向	未来	47
到位	了	59
截止	到	59
截止	日期	55
截止	目前	51
截止	时间	48
台湾	人	59
台湾	地区	57
台湾	省	55
麻辣	烫	59
软	实力	59
软	硬件	57
软	组织	57
软	绵绵	51
软	技能	48
软	着陆	48
中心	思想	59
中心	点	53
中心	化	53
中心	城市	50
中心	位置	47
中心	句	46
阅卷	老师	59
阅卷	人	46
慢性	病	59
慢性	疾病	50
慢性	炎症	50
慢性	胃炎	48
替	换成	59
替	换掉	54
替	他们	51
替	自己	49
替	我们	48
替	换了	47
替换	成	59
替换	掉	54
替换	为	53
替换	了	47
天主	教	59
架	不住	59
架	构图	51
架	飞机	46
最新	版	59
最新	消息	56
最新	版本	55
最新	款	53
最新	更新	50
最新	进展	49
地板	上	59
地板	油	47
村子	里	59
三方	面	59
三方	协议	51
所涉	及	59
丈夫	的	59
酒	精度	59
酒	桌上	53
酒精	度	59
酒精	含量	47
临界	点	59
临界	值	47
各有	不同	59
各有	千秋	59
各有	特色	54
各有	所长	53
各有	利弊	51
各有	优劣	50
超高	的	59
摧	毁了	59
摧毁	了	59
期	待着	59
期	待了	47
期待	着	59
期待	值	51
期待	了	47
最低	点	59
最低	价	59
最低	分	58
最低	要求	54
最低	标准	53
最低	工资	51
拍摄	了	59
拍摄	手法	53
拍摄	到	51
拍摄	者	49
拍摄	时间	48
拍摄	地	48
一丝	丝	59
日均	线	59
医药	行业	59
医药	费	56
医药	公司	49
医药	代表	48
医药	股	46
小视	频	59
我去	了	59
我去	过	56
我去	看	48
描绘	了	59
描绘	出	53
描绘	成	46
小米	电视	59
小米	手机	57
小米	盒子	55
小米	粥	49
小米	辣	46
遇上	了	59
养家	糊口	59
压迫	感	59
崭	新的	59
崭新	的	59
要等	到	59
敏	感性	59
你个	人	59
保研	率	59
保研	名额	53
保研	资格	50
满天	飞	59
满天	星	46
文化	课	59
文化	产业	58
文化	上	57
文化	差异	56
文化	背景	56
文化	水平	54
阴阳	师	59
阴阳	五行	51
阴阳	家	49
阴阳	历	48
北方	人	59
北方	地区	49
好感	度	59
穿越	到	59
穿越	时空	54
穿越	回	52
穿越	了	52
穿越	者	51
穿越	回去	49
诊断	为	59
诊断	标准	53
诊断	出	49
夹杂	着	59
纳斯	达克	59
网上	买	59
网上	流传	52
网上	找的	51
网上	报名	49
网上	购物	48
网上	下载	48
肌肉	记忆	59
肌肉	群	56
肌肉	男	52
肌肉	收缩	50
肌肉	酸痛	50
肌肉	线条	49
武林	外传	59
武林	高手	50
一天	天	59
一天	下来	54
一天	之内	53
一天	晚上	53
一天	内	52
一天	时间	52
这会	儿	59
这会	导致	54
人情	世故	59
人情	味	55
匹配	度	59
规范	化	59
规范	性	51
规范	场	46
人的	行为	59
人的	一生	57
人的	名字	54
人的	大脑	53
人的	身体	53
人的	角度	52
散	发出	59
散	落在	53
散	散步	49
散	了吧	47
墨水	屏	59
还在	继续	59
还在	于	56
还在	为	53
还在	坚持	51
还在	那	49
还在	纠结	49
二战	后	59
二战	时期	53
二战	期间	52
二战	中	51
吐	出来	59
吐	口水	47
吐出	来	59
所需	要	59
所需	材料	46
外行	人	59
病原	体	59
记载	了	59
福利	待遇	59
福利	院	46
不解	释	59
不解	决	53
加大	了	59
加大	力度	48
略有	不同	59
好办	法	59
自尊	心	59
太久	了	59
打击	感	59
打击	乐	54
打击	了	52
打击	你	48
打击	犯罪	47
唐	太宗	59
唐	高宗	53
唐	先生	47
漱口	水	59
挡	住了	59
挡	不住	56
挡住	了	59
纽约	时报	59
纽约	大学	54
纽约	市	49
纽约	州	48
就把	我	59
就把	他	56
就把	它	55
就把	你	55
就把	她	47
发烧	友	59
发烧	了	50
品牌	形象	59
品牌	价值	58
品牌	商	55
品牌	溢价	53
品牌	定位	53
品牌	效应	52
在做	什么	59
在做	梦	51
总得	来说	59
总得	有	47
中的	一些	59
中的	地位	58
中的	角色	52
中的	每个	51
他给	我	59
可悲	的	59
霍	布斯	59
霍	福德	49
霍	尔顿	47
回过	头来	59
回过	头	57
回过	神来	55
十块	钱	59
约瑟	夫	59
宽容	度	59
青铜	器	59
青铜	时代	49
登山	杖	59
登山	包	54
登山	者	53
登山	鞋	51
登山	队	49
确立	了	59
相差	不大	59
相差	无几	57
相差	甚远	56
相差	很大	51
相差	不多	47
相差	太大	46
拼命	的	59
拼命	地	53
拼命	努力	46
主义	者	59
几万	块	59
几万	人	55
几万	块钱	54
几万	元	48
几万	个	46
临时	工	59
临时	性	48
一味	地	59
一味	追求	51
各行	业	59
挫败	感	59
填空	题	59
多选	题	59
死	死的	59
死	循环	57
死	掉了	55
死	胖子	52
死	不了	51
死	之前	51
死死	的	59
死死	地	48
片	面的	59
片	假名	50
片面	的	59
搞错	了	59
更加	重要	59
更加	明显	58
更加	复杂	57
更加	注重	57
更加	严重	54
更加	灵活	54
大意	是	59
大意	了	46
瑜伽	老师	59
瑜伽	馆	55
瑜伽	教练	54
瑜伽	垫	52
改名	为	59
改名	叫	53
对照	组	59
对照	表	46
标点	符号	59
女性	角色	59
女性	朋友	54
女性	化	51
女性	用户	50
女性	主义	49
女性	形象	47
验证	码	59
长安	大学	59
长安	城	53
荷兰	人	59
荷兰	弟	54
荷兰	队	54
荷兰	语	50
出事	了	59
出事	故	49
出事	后	46
分解	成	59
分解	为	56
传播	学	59
传播	到	53
传播	速度	52
传播	途径	48
传播	方式	48
传播	者	47
人与	人	59
人与	自然	48
搬运	工	59
史上	最	59
史上	最强	49
史上	最全	46
史上	最大	46
就剩	下	59
练出	来	59
必经	之路	59
兰州	大学	59
兰州	拉面	46
完备	的	59
总想	着	59
威震	天	59
正方	形	59
签订	了	59
签订	合同	54
签订	协议	46
畅销	书	59
畅销	榜	47
大礼	包	59
有用	吗	59
有用	的话	56
丰富	多彩	59
丰富	性	53
丰富	度	52
丰富	多样	50
丰富	程度	50
私聊	我	59
拖	后腿	59
拖	时间	48
拖	累了	47
拖	出来	46
快递	员	59
快递	公司	57
快递	小哥	51
快递	费	47
穿	衣服	59
穿	起来	54
穿	上了	54
穿	什么	49
穿	裙子	48
穿	插在	48
穿衣	服	59
穿衣	风格	47
穿衣	打扮	47
海外	市场	59
海外	名校	54
海外	版	52
海外	留学	46
海外	投资	46
看似	简单	59
单词	量	59
单词	表	49
不通	过	59
分手	了	59
分手	后	53
刚出	来	59
刚出	道	53
刚出	生	53
很美	好	59
很美	的	52
一帮	人	59
一帮	子	47
资金	量	59
资金	管理	57
资金	来源	57
资金	池	57
资金	投入	55
资金	成本	54
很差	的	59
很差	劲	49
我所	说	59
我所	知道	57
清醒	的	59
清醒	了	51
清醒	过来	50
三五	年	59
三五	个	48
三五	天	48
不加	班	59
不加	糖	47
想好	了	59
广播	剧	59
广播	电台	50
广播	电视	49
广播	体操	48
智慧	的	59
智慧	城市	50
智慧	生物	48
智慧	生命	47
智慧	屏	46
不均	匀	59
不均	衡	55
后悔	了	59
后悔	当初	47
小龙	虾	59
小龙	女	54
聚集	了	59
聚集	地	59
聚集	在	58
聚集	的	54
聚集	起来	48
重庆	大学	59
重庆	市	52
重庆	森林	50
重庆	人	48
去处	理	59
最最	最	59
最最	重要	52
最最	最最	49
持	有人	59
持	证人	56
美利	坚	59
匿名	用户	59
细分	市场	59
细分	为	54
细分	行业	51
房子	里	59
房子	是	53
万年	前	59
万年	历	51
万年	薪	49
万年	不变	47
防晒	霜	59
人和	事	59
人和	人	54
流露	出	59
擦	屁股	59
擦	干净	53
两篇	文章	59
莫里	斯	59
莫里	森	46
专利	申请	59
专利	权	58
专利	法	55
专利	技术	52
专利	局	52
专利	费	50
局部	的	59
拉开	了	59
拉开	差距	56
拉开	距离	50
拉开	空间	48
青年	人	59
青年	队	51
青年	教师	46
青年	时期	46
青年	们	46
房产	税	59
房产	证	54
房产	中介	47
过时	了	59
烂	大街	59
烂	摊子	55
烂	番茄	49
手电	筒	59
聚	划算	59
不必	担心	59
不必	要	58
不必	多说	58
不必	再	53
不必	说	50
抵抗	力	59
打下	来	59
打下	了	55
打下	去	53
打下	基础	52
打下	手	49
打下	的	47
都在	这里	59
都在	做	56
都在	努力	50
都在	讨论	50
都在	想	50
都在	里面	49
只想	着	59
只想	说	55
只想	要	50
只想	到	48
原文	中	59
原文	如下	50
请问	你	59
请问	您	52
模块	化	59
这类	产品	59
优秀	作品	59
优秀	人才	54
优秀	学生	52
优秀	员工	46
可观	的	59
湖南	卫视	59
湖南	大学	58
湖南	省	54
湖南	人	51
湖南	台	49
太晚	了	59
深厚	的	59
送	外卖	59
送	到了	57
送	给你	56
送	出去	54
送	给他	53
送	礼物	53
斯科	特	59
斯科	尔斯	52
斯科	塞斯	49
涨	到了	59
涨	工资	55
涨	跌幅	50
涨	起来	49
涨	回来	46
涨到	了	59
不缺	钱	59
不缺	乏	46
基于	此	59
基于	这个	53
基于	这种	47
归咎	于	59
试图	用	59
治	好了	59
治	不好	55
治	不了	50
治好	了	59
较少	的	59
先后	顺序	59
审美	疲劳	59
审美	观	52
审美	能力	50
审美	上	49
审美	标准	47
开通	了	59
说句	实话	59
说句	话	48
抑	或是	59
抑	制剂	58
抑或	是	59
敲	黑板	59
敲	代码	55
敲	键盘	49
外科	医生	59
外科	手术	52
民主	党	59
民主	制度	47
民主	自由	46
陪审	团	59
陪审	员	47
被骗	了	59
组	建了	59
组	合成	55
组	委会	54
组	合体	47
组	组长	47
组建	了	59
组建	团队	47
多维	度	59
讲完	了	59
若	不是	59
若	没有	54
无情	的	59
无情	地	50
贝斯	手	59
即将	到来	59
即将	毕业	50
即将	开始	50
即将	结束	49
即将	来临	47
即将	成为	46
大蛇	丸	59
刷新	率	59
刷新	了	58
故意	的	59
故意	把	53
故意	杀人	51
故意	伤害	47
故意	为之	46
大批	量	59
大黄	蜂	59
实施	的	59
实施	了	55
实施	细则	47
实施	条例	46
内置	了	59
不学	习	59
私立	学校	59
私立	医院	54
私立	大学	52
大人	物	59
大人	们	56
好意	思	59
姑	娘们	59
姑娘	们	59
倍	以上	59
招商	银行	59
同济	大学	58
老天	爷	58
拿过	来	58
又多	了	58
戏剧	性	58
戏剧	化	54
戏剧	的	51
戏剧	冲突	50
我把	我	58
我把	它	57
我把	他	53
我把	你	48
第五	个	58
第五	步	58
第五	章	57
第五	次	57
第五	季	56
第五	天	55
回合	制	58
图形	学	58
图形	化	51
图形	界面	50
还带	着	58
有别	于	58
不失	为	58
有啥	用	58
有啥	区别	55
有啥	问题	50
肩	关节	58
肩	并肩	46
这回	事	58
与之	前	58
与之	相关	50
与之	相反	50
宫颈	癌	58
血液	循环	58
用完	了	58
用完	后	46
魔	法师	58
魔法	师	58
魔法	少女	51
魔法	世界	48
统	称为	58
统	治下	51
统	计量	46
统称	为	58
中信	证券	58
中信	银行	51
终结	者	58
终结	了	55
三维	空间	58
三维	的	53
三维	模型	46
来给	你	58
来给	我	49
倒数	第二	58
倒数	第一	54
倒数	第三	46
无力	感	58
无力	吐槽	54
无力	改变	46
三四	年	58
三四	个	57
三四	天	55
三四	十	55
三四	千	55
三四	次	52
一季	度	58
担保	公司	58
担保	人	56
担保	物权	49
杰	拉德	58
杰	出的	58
杰	洛特	49
杰	西卡	46
杰拉	德	58
听我	的	58
听我	说	50
同义	词	58
同义	替换	54
及格	线	58
及格	了	46
温馨	提示	58
亲自	去	58
亲自	下场	53
亲自	动手	50
亲自	上阵	49
亲自	来	48
后脑	勺	58
生化	危机	58
生化	武器	46
行为	人	58
行为	模式	56
行为	艺术	54
行为	上	54
行为	习惯	53
行为	方式	52
本意	是	58
组织	者	58
组织	能力	58
组织	架构	57
组织	结构	56
组织	形式	53
组织	起来	52
轻轻	的	58
轻轻	地	58
金	本位	58
金	手指	51
金	黄色	50
金	腰带	48
金	闪闪	47
金	苹果	46
对症	下药	58
对症	治疗	49
卢	卡斯	58
卢	比奥	46
卢卡	斯	58
卢卡	库	55
上流	社会	58
演奏	者	58
演奏	家	58
演奏	技巧	48
定	下来	58
定	一个	54
定	位于	54
定	下了	53
定	好了	48
定下	来	58
定下	了	53
一日	三餐	58
一日	游	55
法庭	上	58
谁能	想到	58
谁能	保证	49
克拉	克	58
规模	最大	58
规模	化	56
规模	大	55
规模	效应	51
规模	较大	51
规模	小	51
规划	好	58
规划	师	49
媒体	报道	58
媒体	上	57
媒体	平台	49
媒体	采访	46
吉祥	物	58
到此	为止	58
到此	结束	53
走在	路上	58
走在	街上	50
走在	了	48
走在	前面	46
掩盖	了	58
掩盖	不了	47
掩盖	自己	47
投影	仪	58
世俗	的	58
世俗	化	46
可调	节	58
等于	是	58
等于	说	51
等于	零	50
越高	越好	58
越高	越	46
尽职	调查	58
尽职	尽责	50
呼吸	机	58
呼吸	困难	58
呼吸	道	57
呼吸	系统	52
呼吸	急促	47
呼吸	声	47
灵敏	度	58
迁	移到	58
迁移	到	58
抑制	剂	58
抑制	了	51
抑制	不住	49
抑制	作用	47
结局	是	58
连贯	性	58
总共	有	58
语料	库	58
颠覆	了	58
颠覆	性	55
比赛	里	58
比赛	时	56
比赛	前	52
比赛	结果	51
比赛	结束	50
比赛	了	49
界面	设计	58
界面	上	53
界面	简洁	51
选出	来	58
任意	球	58
任意	一个	58
任意	门	46
到了	最后	58
到了	晚上	58
到了	这个	57
到了	今天	57
到了	极致	57
到了	后期	55
北	师大	58
北	半球	55
北	美洲	51
北	京城	50
北	理工	49
北	工大	49
弱势	群体	58
技	战术	58
精	细化	58
精	神力	48
精	选集	48
精细	化	58
精细	的	58
精细	度	47
保存	在	58
保存	了	56
保存	好	49
保存	着	49
保存	为	47
保存	完好	46
特征	是	58
特征	工程	53
特征	值	50
特征	向量	50
特征	提取	49
反复	强调	58
反复	发作	52
反复	地	52
反复	做	49
反复	确认	47
反复	无常	47
我家	里	58
我家	人	49
我家	是	48
随意	的	58
随意	地	48
配合	着	58
配合	上	53
配合	使用	52
配合	下	46
掀	起了	58
掀	桌子	49
掀起	了	58
搅拌	均匀	58
搅拌	机	50
上涨	的	58
上涨	了	56
上涨	趋势	48
玩的	是	58
玩的	人	54
玩的	开心	47
在内	地	58
在内	部	54
在内	心	48
在内	线	48
从没	有	58
从没	见过	54
从没	想过	52
冲	上去	58
冲	出来	54
冲	过来	54
冲	过去	54
冲	进去	52
冲	出去	51
冲上	去	58
冲上	来	48
淘汰	了	58
淘汰	赛	57
淘汰	掉	55
淘汰	率	51
意料	之中	58
意料	之外	58
才刚	刚	58
四川	人	58
四川	大学	56
四川	省	56
四川	话	50
四川	盆地	48
不错	了	58
不错	啊	48
三线	城市	58
亚当	斯	58
亚当	斯密	52
超额	收益	58
超额	利润	46
宁德	时代	58
秦时	明月	58
抓紧	时间	58
往	里面	58
往	上爬	55
往	哪里	51
往	下拉	50
往	地上	49
往	后退	47
往里	面	58
竭尽	全力	58
竭尽	所能	48
运行	时	58
运行	内存	51
运行	速度	50
运行	规律	49
运行	效率	49
运行	环境	49
预算	有限	58
预算	充足	58
预算	是	48
预算	内	46
完蛋	了	58
激进	的	58
盗版	的	58
盗版	游戏	47
盗版	书	46
天空	中	58
罗马	人	58
罗马	帝国	57
罗马	尼亚	56
罗马	城	46
上了	大学	58
上了	热搜	53
上了	年纪	53
上了	车	50
上了	考场	47
上了	高中	47
政	治学	58
然而	我	58
然而	我们	52
收盘	价	58
单身	狗	58
闪闪	发光	58
先行	者	58
奇异	博士	58
奇异	的	54
啪	啪啪	58
啪啪	啪	58
啪啪	打脸	46
简短	的	58
疯狂	地	58
九十	年代	58
暴	露出	58
暴	风雪	54
暴	风雨	53
暴	脾气	50
惊呆	了	58
再有	就是	58
年少	时	58
年少	轻狂	52
年少	成名	49
年少	无知	48
大宗	商品	58
大宗	交易	47
大宗	师	46
总归	是	58
录音	室	58
录音	棚	55
录音	笔	53
录音	机	51
录音	师	49
录音	录像	46
激	发了	58
激	起了	52
激	发出	52
激	活了	51
激	动了	50
激发	了	58
激发	出	52
激发	态	47
激发	出来	46
专属	的	58
专属	于	49
证件	照	58
下午	茶	58
下午	三点	52
下午	就	50
下午	两点	49
下午	四点	48
下午	五点	47
两张	图	58
两张	牌	49
两张	照片	48
两张	图片	47
看中	了	58
看中	的	57
听得	懂	58
听得	到	49
提交	了	58
提交	给	54
会很	快	58
会很	累	50
会很	高	49
会很	好	47
不为	人知	58
不为	过	54
不为	别的	51
带动	了	58
带动	下	47
捡	起来	58
捡	垃圾	52
捡	到了	48
捡	回来	47
捡	来的	46
捡起	来	58
若干	个	58
若干	年后	56
若干	年	52
若干	次	46
评分	标准	58
物权	法	58
物权	行为	48
物权	变动	46
行动	力	58
行动	起来	55
行动	中	52
行动	上	51
不忘	初心	58
太快	了	58
干嘛	的	58
干嘛	要	57
干嘛	呢	56
干嘛	不	56
调味	品	58
调味	料	57
提取	码	58
提取	物	57
提取	出	54
光明	正大	58
光明	顶	51
发声	的	58
污染	物	58
污染	源	47
污染	了	47
污染	环境	46
河北	省	58
运载	火箭	58
他还	在	58
他还	说	52
他还	没	47
四大	行	58
四大	天王	53
四大	名著	52
四大	类	49
贵州	茅台	58
贵州	省	46
发源	地	58
发源	于	52
就跟	着	58
想得	到	58
只因	为	58
脑洞	大开	58
人脸	识别	58
程度	上	58
程度	不同	52
程度	高	47
不进	去	58
不进	行	56
落	后于	58
落	到了	52
落	下来	51
落后	于	58
落后	了	55
落后	地区	49
瓶颈	期	58
打断	了	58
烘干	机	58
双击	屏幕	58
出货	量	58
小毛	病	58
人机	交互	58
百年	孤独	58
百年	前	51
百年	灵	49
百年	历史	48
国有	企业	58
国有	银行	54
国有	资产	49
国有	化	46
创新	性	58
创新	能力	56
创新	点	55
创新	工场	53
创新	药	52
创新	高	51
判决	书	58
判决	结果	47
不改	变	58
好物	推荐	58
媳妇	儿	58
媳妇	的	47
黄	飞鸿	58
黄	药师	56
黄	老师	52
黄	绿色	47
黄	老爷	47
监狱	里	58
实话	说	58
咬	咬牙	58
咬	一口	51
农作	物	58
膳食	纤维	58
生气	了	58
利益	集团	58
利益	关系	56
利益	冲突	56
利益	分配	52
利益	交换	47
利益	受损	47
河南	省	58
河南	人	55
河南	大学	52
计划	经济	58
计划	中	57
计划	是	56
计划	和	55
计划	书	55
计划	表	54
螺旋	桨	58
两大	类	58
两大	块	47
外部	环境	58
外部	性	53
外部	世界	53
外部	因素	51
甜	甜的	58
甜	美的	48
甜甜	的	58
甜甜	圈	50
保守	估计	58
保守	派	57
保守	治疗	56
保守	主义	50
实战	经验	58
实战	案例	46
打了	个	58
打了	一个	56
打了	电话	55
落实	到	58
空闲	时间	58
也称	为	58
黑色	幽默	58
黑色	素	56
曲	线的	58
曲	线图	48
曲线	的	58
曲线	救国	56
曲线	图	48
考古	学	58
考古	学家	53
考古	发现	52
考古	队	49
考古	发掘	49
十字	架	58
十字	路口	57
十字	军	50
合同	法	58
合同	约定	53
合同	里	52
合同	条款	51
合同	工	48
合同	到期	47
都看	过	58
都看	不到	56
都看	到了	53
都看	不见	49
听懂	了	58
早知	道	58
不配	合	58
不配	拥有	47
救	不了	58
救	回来	52
救	下了	49
救	出来	47
北极	熊	58
北极	星	53
北极	圈	48
室内	设计	58
室内	的	54
室内	空气	50
室内	乐	48
室内	定位	47
室内	空间	47
球迷	们	58
神盾	局	58
天天	在	58
天天	向上	54
天天	看	52
天天	都	51
天天	加班	51
天天	说	49
正在	进行	58
正在	经历	54
正在	看	49
正在	向	48
正在	和	47
微笑	着	58
微笑	的	50
微笑	脸	46
特异	性	58
特异	功能	49
吹风	机	58
文	学家	58
文	学院	51
文	学界	51
文	理科	48
文	明人	46
品	种的	58
品	尝到	47
品种	的	58
条	规定	58
条	理性	47
条规	定	58
自给	自足	58
重口	味	58
更糟	糕	58
二年	级	58
一文	不值	58
一文	中	54
打扫	卫生	58
放射	性	58
有感	情	58
有感	而发	55
有感	觉	52
有感	触	47
瘦	下来	58
瘦	弱的	48
交代	了	58
交代	清楚	48
占	便宜	58
占	优势	57
占	到了	55
占	用了	54
占	地方	52
占	全球	51
随	手记	58
随	后又	54
随	手写	49
随手	记	58
随手	拍	51
随手	写	49
门户	网站	58
搞出	来的	58
搞出	来	56
启	动了	58
启	用了	48
启动	了	58
启动	资金	53
启动	器	48
启动	时	47
启动	后	47
上千	万	58
上千	年	51
上千	个	51
上千	人	48
思想	家	58
思想	上	58
思想	史	51
思想	性	51
思想	深度	47
思想	观念	47
宗	教的	58
宗教	的	58
宗教	信仰	56
宗教	改革	46
补习	班	58
往上	走	58
往上	爬	55
往上	涨	46
就当	是	58
情形	下	58
卓越	的	58
一一	对应	58
一一	回复	56
一一	一一	54
一一	介绍	50
一一	列举	49
一一	解答	47
没去	过	58
设	定为	58
设	计时	57
设	定了	56
设	定在	53
设	计费	52
设定	为	58
设定	了	56
设定	在	53
但此	时	58
广为	人知	58
广为	流传	56
拿起	来	58
拿起	手机	55
发给	我	58
发给	你	54
发给	他	48
轻易	地	58
解剖	学	58
一带	一路	58
哪有	什么	58
哪有	那么	46
股指	期货	58
接口	测试	58
最深	的	58
最深	刻	54
最深	处	52
警察	局	58
警察	叔叔	55
警察	来了	47
过滤	器	58
过滤	掉	57
大功	率	58
脚步	声	58
扁平	化	58
扁平	足	46
就按	照	58
米	左右	58
米	以上	55
米	切尔	52
米	尔斯	52
米	老鼠	49
冷	知识	58
冷	兵器	57
冷	冰冰	57
冷	空气	56
冷	启动	55
冷	色调	50
同班	同学	58
土木	工程	58
加剧	了	58
台式	机	58
两条	路	58
两条	线	56
两条	腿	53
放上	来	58
放上	去	55
威胁	到	58
威胁	我	46
良性	循环	58
良性	发展	49
牛油	果	58
弹力	带	58
希腊	人	58
希腊	神话	57
希腊	语	56
转行	做	58
狂	热的	58
狂	战士	48
狂热	的	58
一提	到	58
一提	起	49
扛	不住	58
在你	面前	58
在你	们	56
在你	身上	55
在你	身边	49
在你	眼前	48
在你	眼里	48
没完	没了	58
没完	成	50
代替	了	58
五六	年	58
五六	个	55
五六	千	53
五六	十	51
五六	百	49
五六	万	46
前端	开发	58
拘泥	于	58
系	主任	58
违和	感	58
征服	了	58
征服	者	53
征服	世界	49
纸牌	屋	58
樱桃	木	58
截至	目前	58
逐渐	形成	58
逐渐	开始	55
逐渐	增加	55
逐渐	消失	53
逐渐	减少	53
逐渐	降低	51
上学	期	58
上学	时	56
上学	期间	49
上学	了	49
上学	时候	46
有权	利	58
有权	力	49
长久	以来	58
长久	地	49
花的	钱	58
付费	咨询	58
付费	推广	50
付费	会员	46
名	场面	58
名	学生	52
名	侦探	50
座位	上	58
座位	险	47
瑞幸	咖啡	58
机会	成本	58
机会	和	57
机会	来了	51
不大	可能	58
不大	好	54
不大	不小	53
不大	一样	48
昆	德拉	58
转过	来	58
转过	头	53
转过	身	53
转过	去	50
转过	头来	47
你所	说	58
你所	有	48
赶紧	把	58
赶紧	跑	52
赶紧	来	47
单选	题	58
对数	学	58
精心	设计	58
精心	挑选	52
精心	准备	51
起码	要	58
起码	是	55
起码	有	53
两极	分化	58
两极	化	46
杰出	的	58
归纳	总结	58
归纳	为	55
归纳	出	49
归纳	法	46
暑期	实习	58
暑期	档	47
辛苦	了	58
辛苦	钱	51
有理	由	58
有理	想	55
餐	桌上	58
餐	厅里	50
餐桌	上	58
宣讲	会	58
预	料到	58
预	处理	56
预	训练	53
预	见到	51
预	感到	49
预	付款	49
预料	到	58
预料	之中	46
四年	前	58
四年	后	55
四年	级	53
四年	了	50
四年	时间	46
三件	套	58
三件	事	56
改善	了	58
改善	生活	47
构建	一个	58
构建	起	51
小白	鼠	58
小白	兔	53
小白	脸	50
小白	鞋	50
小白	们	50
小白	龙	50
打赢	了	58
义务	教育	58
灌篮	高手	58
谁都	能	58
谁都	知道	57
谁都	可以	56
谁都	会	54
谁都	有	51
谁都	不	51
交叉	学科	58
交叉	的	53
交叉	点	50
普罗	大众	58
连接	起来	58
连接	到	57
连接	词	53
连接	处	51
连接	方式	49
连接	着	49
降下	来	58
降下	来了	47
号召	力	58
足以	说明	58
足以	证明	55
足以	让人	48
失望	的	58
失望	了	56
偏	头痛	58
偏	重于	56
偏	差的	52
偏	导数	46
豆浆	机	58
我过	去	58
在意	大利	58
繁体	字	58
繁体	中文	46
反之	亦然	58
加持	下	58
化	学家	58
化	身为	52
化	工厂	51
化	学系	47
化	成了	46
鼓起	勇气	58
不舍	得	58
不舍	的	46
独特	性	58
独特	之处	48
加密	货币	58
加密	算法	52
机	动车	58
机动	车	58
机动	性	57
真心	觉得	58
真心	喜欢	55
真心	话	53
所提	供	58
所提	出的	54
人文	关怀	58
人文	社科	57
人文	学科	50
人文	地理	49
人文	主义	49
人文	情怀	47
想出	来的	58
想出	来	54
想出	去	49
别想	着	58
别想	了	56
别想	太多	46
欧	美人	58
底部	的	58
私下	里	58
可笑	的	58
细心	的	58
战略	上	58
战略	性	53
战略	目标	52
战略	规划	51
战略	投资	50
战略	合作	48
有情	怀	58
工资	待遇	58
工资	水平	56
工资	收入	55
工资	不高	51
工资	薪金	50
工资	卡	48
鲁迅	先生	58
夏	洛克	58
夏	洛特	52
夏	商周	47
夏	尔巴	46
文章	内容	58
文章	来源	47
嫁	给了	58
嫁	给他	51
嫁给	了	58
嫁给	他	51
更大	一些	58
更大	了	57
更大	规模	47
参照	物	58
参照	系	51
跑路	了	58
部	电影	58
红烧	肉	58
多读	书	58
多读	几遍	46
耳朵	里	58
说话	了	58
说话	方式	48
消耗	了	58
消耗	掉	56
消耗	品	56
消耗	量	51
消耗	殆尽	51
消耗	热量	48
很受	欢迎	58
狭义	的	58
电力	系统	58
电力	电子	51
电力	行业	46
干净	利落	58
干净	了	55
干净	整洁	54
干净	清爽	47
干净	卫生	47
办法	是	58
办法	来	50
办法	了	47
追	不上	58
追	上来	48
追	回来	48
追	热点	47
吃饱	了	58
吃饱	饭	51
抵押	物	58
抵押	贷款	54
抵押	权	53
抵押	担保	46
五十	年	58
五十	万	56
五十	岁	50
五十	多	49
五十	年代	48
五十	个	48
量身	定制	57
量身	定做	55
量身	打造	53
火星	上	57
火星	车	57
火星	人	52
火星	表面	51
火星	救援	48
火星	探测	47
心爱	的	57
犯罪	分子	57
犯罪	行为	55
犯罪	率	52
犯罪	者	50
犯罪	现场	46
犯罪	事实	46
便携	性	57
便携	式	54
便携	的	47
调酒	师	57
虚假	宣传	57
虚假	信息	46
洞察	力	57
不全	面	57
不全	是	55
倒是	可以	57
倒是	有	55
倒是	很	49
倒是	没有	47
都让	人	57
都让	你	48
大会	上	57
大会	员	48
上古	卷轴	57
上古	时代	49
上古	时期	48
强制	要求	57
强制	性	57
强制	执行	51
强制	储蓄	48
强制	赎回	46
飞速	发展	57
左	右手	57
左	手边	49
左	后卫	48
左	心室	46
距离	感	57
距离	远	47
行政	管理	57
行政	法	57
行政	处罚	55
行政	部门	52
行政	人员	51
行政	法规	51
中间	件	57
中间	商	56
中间	人	56
中间	层	51
中间	业务	50
中间	部分	50
杂志	上	57
杂志	社	55
电池	容量	57
电池	包	51
电池	组	48
电池	寿命	47
电池	续航	47
前面	有	57
前面	是	53
前面	几位	48
我敢	说	57
我敢	保证	49
我敢	肯定	47
大牛	市	57
大牛	们	51
大牛	股	48
我带	着	57
我带	的	49
青藏	高原	57
我学	习	57
凝聚	力	57
凝聚	态	57
凝聚	了	47
下次	再	57
绝佳	的	57
评价	标准	57
评价	体系	57
评价	指标	48
两只	手	57
两只	眼睛	50
加州	大学	57
加州	理工	48
新知	识	57
他要	是	57
横向	对比	57
嫌	麻烦	57
嫌	疑犯	47
三人	组	57
三人	行	46
按	顺序	57
按	这个	57
按	规定	57
按	自己	56
按	比例	56
按	道理	55
小儿	子	57
小儿	科	50
外包	公司	57
外包	装	52
抖音	上	57
抖音	的	56
抖音	快手	49
亚	文化	57
亚	投行	53
亚	健康	48
转向	了	57
转向	灯	49
幼稚	的	57
这点	钱	57
这点	上	56
这点	儿	46
购物	车	57
购物	中心	56
购物	体验	51
购物	网站	50
购物	节	47
海岸	线	57
说得	过去	57
说得	好	57
说得	通	55
说得	对	52
说得	很好	50
说得	上	49
传递	到	57
传递	信息	55
传递	了	50
趋向	于	57
小区	里	57
小区	门口	51
进度	条	57
忠诚	度	57
不忍	心	57
不忍	直视	53
她也	是	57
肩膀	上	57
但要	注意	57
大道	理	57
顺便	一提	57
顺便	把	56
婴	幼儿	57
影评	人	57
贷款	利率	57
贷款	人	51
贷款	额度	50
贷款	买房	49
贷款	利息	47
最全	面	57
最全	的	56
结识	了	57
许可	证	57
障碍	物	57
热爱	生活	57
热爱	音乐	51
热爱	游戏	47
游泳	池	57
游泳	馆	51
跟人	家	57
精准	度	57
精准	定位	52
精准	营销	50
开个	玩笑	57
别问	我	57
投放	广告	57
投放	了	46
配置	文件	57
配置	了	57
配置	上	54
配置	方面	48
肝	硬化	57
肝	功能	55
肝	细胞	52
肝	损伤	47
网球	拍	57
网球	场	49
豪华	品牌	57
豪华	车	53
豪华	版	52
黑金	属	57
氢	原子	57
氢	离子	48
聚焦	于	57
聚焦	在	56
卖给	了	57
卖给	你	55
卖给	谁	49
选项	中	57
选项	卡	55
选项	里	48
立	起来	57
立	场上	57
立	体感	55
立	人设	46
要开	始	57
轨道	上	57
轨道	器	52
轨道	交通	49
可使	用	57
软硬	件	57
狼人	杀	57
同行	业	57
同行	们	53
引进	了	57
江	湖上	57
江	小姐	47
江湖	上	57
江湖	地位	52
江湖	人称	46
吉林	大学	57
吉林	省	49
白皮	书	57
长篇	小说	57
寻	找到	57
寻找	到	57
寻找	自己	56
寻找	一个	54
寻找	答案	53
寻找	机会	49
寻找	着	49
仍旧	是	57
一杯	咖啡	57
一杯	水	51
一杯	酒	49
一杯	奶茶	48
问他	们	57
少林	寺	57
临	死前	57
临	走时	48
临	考前	46
临	行前	46
临死	前	57
虽	说是	57
虽	不是	49
虽	没有	47
虽	不能	46
虽说	是	57
生理	上	57
生理	学	56
生理	盐水	55
生理	性	54
生理	期	52
生理	功能	51
专卖	店	57
要有	一个	57
要有	耐心	47
民国	时期	57
想让	我	57
想让	你	56
想让	她	47
数位	板	57
静止	的	57
遥遥	无期	57
遥遥	领先	55
晚上	睡觉	57
晚上	去	51
晚上	就	51
晚上	十点	50
晚上	八点	48
晚上	九点	48
拟	录取	57
照	相机	57
照	镜子	55
照	这个	49
照相	机	57
照相	馆	48
见识	过	57
见识	了	56
见识	到了	52
见识	一下	48
说过	了	57
说过	的话	53
说过	一句	49
说过	话	46
高密	度	57
版本	中	57
版本	号	54
版本	更新	53
版本	控制	47
请你	们	57
避	开了	57
避	不开	47
避开	了	57
厨	房里	57
厨房	里	57
厨房	电器	47
一旦	被	57
一旦	有	56
一旦	有了	49
拿回	来	57
拿回	去	50
拿回	家	49
还应	该	57
其一	是	57
在野	外	57
下雨	天	57
下雨	了	50
摇	摇头	57
摇摇	头	57
从何	而来	57
对应	了	57
对应	到	56
对应	于	56
别有	用心	57
协	调性	57
协调	性	57
协调	能力	51
终极	目标	57
终极	版	53
终极	目的	47
百科	全书	57
必需	品	57
必需	的	55
山东	大学	57
山东	省	56
山东	人	55
还想	着	57
还想	要	54
门外	汉	57
一心	想	57
长平	之战	57
极限	了	57
极限	竞速	51
极限	运动	50
资格	考试	57
资格	证	55
资格	证书	55
资格	认证	52
我写	了	57
近代	史	57
近代	以来	48
近代	中国	48
近代	化	47
铁	饭碗	57
铁	打的	51
铁	矿石	51
铁	三角	51
铁	观音	49
铁	元素	47
好评	率	57
好评	如潮	51
杂交	水稻	57
杂交	稻	47
乐观	的	57
议	论文	57
议论	文	57
议论	纷纷	47
食	用油	57
食	品级	48
食用	油	57
防腐	剂	57
往年	的	57
往年	真题	49
搞好	关系	57
搞好	了	46
图像	处理	57
图像	识别	51
图像	分类	46
读出	来	57
自杀	了	57
自杀	小队	48
自杀	身亡	46
送到	了	57
龟	仙人	57
赛道	上	57
发送	到	57
发送	给	56
发送	邮件	48
发送	消息	46
三位	一体	57
三位	数	51
做些	什么	57
迷	人的	57
迷	上了	53
迷人	的	57
通行	证	57
会说	话	57
凌驾	于	57
纳什	均衡	57
住宿	费	57
住宿	条件	53
开幕	式	57
富士	康	57
富士	山	52
就别	想	57
胆	固醇	57
胆	小鬼	47
天龙	八部	57
天龙	人	52
本应	该	57
本应	是	48
慎重	考虑	57
慎重	选择	51
丁香	医生	57
丁香	园	54
打死	了	57
打死	你	47
打死	我	46
玫瑰	花	57
玫瑰	木	50
玫瑰	花茶	48
玫瑰	色	47
一等	奖	57
一等	一	51
双肩	包	57
集成	灶	57
集成	了	56
集成	电路	54
集成	到	51
再想	想	57
连带	着	57
新的	东西	57
新的	一年	52
新的	想法	51
新的	高度	50
新的	世界	47
新的	开始	47
学完	了	57
考过	了	57
感情	线	57
感情	上	56
感情	戏	52
感情	色彩	52
感情	生活	47
却有	着	57
整张	专辑	57
整张	脸	47
后备	箱	57
录像	带	57
李斯	特	57
超市	里	57
爱国	者	57
爱国	主义	52
爱国	情怀	46
优劣	势	57
优劣	之分	48
人为	的	57
人为	地	48
人为	因素	48
人为	制造	47
人为	什么	46
广义	上	57
目睹	了	57
投递	简历	57
课后	习题	57
课后	题	53
课后	作业	48
财经	类	57
财经	院校	52
财经	新闻	48
财经	大学	46
坏	习惯	57
坏	消息	55
坏	掉了	50
坏	毛病	46
坏	孩子	46
来定	义	57
买下	来	57
买下	了	54
欠	缺的	57
欠缺	的	57
易用	性	57
格斗	游戏	57
格斗	术	47
代工	厂	57
超声	波	57
经典	作品	57
经典	力学	56
经典	之作	56
经典	案例	54
经典	台词	52
经典	著作	51
打发	时间	57
打发	了	47
晶体	管	57
晶体	结构	47
雷克	萨斯	57
古文	字	57
古文	明	54
古文	物	49
联赛	冠军	57
文字	游戏	57
文字	内容	54
文字	版	51
文字	功底	49
文字	识别	49
文字	学	47
都用	过	57
都用	来	54
都用	在	52
都用	上了	48
全系	列	57
着眼	于	57
初级	会计	57
初级	阶段	55
而出	现	57
而出	名	46
本子	上	57
明天	就	57
明天	再	51
明天	要	50
明天	早上	48
明天	去	47
明天	就要	46
住	范儿	57
住	酒店	51
住	进去	48
掏	出来	57
掏	出了	54
掏	腰包	48
掏	耳朵	46
掏出	来	57
掏出	手机	55
掏出	了	54
阿迪	达斯	57
专家	们	57
专家	说	50
专家	学者	50
专家	号	49
专家	组	48
专家	认为	47
情人	节	57
固然	是	57
固然	有	52
住的	地方	57
住的	是	51
住的	房子	46
这场	战争	57
这场	戏	55
这场	战斗	50
这场	球	48
高光	时刻	57
神圣	的	57
战国	时期	57
战国	时代	55
战国	无双	52
战国	策	50
勾勒	出	57
完善	了	57
盯着	我	57
盯着	他	51
盯着	你	50
数码	相机	57
数码	产品	55
数码	宝贝	50
数码	时代	46
一台	电脑	57
一台	机器	54
一台	车	53
静静	地	57
静静	的	57
盒子	里	57
泰国	的	57
泰国	人	54
不听	话	57
有志	于	57
例子	中	57
他和	他	57
拉黑	了	57
材料	中	57
材料	力学	51
材料	学	49
材料	科学	49
材料	上	48
材料	费	47
多说	几句	57
多说	两句	54
多说	一点	47
修道	院	57
抗	氧化	57
抗	衰老	53
抗	病毒	49
抗	抑郁	47
抗	药性	46
抗	肿瘤	46
认知	能力	57
认知	里	55
认知	度	50
认知	偏差	48
认知	失调	47
认知	体系	46
比例	为	57
比例	尺	47
比例	关系	46
番茄	酱	57
番茄	钟	47
读本	科	57
在用	户	57
还剩	下	57
怀孕	了	57
怀孕	期间	48
怀孕	后	47
发明	专利	57
发明	人	56
发明	者	55
发明	创造	54
发明	家	53
发明	出来	49
顺风	顺水	57
顺风	车	54
每回	合	57
沉没	成本	57
欧元	区	57
拉莫	斯	57
干的	事	57
干的	活	54
上课	时	57
上课	时间	53
上课	了	51
上课	前	47
幻	想着	57
幻想	着	57
幻想	乡	56
幻想	中	48
幻想	世界	46
十个	人	57
十个	月	51
十个	小时	50
无名	指	57
无名	氏	46
难的	是	57
虾米	音乐	57
高频	交易	57
高频	词	54
高频	考点	53
高频	率	53
高频	词汇	51
晦涩	难懂	57
硬件	上	57
硬件	配置	55
硬件	设施	53
硬件	设备	53
硬件	方面	50
硬件	性能	46
没钱	了	57
没钱	买	52
学士	学位	57
厦门	大学	57
提炼	出	57
提炼	出来	50
十余	年	57
罗斯	福	57
立场	上	57
立场	不同	46
疑惑	的	57
消炎	药	57
偶然	性	57
偶然	的	55
偶然	发现	55
偶然	间	51
手指	头	57
全面	屏	57
全面	了解	55
全面	发展	55
全面	地	54
全面	性	53
全面	战争	51
让她	们	57
保住	了	57
定制	化	57
定制	家具	51
罗纳	尔多	57
被删	除	57
被删	了	52
挣扎	着	57
挣扎	了	49
不和	谐	57
高利	贷	57
高利	润	54
高利	率	48
阵地	战	57
至今	没有	57
至今	还	57
至今	为止	57
至今	已有	47
有变	化	57
七	八年	57
七	八个	56
七	龙珠	52
七	月份	52
七	八十	51
七	八千	51
七八	年	57
七八	个	56
七八	十	51
七八	千	51
七八	百	48
七八	年前	46
离职	后	57
离职	率	51
离职	证明	49
离职	员工	47
巴洛	克	57
巴洛	特利	46
跌宕	起伏	57
想做	什么	57
想做	到	47
节拍	器	57
存款	利率	57
存款	保险	52
存款	人	51
坚果	云	57
黑白	灰	57
拆	分成	57
拆	下来	54
拆	分为	49
拆分	成	57
拆分	为	49
听他	的	57
听他	们	56
藏	起来	57
藏	不住	50
伤	害了	57
伤	膝盖	46
占优	势	57
混合	物	57
混合	型	52
混合	动力	52
混合	着	50
混合	体	48
混合	均匀	48
指指	点点	57
不顾	一切	57
想找	个	57
想找	一个	50
鼓励	我	57
鼓励	大家	56
鼓励	你	53
鼓励	他	51
鼓励	一下	51
鼓励	学生	50
太远	了	57
订阅	号	57
订阅	制	48
订阅	服务	46
牙	结石	57
牙	本质	48
掌	握着	57
掌	门人	54
掌	握住	47
老婆	孩子	57
老婆	婆	50
老婆	说	48
移植	到	57
四人	间	57
四人	组	47
自私	的	57
完毕	后	57
纪念	币	57
纪念	品	55
纪念	碑	54
纪念	日	52
纪念	馆	52
纪念	一下	47
延时	摄影	57
盈亏	比	57
七七	八八	57
四五	个	57
四五	年	56
四五	千	53
四五	十	53
四五	百	50
四五	十岁	49
背负	着	57
背负	系统	52
挺身	而出	57
口头	禅	57
口头	上	49
无缘	无故	57
无缘	了	47
笛	卡尔	57
港	中文	57
港	科大	49
打通	了	57
对人	生	57
优美	的	57
雇	佣兵	57
雇佣	兵	57
雇佣	了	47
雇佣	关系	46
不幸	的	57
不幸	福	50
最多	就是	57
最多	是	57
最多	能	49
语法	错误	57
语法	书	55
语法	知识	52
语法	结构	51
语法	规则	47
命令	行	57
挖掘	出	57
挖掘	机	55
挖掘	出来	49
塑	造成	57
塑	造出	54
塑造	成	57
塑造	出	54
始	皇帝	57
始	建于	52
消化	道	57
消化	系统	56
消化	吸收	54
消化	不良	54
消化	掉	49
消化	了	47
醒	过来	57
醒	来时	49
博大	精深	57
详尽	的	57
哥	谭市	57
哥	斯拉	57
哥谭	市	57
萌萌	哒	57
萌萌	的	53
应得	的	57
指点	江山	57
单眼	皮	57
我能	够	57
我能	说	53
我能	做	52
飞起	来	57
蹭	热度	57
蹭	热点	50
工地	上	57
耶鲁	大学	57
内部	结构	57
内部	人员	52
内部	空间	52
内部	矛盾	51
内部	员工	50
内部	人士	48
头	一次	57
头	脑中	56
头	顶上	52
头	文字	48
头	几年	46
头	一回	46
结	婚后	57
结	合体	54
结	构图	51
结	婚前	49
性行	为	57
蕴含	着	57
不发	生	57
不发	达	57
不发	货	46
弥漫	着	57
人知	道	57
开展	了	57
开展	工作	51
开展	业务	50
此	问题	57
此	方法	54
此	功能	48
告别	了	57
类型	片	57
也让	人	57
规章	制度	57
带上	了	57
带上	你	46
对话	框	57
越大	越好	57
语音	识别	57
语音	语调	52
语音	助手	49
语音	控制	46
大力	发展	57
大力	支持	53
大力	士	50
大力	推广	50
大力	宣传	46
家用	机	57
家用	车	54
家用	电器	54
劳伦	斯	57
写成	了	57
剩余	价值	57
剩余	时间	46
讲解	了	57
说成	是	57
家人	们	57
家人	朋友	54
当上	了	57
关卡	设计	57
值	不值	57
值	夜班	48
值	得看	46
下厨	房	57
语境	中	57
点到	为止	57
一地	鸡毛	57
每当	我	57
社团	活动	57
大使	馆	57
搞活	动	57
有害	物质	57
通讯	录	57
通讯	作者	47
农业	生产	57
农业	社会	51
农业	部	48
农业	银行	47
农业	大学	46
专有	名词	57
汉语	拼音	57
汉语	言	53
汉语	中	50
透气	性	57
重视	程度	57
重视	起来	53
受众	群体	57
受众	面	47
受众	人群	47
三百	字	57
三百	多	54
三百	年	51
三百	万	50
感到	了	57
感到	恐惧	50
感到	高兴	49
感到	不适	49
感到	骄傲	49
感到	失望	48
人人	网	57
人人	都是	56
人人	都能	56
人人	都有	55
人人	平等	53
人人	贷	51
遭受	了	57
遭受	到	50
带着	他	57
带着	你	57
带着	我	56
带着	孩子	56
带着	问题	52
带着	她	51
渗透	到	57
渗透	率	54
渗透	压	49
渗透	进	46
自控	力	57
自控	能力	48
止痛	药	57
死忠	粉	57
沦	落到	57
沦	为了	52
沦落	到	57
沦落	为	47
离家	出走	57
离家	近	56
离家	远	46
虚伪	的	57
一听	到	56
一听	说	48
详	细说	56
淋	巴结	56
淋巴	结	56
淋巴	细胞	52
淋巴	瘤	52
饭	桌上	56
饭桌	上	56
数百	万	56
数百	年	55
数百	个	50
数百	人	50
某某	某	56
加进	去	56
加进	来	50
编	故事	56
编	出来	51
编	写了	48
编	译成	48
编	一个	47
写得	好	56
写得	很好	47
写得	很	47
角	动量	56
角	速度	53
角	斗士	49
水浒	传	56
衣食	无忧	56
外卖	小哥	56
外卖	员	56
封建	社会	56
封建	王朝	50
封建	时代	49
封建	迷信	49
封建	制度	49
头脑	中	56
头脑	风暴	56
头脑	里	47
头脑	发热	47
前瞻	性	56
种	不同	56
种	方法	54
种	颜色	48
种	类型	48
射击	游戏	56
书本	上	56
书本	知识	47
依附	于	56
分泌	物	56
教务	处	56
小心	思	56
小心	谨慎	51
小心	地	49
小心	眼	49
小心	机	47
小心	点	47
小道	消息	56
吓	坏了	56
吓	到了	56
吓	人的	50
吓	傻了	48
吓	跑了	47
吓	死了	47
吓坏	了	56
差距	很大	56
差距	太大	55
差距	大	50
差距	较大	47
差距	巨大	46
集合	了	56
集合	体	51
集合	竞价	49
冠	心病	56
报	纸上	56
报	志愿	54
报	一个	51
报	了个	49
报纸	上	56
拉着	我	56
复	活了	56
复	制品	52
复	读了	48
复	古风	48
复活	了	56
复活	节	46
高兴	的	56
高兴	了	52
高兴	地	49
分支	机构	56
光鲜	亮丽	56
北海	道	56
睁开	眼睛	56
睁开	眼	56
加强	版	56
户口	本	56
流传	下来	56
流传	着	55
流传	至今	48
流传	甚广	47
王牌	专业	56
我常	常	56
星辰	大海	56
拍下	来	56
拍下	了	49
一所	学校	56
一所	大学	54
串联	起来	56
串联	起	47
假面	骑士	56
啤酒	花	56
啤酒	酿造	50
啤酒	厂	46
帕	萨特	56
帕	西诺	49
猪	八戒	56
猪	队友	53
整合	了	56
整合	到	53
整合	资源	47
整合	成	46
欧冠	决赛	56
欧冠	冠军	55
而今	天	56
承载	着	56
承载	了	55
摩卡	壶	56
轻薄	本	56
曝	光度	56
曝	光的	55
曝光	度	56
曝光	的	55
曝光	率	55
曝光	量	54
曝光	时间	51
曝光	了	49
光合	作用	56
生涯	中	56
手上	有	56
消除	了	56
包容	性	56
包容	度	46
厌倦	了	56
核电	站	56
录	取了	56
录	下来	54
录	视频	53
录	影带	46
弄出	来	56
坐落	在	56
坐落	于	54
轮	不到	56
轮	得到	48
轮	到你	48
保鲜	膜	56
资料	片	56
资料	分析	55
资料	来源	54
资料	库	54
资料	显示	50
资料	分享	49
牛顿	力学	56
既定	的	56
日用	品	56
战术	上	56
战术	体系	54
抽	时间	56
抽	出来	56
活了	下来	56
生育	率	56
生育	保险	53
生育	能力	46
沙滩	上	56
出台	了	56
案件	中	56
写好	了	56
野	路子	56
野	球场	52
癌症	患者	56
癌症	治疗	48
癌症	晚期	48
癌症	病人	46
自称	是	56
自称	为	49
你老	公	56
你老	婆	56
你老	板	48
打完	了	56
又称	为	56
一层	一层	56
一层	层	56
一层	楼	48
睡觉	了	56
睡觉	前	56
睡觉	的	55
睡觉	时	54
会比	较好	56
草原	上	56
伸手	党	56
莉莉	丝	56
太慢	了	56
打到	了	56
自助	餐	56
自助	餐厅	46
一举	一动	56
一举	多得	48
一举	成名	46
架子	鼓	56
架子	上	49
总算	是	56
考生	在	56
考生	报考	46
抢	不到	56
抢	走了	55
抢	到了	53
抢	过来	48
抢	红包	47
抢	篮板	46
原地	踏步	56
原地	爆炸	47
死的	时候	56
体积	小	56
置身	于	56
换算	成	56
柔	韧性	56
柔	弱的	48
柔韧	性	56
好大	学	56
好大	的	47
顾	不上	56
顾	不得	50
配料	表	56
肖四	肖八	56
篮	球场	56
篮	球鞋	53
篮	球队	52
篮	板球	49
篮球	场	56
篮球	鞋	53
篮球	队	52
篮球	比赛	48
篮球	场上	46
言论	自由	56
认清	自己	56
认清	现实	52
认清	了	49
认清	楚	47
避难	所	56
挂在	嘴边	56
弯道	超车	56
轰炸	机	56
兜兜	转转	56
白富	美	56
挑	出来	56
挑	一个	56
挑	选出	55
挑	选了	55
挑	不出	49
挑	一些	48
挑出	来	56
到手	的	56
到手	价	56
到手	了	51
到手	工资	49
到手	后	46
网格	交易	56
建国	后	56
建国	初期	48
正统	的	56
二三	十	56
二三	十年	52
二三	线	50
二三	十万	49
二三	十个	46
概括	为	56
概括	了	52
概括	性	51
概括	起来	48
犹豫	了	56
两口	子	56
伤寒	论	56
丹	尼尔	56
丹	尼斯	52
丹尼	尔	56
丹尼	斯	52
何况	是	56
专辑	里	56
专辑	封面	52
路易	斯	56
路易	十六	51
路易	十四	50
哈里	斯	56
哈里	森	49
简化	了	56
简化	为	55
简化	字	52
简化	版	51
简化	成	51
吃饭	时	56
吃饭	睡觉	52
吃饭	了	52
吃饭	时间	47
湖北	省	56
湖北	大学	47
匈奴	人	56
赔偿	金	56
赔偿	金额	46
赔偿	损失	46
赔偿	责任	46
麦肯	锡	56
东西	方	56
东西	也	56
东西	吧	52
东西	呢	50
东西	吗	50
微弱	的	56
连锁	反应	56
连锁	店	54
祖	师爷	56
祖	传的	50
祖师	爷	56
记得	当时	56
记得	我	53
记得	住	52
记得	关注	51
记得	是	51
记得	以前	49
水土	不服	56
闪电	侠	56
美美	的	56
美美	哒	47
支线	任务	56
黑衣	人	56
黑衣	组织	52
注视	着	56
注视	下	46
苦逼	的	56
花了	钱	56
花了	多少	48
花了	很多	47
安眠	药	56
坦白	说	56
坦白	讲	48
甲基	化	56
胰腺	癌	56
电信	号	56
电信	诈骗	47
电信	的	47
十九	世纪	56
十九	年	51
十九	岁	47
华为	手机	56
华为	云	51
某种	程度	56
某种	特定	46
某种	角度	46
桌	面上	56
桌面	上	56
桌面	端	49
桌面	版	48
破产	了	56
破产	清算	50
破产	倒闭	46
破产	法	46
现身	说法	56
当当	网	56
当当	当	46
极佳	的	56
早就	已经	56
早就	知道	53
早就	有	51
早就	把	48
早就	该	47
早就	想	46
卸载	了	56
买断	制	56
俄国	人	56
九	月份	56
九	个月	50
九	点半	47
九月	份	56
只会	在	56
只会	说	55
只会	觉得	55
只会	是	54
只会	用	53
只会	有	47
触摸	屏	56
触摸	板	50
触摸	到	48
假	动作	56
假	如是	51
假	突破	49
假	新闻	49
假	设有	49
假	如有	48
有责	任	56
食品	安全	56
食品	饮料	52
食品	级	48
食品	行业	47
能吃	到	56
能吃	苦	52
比谁	都	56
抄	作业	56
抄	下来	51
微微	一笑	56
微微	的	51
汉文	帝	56
汉文	化	49
波澜	壮阔	56
教我	们	56
终归	是	56
立足	于	56
立足	点	47
她的	歌	56
她的	名字	54
她的	手	53
她的	丈夫	52
她的	声音	52
她的	脸	52
埃及	人	56
加重	了	56
五大	联赛	56
吃掉	了	56
冤枉	钱	56
股权	转让	56
股权	投资	56
股权	激励	54
股权	结构	53
股权	比例	51
股权	融资	50
过上	了	56
租	房子	56
租	出去	48
租房	子	56
减轻	了	56
结尾	处	56
结尾	时	46
天气	预报	56
天气	好	51
天气	之子	49
天气	不好	46
更长	的	56
更长	时间	53
更长	久	48
更长	远	47
包裹	着	56
包裹	住	47
偏重	于	56
九宫	格	56
一棵	树	56
部落	的	56
执	行者	56
包装	成	56
包装	上	53
包装	盒	52
包装	设计	50
包装	袋	49
小妹	妹	56
打火	机	56
造物	主	56
当代	艺术	56
当代	人	50
当代	中国	49
当代	社会	46
不快	乐	56
懂得	都懂	56
懂得	如何	55
懂得	了	54
懂得	多	46
队员	们	56
尖锐	的	56
懵逼	了	56
火锅	店	56
菲利	普	56
跟她	说	56
跟她	们	47
史学	家	56
史学	界	50
史学	理论	47
古代	人	56
古代	汉语	52
古代	文学	48
大熊	猫	56
大熊	市	48
降落	伞	56
降落	在	49
龙头	企业	56
龙头	股	52
沙尘	暴	56
九头	蛇	56
显微	镜	56
准	考证	56
准	没错	54
准	妈妈	50
准	备考	48
准	不准	47
准	备用	46
应收	账款	56
略	高于	56
略	低于	53
略高	于	56
乳胶	漆	56
标的	物	56
标的	资产	50
旅游	业	56
旅游	景点	53
旅游	管理	50
旅游	攻略	48
旅游	行业	48
旅游	团	47
呵	呵呵	56
呵呵	呵	56
呵呵	哒	53
呵呵	呵呵	47
呵呵	一笑	46
映射	到	56
映射	关系	46
收回	来	56
收回	了	51
收回	成本	48
收回	去	47
有序	的	56
带出	来	56
带出	去	52
阴暗	的	56
阴暗	面	55
受托	人	56
特么	的	56
写在	前面	56
写在	纸上	49
写在	这里	46
这封	信	56
两千	多	56
两千	年	54
两千	万	51
两千	多年	50
两千	年前	47
两千	块	47
计时	器	56
主治	医生	56
主治	医师	51
成分	股	56
成分	表	52
踩	刹车	56
踩	油门	52
踩	一脚	47
踩	离合	47
集	成了	56
集	中度	52
集	合体	51
集	大成	49
为人	处世	56
为人	处事	51
为人	父母	49
为人	所知	47
为人	民	47
别说	什么	56
别说	是	54
别说	了	52
别说	你	48
别说	我	47
就得	了	56
就得	到	51
你才	会	56
你才	是	51
挑战	者	56
挑战	性	54
挑战	赛	52
挑战	自我	47
挑战	杯	46
要花	钱	56
要花	费	54
及时	止损	56
及时	调整	55
及时	发现	53
及时	回复	53
及时	更新	51
及时	反馈	49
丘	吉尔	56
格兰	仕	56
格兰	特	55
没说	话	56
没说	过	51
没说	清楚	48
没说	什么	47
没说	错	46
只做	了	56
买卖	双方	56
买卖	合同	52
买卖	股票	52
过了	几天	56
过了	一遍	55
过了	一会	54
过了	几年	51
过了	很久	50
过了	一年	49
鼠标	垫	56
前列	腺	56
测	试了	56
测	出来	53
测	试过	51
测	试题	48
测	一下	48
新型	的	56
花心	思	56
万分	之一	56
万分	之	51
爆出	来	56
老龄	化	56
含	水量	56
皮肤	上	56
皮肤	病	52
皮肤	科	50
皮肤	表面	50
又想	起	56
还好	我	56
还好	说	52
还好	意思	50
还好	吧	50
大话	西游	56
克服	了	56
克服	困难	50
消极	的	56
消极	情绪	48
串	起来	56
送给	你	56
送给	他	53
送给	大家	53
送给	我	53
送给	她	48
前文	提到	56
一幅	画	56
接线	员	56
窗口	期	56
窗口	中	48
报名	时间	56
报名	参加	55
报名	费	55
报名	人数	52
报名	条件	51
钢管	舞	56
活性	炭	56
活性	成分	48
实名	反对	56
实名	认证	55
实名	制	53
过得	去	56
过得	好	51
过得	很好	48
过得	更好	47
牛津	大学	56
牛津	剑桥	46
吓得	我	56
终身	寿险	56
终身	学习	52
估	摸着	56
激动	地	56
激动	人心	52
激动	了	50
激动	得	49
激动	不已	46
快门	速度	56
快门	线	46
不受	影响	56
不受	控制	53
不受	待见	51
不受	欢迎	51
不受	限制	50
不受	伤	48
几首	歌	56
吓到	了	56
我跟	他	56
我跟	你	54
我跟	你说	53
我跟	我	52
我跟	着	51
我跟	她	51
投行	部	56
投行	业务	51
极为	重要	56
极为	相似	47
分清	楚	56
队友	们	56
稀缺	性	56
稀缺	的	55
稀缺	资源	52
一位	朋友	56
稀奇	古怪	56
想吐	槽	56
角色	扮演	56
角色	球员	55
角色	塑造	53
角色	设定	49
角色	们	48
角色	设计	48
试了	一下	56
试了	试	51
试了	下	49
辩证	法	56
圣殿	骑士	56
猕猴	桃	56
实地	考察	56
依次	是	56
依次	为	53
别急	着	56
肮脏	的	56
只花	了	56
南开	大学	56
落在	了	56
旧时	代	56
今年	年初	56
今年	以来	55
今年	夏天	53
今年	初	47
具象	化	56
建	一个	56
建	了个	49
建	起来	48
建	文帝	47
建	房子	46
建	立于	46
悄悄	地	56
悄悄	的	53
表示	感谢	56
表示	为	56
表示	理解	50
表示	出	48
表示	赞同	47
表示	怀疑	47
开辟	了	56
有空	调	56
牵涉	到	56
生成	器	56
杀了	他	56
杀了	人	50
杀了	你	49
杀了	我	48
杀了	她	46
吃个	饭	56
诸侯	国	56
诸侯	王	54
演化	出	56
演化	成	49
演化	为	48
傻傻	的	56
傻傻	地	46
拍了	拍	56
拍了	个	48
拍了	一张	48
维多	利亚	56
指南	针	56
铸	铁锅	56
铸铁	锅	56
标题	党	56
标题	是	53
篇幅	有限	56
孤身	一人	56
律师	费	56
律师	行业	51
律师	函	50
江浙	沪	56
去年	年底	56
去年	同期	51
去年	夏天	50
去年	底	50
那帮	人	56
赚了	钱	56
汇集	了	56
次	世代	56
次	声波	50
滤波	器	56
卖掉	了	56
狭窄	的	56
卡塔	尔	56
空手	道	56
个个	都	56
个个	都是	55
变多	了	56
安娜	堡	56
禁	区内	56
禁	不住	51
禁	区外	46
禁区	内	56
禁区	外	46
弹出	来	56
抽出	来	56
抽出	时间	50
资源	丰富	56
资源	配置	54
资源	整合	53
资源	分配	52
资源	库	52
资源	优势	49
考完	试	56
考完	了	55
圆锥	曲线	56
费时	费力	56
费时	间	55
机智	的	56
如今	已经	56
如今	是	47
紧随	其后	56
涌	现出	56
涌现	出	56
说你	们	56
说你	是	53
布兰	妮	56
布兰	德	51
布兰	登	46
德语	的	56
极度	的	56
素材	库	56
一支	球队	56
一支	笔	52
一支	队伍	47
一支	军队	46
一支	股票	46
自学	能力	56
自学	考试	55
自学	成才	51
自学	者	47
自学	编程	46
顺势	而为	56
敏锐	的	56
敏锐	地	50
敏锐	度	46
斯诺	克	56
颁奖	典礼	56
颁奖	礼	51
信号	处理	56
信号	灯	46
信号	强度	46
留给	了	56
留给	我	53
留给	你	51
留给	我们	51
留给	自己	50
留给	他	48
主力	军	56
主力	机	50
主力	部队	47
主力	阵容	46
游乐	场	56
游乐	园	53
微分	方程	56
微分	几何	50
背叛	了	56
人才	培养	56
人才	引进	55
人才	需求	51
人才	市场	51
人才	储备	49
人才	网	48
刷刷	刷	56
刷刷	题	46
大伙	儿	56
几代	人	56
分类	器	56
分类	法	48
分类	整理	47
漏洞	百出	56
荒谬	的	56
纯	天然	56
纯	净水	54
纯	牛奶	53
纯	音乐	53
纯	干货	51
纯	电动	50
无奈	之下	56
无奈	地	55
再给	你	56
再给	我	52
促销	活动	56
相去	甚远	56
睁	开眼	56
他都	是	56
算了	吧	56
算了	算了	51
算了	算	47
遍地	都是	56
遍地	开花	55
宇宙	学	56
宇宙	飞船	55
宇宙	空间	52
宇宙	中心	50
宇宙	人	49
宇宙	膨胀	48
能量	传递	56
能量	消耗	53
能量	密度	53
能量	守恒	52
成熟	度	56
成熟	期	53
成熟	稳重	50
偏远	地区	56
监护	人	56
暴发	户	56
入学	考试	56
入学	后	50
靠谱	吗	56
靠谱	点	48
拍照	片	56
周天	子	56
阿扎	尔	55
亲测	有效	55
克莱	尔	55
照片	上	55
照片	里	55
体面	的	55
种类	繁多	55
种类	型	48
种类	丰富	46
拖拉	机	55
文理	学院	55
文理	科	48
理发	师	55
理发	店	55
杨	玉环	55
杨	贵妃	55
杨	超越	52
杨	老师	51
杨	小姐	47
杨	先生	46
单曲	循环	55
极端	情况	55
极端	天气	49
极端	化	49
零售	商	55
零售	业	52
零售	价	51
零售	店	49
零售	行业	46
辛	德勒	55
判	定为	55
判	死刑	49
判定	为	55
狮子	王	55
狮子	座	49
狮子	头	47
士兵	们	55
月球	上	55
月球	表面	51
月球	车	50
月球	背面	48
大理	石	55
数理	化	55
数理	统计	52
数理	基础	48
数理	逻辑	46
手游	代理	55
加了	个	55
加了	微信	47
加了	一些	47
收费	标准	55
收费	模式	51
收费	了	47
收费	方式	47
收费	站	47
坚强	的	55
花木	兰	55
何	老师	55
何	凯文	53
何	必要	48
找回	了	55
找回	来	54
冰山	一角	55
饮水	机	55
医务	人员	55
医务	室	48
一字	一句	55
一字	不差	50
血缘	关系	55
倒在	了	55
倒在	地上	52
衡量	标准	55
衡量	一个	51
红木	家具	55
粗暴	的	55
坚实	的	55
动手	能力	55
动手	了	48
动手	术	48
动手	做	46
都挺	好	55
都挺	好的	55
都挺	不错	50
立体	感	55
立体	几何	51
立体	声	51
立体	化	46
加深	了	55
加深	印象	54
加深	记忆	52
加深	理解	51
突发	奇想	55
突发	事件	55
突发	情况	54
突发	状况	49
以致	于	55
我拿	着	55
高人	一等	55
奠基	人	55
我弟	弟	55
菜单	栏	55
不争	气	55
不吃	饭	55
不吃	亏	52
不吃	药	52
不吃	肉	50
不吃	早餐	46
不吃	东西	46
过敏	原	55
过敏	反应	51
过敏	源	46
如是	说	55
上交	所	55
解	放了	55
解	开了	54
解	除了	53
解	出来	49
床头	柜	55
三次	元	55
会为	了	55
显现	出来	55
显现	出	53
耐心	等待	55
耐心	地	54
耐心	看完	53
追随	者	55
说错	了	55
半条	命	55
贫民	窟	55
十月	份	55
十月	革命	48
硬性	要求	55
硬性	条件	52
硬性	规定	47
硬性	指标	46
舒服	了	55
舒服	多了	50
黑板	上	55
愣	住了	55
户外	运动	55
户外	活动	55
户外	品牌	50
户外	装备	46
美味	的	55
全天	候	55
全天	下	53
碰上	了	55
就职	于	55
奴隶	制	55
奴隶	主	54
我试	着	55
我试	过	55
我试	图	49
盖	房子	55
吃到	了	55
吃到	嘴里	46
身心	健康	55
少女	心	55
少女	时代	48
少女	们	46
少女	感	46
弗罗	多	55
投机	者	55
何必	呢	55
何必	要	48
最糟	糕	55
等他	们	55
搞得	我	55
搞得	好像	46
占到	了	55
能说	明	55
耐用	性	55
偷偷	摸摸	55
偷偷	的	55
偷偷	地	51
贯	穿了	55
贯穿	了	55
贯穿	始终	53
贯穿	于	47
那群	人	55
斗	地主	55
斗	不过	47
斗	战神	46
不依	赖	55
不依	靠	49
实则	是	55
混动	系统	55
混动	车	51
混动	技术	50
混动	车型	47
贸易	战	55
贸易	公司	52
贸易	顺差	51
贸易	逆差	50
贸易	商	48
课时	费	55
名气	大	55
名气	很大	46
疫情	影响	55
疫情	防控	52
疫情	爆发	51
疫情	下	50
疫情	之下	49
疫情	之后	48
植物	油	55
植物	学	51
植物	园	50
植物	人	48
植物	生长	47
植物	蛋白	46
神秘	感	55
神秘	学	52
神秘	主义	51
神秘	人	50
神秘	海域	49
神秘	力量	47
墙	壁上	55
墙壁	上	55
万事	大吉	55
万事	万物	54
万事	达	47
万事	屋	46
德罗	赞	55
德罗	巴	50
被杀	死	55
被杀	了	50
被杀	害	49
箱子	里	55
诠释	了	55
看能	不能	55
五块	钱	55
翻了	翻	55
翻了	一下	53
翻了	一倍	49
近视	的	55
近视	度数	53
近视	眼	53
近视	手术	53
唱	出来	55
唱	高音	48
唱	什么	47
唱	起来	46
唱出	来	55
雌	激素	55
对着	镜子	55
对着	干	53
对着	我	52
对着	他	48
就做	了	55
就做	好	49
就做	什么	46
放大	镜	55
放大	器	51
放大	招	50
韦	小宝	55
韦	斯特	48
口腔	溃疡	55
口腔	内	50
口腔	健康	48
口腔	科	48
口腔	内部	47
口腔	医学	47
前三	名	55
前三	个	54
前三	年	54
前三	部	50
前三	天	49
前三	个月	49
柠檬	汁	55
柠檬	水	48
柠檬	酸	46
抓到	了	55
找他	们	55
越野	车	55
越野	跑	54
越野	跑鞋	47
离婚	了	55
离婚	后	53
顶	多是	55
顶	不住	54
顶	上去	48
顶多	是	55
顶多	就是	52
循环	往复	55
循环	系统	53
循环	播放	52
循环	扇	48
循环	利用	46
逼	自己	55
逼	急了	48
古今	中外	55
投票	权	55
侵权	行为	55
侵权	人	48
侵权	删	46
组合	成	55
组合	而成	51
组合	拳	51
组合	方式	47
组合	体	47
不保	证	55
变大	了	55
三天	后	55
三天	两头	55
三天	内	46
三天	时间	46
楚国	的	55
曼联	球迷	55
死掉	了	55
就出	现	55
就出	来	54
就出	了	51
就出	去	48
文中	提到	55
不读	书	55
人到	中年	55
驱逐	舰	55
鬼	知道	55
鬼	谷子	50
鬼	样子	48
鬼	故事	46
官僚	主义	55
胸大	肌	55
猜	到了	55
猜	不到	48
猜	对了	48
猜到	了	55
未婚	妻	55
未婚	夫	55
保温	杯	55
闻	起来	55
闻	到了	50
闻	不到	47
十八	岁	55
十八	年	52
十八	线	49
十八	世纪	48
病态	的	55
私家	车	55
伸	出手	55
伸	出来	46
伸出	手	55
伸出	来	46
伸出	援手	46
进出	口	55
非凡	的	55
何尝	不是	55
不堪	一击	55
不堪	回首	47
调查	报告	55
调查	结果	54
调查	显示	52
调查	问卷	52
调查	员	50
调查	兵团	49
暗示	着	55
蹦	出来	55
两门	课	55
梦境	中	55
梦境	里	48
所获	得	55
罗辑	思维	55
皮尔	洛	55
皮尔	斯	52
皮尔	森	46
装	饰品	55
装	不下	51
装	一个	51
装	什么	50
装	上了	49
装	出来	47
装饰	品	55
装饰	性	52
装饰	画	51
装饰	物	46
赤裸	裸	55
色彩	搭配	55
色彩	空间	48
色彩	斑斓	46
色彩	鲜艳	46
来的	人	55
注入	了	55
看的	书	55
看的	出来	51
内存	中	55
内存	管理	52
内存	占用	49
内存	条	47
内存	卡	46
商品	价格	55
商品	房	54
商品	化	47
商品	经济	46
商品	期货	46
安利	一下	55
安利	一个	46
剥夺	了	55
附着	在	55
附着	力	46
复合	弓	55
复合	型	55
复合	材料	50
复合	动作	49
复合	物	46
传教	士	55
检查	结果	55
检查	出	51
检查	和	48
检查	报告	47
检查	下	46
检查	单	46
大明	星	55
大明	王朝	51
大明	宫	47
纳粹	德国	55
纳粹	党	54
阿诺	德	55
立方	体	55
立方	米	54
常用	于	55
常用	字	48
蝴蝶	效应	55
蝴蝶	结	47
大乱	斗	55
打动	了	55
打动	人心	50
打动	你	48
康	奈尔	55
康	师傅	50
康	卡斯	49
选的	是	55
阳光	下	55
阳光	明媚	51
阳光	直射	46
阳光	照射	46
阳光	灿烂	46
路	线图	55
路	人缘	53
路	面上	46
路线	图	55
细胞	内	55
细胞	膜	55
细胞	核	53
细胞	分裂	50
细胞	因子	49
细胞	壁	46
火腿	肠	55
稀	缺的	55
稀	有的	53
稀	少的	47
技巧	性	55
各地	区	55
各地	方	46
学好	英语	55
签署	了	55
剑桥	大学	55
挑选	出	55
挑选	了	55
挑选	出来	47
样本	量	55
罗杰	斯	55
去吃	饭	55
柜子	里	55
御	三家	55
三大	类	55
三大	件	55
三大	项	48
三大	块	46
预测	未来	55
预测	结果	49
预测	值	48
预测	模型	46
预测	卷	46
放开	了	55
谨慎	的	55
谨慎	地	46
客人	的	55
病毒	感染	55
溢价	率	55
作文	模板	55
作文	题目	51
作文	素材	51
作文	题	47
颈椎	病	55
街道	上	55
街道	办	49
悲观	的	55
我又	不是	55
我又	来了	52
我又	要	50
我又	一次	47
我又	想	47
接盘	侠	55
独占	游戏	55
外贸	公司	55
外贸	企业	51
外贸	行业	50
外贸	业务	46
癫痫	发作	55
癫痫	患者	51
癫痫	病	48
镜头	前	55
镜头	下	51
去问	问	55
夫妻	俩	55
夫妻	双方	51
夫妻	二人	50
夫妻	关系	49
夫妻	之间	46
夫妻	两人	46
以便	于	55
规律	性	55
规律	可循	50
规律	作息	47
从未	见过	55
从未	想过	51
从未	有过	50
从未	停止	47
从未	在	46
救命	稻草	55
侵	犯了	55
侵犯	了	55
这番	话	55
种植	牙	55
种植	园	48
基准	利率	55
卡片	机	55
写到	这	55
纠结	了	55
法老	王	55
降到	最低	55
京东	自营	55
京东	方	54
京东	商城	46
京东	物流	46
边际	成本	55
边际	效用	49
鸦片	战争	55
天津	饭	55
天津	大学	52
天津	市	50
天津	人	48
汉化	组	55
汉化	版	46
并肩	作战	55
史诗	级	55
史诗	感	49
史诗	般	48
一套	房子	55
一套	房	53
一套	系统	49
给个	赞	55
习题	集	55
习题	册	53
反面	教材	55
反面	例子	46
寻思	着	55
整整	齐齐	55
整整	一年	49
流体	力学	55
南北	朝	55
南北	战争	51
南北	极	46
南北	方	46
区分	度	55
区分	开来	54
区分	开	54
区分	出	48
毁	灭了	55
毁	掉了	54
毁	三观	47
毁灭	了	55
毁灭	性	53
毁灭	世界	50
联邦	政府	55
四十	岁	55
四十	年	54
四十	万	53
四十	分钟	52
四十	多岁	51
四十	多	50
不上	班	55
不上	去	54
不上	心	52
不上	不下	51
不上	课	48
不上	来	48
以太	坊	55
以太	网	49
领军	人物	55
两位	数	55
单元	格	55
单元	测试	53
单元	剧	49
霸王	龙	55
私人	的	55
私人	银行	54
私人	化	47
私人	飞机	46
风向	标	55
多么	重要	55
多么	好	52
多么	大	49
多么	美好	46
多么	可怕	46
抢走	了	55
诺	贝尔	55
诺	伊尔	55
诺	坎普	49
风暴	英雄	55
小宝	宝	55
小宝	贝	47
感光	度	55
感光	元件	51
高高	的	55
课余	时间	55
失效	了	55
布置	的	55
布置	了	51
布置	作业	47
有错	误	55
通胀	率	55
占地	面积	55
占地	方	52
仪	表盘	55
仪表	盘	55
仪表	板	48
股东	会	55
股东	大会	53
罗德	岛	55
罗德	曼	46
患病	率	55
患病	的	50
高德	地图	55
恶意	的	55
恶意	揣测	49
体力	活	55
体力	劳动	54
体力	不支	49
体力	消耗	48
体力	值	47
体力	活动	46
无用	功	55
无用	论	47
橡	木桶	55
橡木	桶	55
时光	机	55
时光	网	49
时光	倒流	47
新手	小白	55
新手	入门	54
新手	卖家	53
新手	村	52
新手	机	51
新手	期	47
跨国	公司	55
跨国	企业	48
答疑	解惑	55
心上	人	55
会是	什么	55
对它	们	55
斯塔	克	55
研	发出	55
研发	出	55
研发	人员	54
研发	费用	54
研发	投入	53
研发	中心	52
研发	部门	50
附加	险	55
附加	值	53
附加	赛	50
附加	价值	47
推广	到	55
推广	方式	52
推广	费	46
取景	器	55
取景	地	50
主管	部门	55
野蛮	人	55
野蛮	生长	55
野蛮	的	50
锤子	手机	55
锤子	科技	54
点燃	了	55
承受	能力	55
承受	了	55
承受	着	54
承受	不了	53
承受	不住	51
承受	不起	48
沙县	小吃	55
莱纳	德	55
无缝	衔接	55
无缝	对接	47
无缝	切换	46
嘻	嘻嘻	55
嘻嘻	嘻	55
嘻嘻	哈哈	55
但那	是	55
但那	时	49
你对	于	55
你对	他	49
低俗	小说	55
早年	间	55
表演	者	55
表演	了	51
金马	奖	55
触	发了	55
触	动了	50
触	犯了	49
触	摸到	48
触发	了	55
触发	器	50
触发	条件	48
间	接的	55
间	接地	47
间接	的	55
间接	导致	49
间接	地	47
间接	影响	46
现行	的	55
就跑	了	55
就跑	到	50
不讲	道理	55
不讲	究	53
不讲	理	53
书	架上	55
书	里面	54
书	呆子	53
书	法家	52
书	桌上	48
书	包里	47
书架	上	55
潘	金莲	55
潘	多拉	52
区间	内	55
在想	什么	55
苏联	人	55
苏联	解体	53
领头	羊	55
领头	人	47
外交	部	55
外交	官	53
外交	学院	48
假设	是	55
假设	检验	51
假设	有	49
处女	作	55
处女	座	53
肌	纤维	55
冰箱	里	55
人大	附中	55
人大	附	48
母语	者	55
醒来	后	55
醒来	时	49
醒来	之后	47
工人	阶级	55
工人	们	53
逆转	裁判	55
逆转	未来	48
波尔	多	55
波尔	图	51
恐惧	感	55
恐惧	症	52
十三	年	55
十三	岁	48
十三	个	47
规避	风险	55
规避	了	51
规避	掉	46
亿万	富翁	55
啧	啧啧	55
啧啧	啧	55
反对	者	55
反对	意见	52
反对	派	52
就以	为	55
会员	卡	55
会员	费	53
会员	制	51
会员	服务	47
蓝牙	耳机	55
蓝牙	连接	47
白话	文	55
麻省	理工	55
站在	那里	55
站在	一起	54
站在	门口	52
站在	原地	51
站在	台上	46
群众	基础	55
群众	的	55
群众	演员	49
转到	了	55
交界	处	55
升学	率	55
难过	的	55
存放	在	55
患	上了	55
患上	了	55
坐在	一起	55
坐在	那里	55
坐在	沙发	52
坐在	床上	48
坐在	那	46
朝鲜	半岛	55
朝鲜	战争	50
朝鲜	人	49
朝鲜	族	48
朝鲜	语	46
友情	提示	55
友情	提醒	47
打过	来	55
打过	去	53
冒险	者	55
冒险	家	50
冒险	岛	48
冒险	游戏	46
天眼	查	55
天眼	妹	54
垂直	于	55
垂直	领域	54
垂直	方向	49
垂直	电商	46
分开	了	55
分开	来	48
各位	同学	55
各位	大佬	53
各位	朋友	53
两首	歌	55
去找	他	55
去找	工作	52
去找	她	49
日系	车	55
卡洛	斯	55
氧化	物	55
氧化	剂	51
氧化	性	50
氧化	还原	46
氧化	反应	46
绿	巨人	55
绿	宝石	52
绿	帽子	46
操	场上	55
操	作者	49
操场	上	55
间歇	性	55
按照	你的	55
按照	自己	54
按照	规定	54
按照	计划	52
按照	要求	51
按照	惯例	51
电解	质	55
电解	液	50
解散	了	55
商务	部	55
商务	英语	52
商务	人士	48
商务	合作	48
多分	钟	55
活在	当下	55
古诗	词	55
古诗	文	49
少年	时	55
少年	时代	53
少年	们	51
少年	时期	49
少年	漫画	49
少年	漫	49
敢	不敢	55
敢	这么	52
挤	出来	55
挤	牙膏	52
挤	地铁	48
挤	满了	48
挤出	来	55
转会	费	55
转会	市场	48
余光	中	55
牛	魔王	55
牛	羊肉	49
牛	肉干	49
防火	墙	55
段子	手	55
简称	为	55
乐	视网	55
乐	呵呵	49
乐	队里	46
乐视	网	55
社群	运营	55
社群	团购	48
巴比	伦	55
摸	起来	55
摸	不到	53
摸	清楚	50
摸	一下	49
摸	上去	48
手把	手	55
饮	用水	55
饮用	水	55
偷	东西	55
偷	走了	51
曾有	过	55
春秋	时期	55
春秋	战国	54
春秋	笔法	50
春秋	时代	46
填	志愿	55
填	补了	53
人口	密度	55
人口	红利	53
人口	增长	51
人口	数量	51
人口	基数	51
人口	结构	48
载人	飞船	55
载人	航天	55
日日	夜夜	55
半路	出家	55
半路	上	48
懂的	人	55
懂的	都懂	53
凑	热闹	55
凑	过来	50
凑	合着	49
凑	字数	47
逝去	的	55
千	千万	55
千	年前	50
千	万人	48
千	百年	48
正当	防卫	55
正当	我	52
正当	性	51
正当	理由	46
大英	帝国	55
大英	雄	51
本人	对	55
生来	就	55
信任	感	55
信任	度	54
信任	我	46
缺的	是	55
尽心	尽力	55
颗	卫星	55
抬头	看	55
抬头	一看	47
金鸡	奖	55
不二	之选	55
不二	选择	51
他对	我	55
一轮	复习	55
找来	了	55
细细	的	55
细细	品味	51
退役	后	55
退役	了	54
久违	的	55
格	兰特	55
格	蕾丝	53
格	拉斯	51
格	瓦拉	48
使命	感	55
使命	召唤	54
辅助	工具	55
辅助	作用	51
辅助	性	50
辅助	功能	50
辅助	线	50
辅助	治疗	49
生长	在	55
生长	激素	54
生长	发育	51
生长	环境	48
生长	速度	46
低下	头	55
低下	的	51
片尾	曲	55
体能	训练	55
压轴	题	55
实力	派	55
实力	强	54
实力	雄厚	51
实力	差距	50
实力	强劲	49
实力	最强	49
萨	克斯	55
萨	达姆	47
萨克	斯	55
萨克	森	53
过分	了	55
过分	强调	47
吃水	果	55
除	了我	55
除	甲醛	50
除	了他	50
除了	我	55
除了	这个	54
除了	自己	53
除了	少数	52
除了	一个	51
除了	他	50
春节	档	55
春节	期间	52
春节	前	49
春节	后	48
沃	尔克	55
沃	尔特	54
沃	霍尔	49
始祖	鸟	55
远超	过	55
分散	在	55
分散	风险	51
用脚	投票	55
保障	责任	55
保障	期限	47
站稳	脚跟	55
学画	画	55
唯物	主义	55
唯物	史观	46
橡胶	木	55
长度	为	55
鲍	威尔	55
鲍	里斯	51
这将	是	55
只限	于	55
几条	街	55
细菌	感染	55
两种	类型	55
两种	人	50
两种	颜色	47
摩洛	哥	55
操控	性	55
电路	板	55
电路	图	52
颗粒	感	55
颗粒	板	54
颗粒	物	52
颗粒	度	49
最美	好	55
记错	了	55
躺	床上	55
留存	率	55
侦探	小说	55
脑袋	上	55
亲眼	看到	55
亲眼	目睹	51
亲眼	见过	50
亲眼	所见	50
亲眼	见证	48
亲眼	见到	48
中南	大学	55
回味	无穷	55
土豆	泥	54
土豆	丝	48
土豆	片	46
玛丽	苏	54
玛丽	亚	49
互动	性	54
同情	心	54
本能	地	54
本能	反应	48
公平	公正	54
公平	性	54
公平	竞争	50
公平	正义	48
自治	区	54
纯净	水	54
金瓶	梅	54
雅思	听力	54
雅思	考试	54
雅思	托福	53
雅思	口语	52
雅思	成绩	52
雅思	写作	51
收纳	盒	54
收纳	空间	51
懒得	去	54
懒得	看	50
懒得	写	47
懒得	说	46
传唱	度	54
贝	利亚	54
贝	弗利	52
贝利	亚	54
上岸	了	54
上岸	后	46
小马	哥	54
小马	奔腾	47
小马	过河	46
口水	歌	54
伪	科学	54
伪	君子	51
伪	命题	50
伪	球迷	48
伪	需求	48
伪	代码	47
难听	的	54
难听	点	47
难听	的话	47
白金	卡	54
肘	关节	54
康复	训练	54
康复	治疗	49
康复	师	49
踢	足球	54
踢	皮球	49
踢	出去	48
特效	药	54
冲出	来	54
冲出	去	51
困难	重重	54
困难	了	47
不回	来	54
不回	复	52
不回	家	50
不回	答	49
不回	去	48
不回	头	47
把你	们	54
写着	写着	54
研讨	会	54
百	公里	54
百	年前	51
老母	亲	54
大地	上	54
大地	图	53
大地	震	52
大地	主	50
石墨	烯	54
加盟	商	54
加盟	费	51
加盟	店	49
指令	集	54
也想	过	54
也想	不到	48
感冒	了	54
感冒	药	53
感冒	发烧	52
犯	错误	54
犯	错的	53
犯错	误	54
犯错	的	53
兴致	勃勃	54
帮你	们	54
刚进	入	54
觉察	到	54
李嘉	诚	54
股	市里	54
摸索	出	54
摸索	着	50
细	分为	54
细	砂糖	49
细	一点	46
埋	下了	54
可达	到	54
撑	起来	54
撑	起了	53
撑	不住	52
撑	死了	50
撑	不起	48
撑起	来	54
撑起	了	53
克劳	德	54
克劳	福德	52
克劳	斯	46
一打	开	54
福建	省	54
福建	人	48
暴风	雪	54
暴风	雨	53
暴风	城	53
血汗	钱	54
血汗	工厂	47
美元	霸权	54
美元	贬值	47
美元	汇率	47
美元	结算	46
桑	切斯	54
桑	塔纳	50
失落	的	54
失落	感	47
霸道	总裁	54
德鲁	伊	54
技能	树	54
技能	培训	46
屏蔽	了	54
屏蔽	掉	49
飞天	茅台	54
从今	年	54
从今	以后	47
干了	什么	54
干了	啥	46
你跟	我说	54
你跟	我	50
你跟	他	48
你跟	着	46
真人	秀	54
真人	电影	52
真人	版	51
怪物	猎人	54
老旧	的	54
干货	满满	54
占用	了	54
陕西	省	54
陕西	人	46
换上	了	54
手头	上	54
原产	地	54
逃	不过	54
逃	不开	51
逃	出去	50
逃	不出	50
逃	跑了	47
逃	出来	47
大三	大四	54
大三	了	49
大三	度	48
大三	元	48
大三	和弦	46
大三	暑假	46
山西	大学	54
山西	省	52
山西	人	47
弓箭	手	54
白俄	罗斯	54
能比	的	54
一眼	就	54
一眼	望去	46
尽力	了	54
尽力	而为	47
节约	时间	54
节约	成本	54
节约	了	54
评	职称	54
评	论者	48
偏离	了	54
大姨	妈	54
顺	风车	54
顺	时针	52
顺	带着	50
胃	肠道	54
胃	溃疡	53
胃	粘膜	51
胃	黏膜	50
胃	不好	47
胃肠	道	54
难点	在于	54
儿	媳妇	54
儿媳	妇	54
乡村	音乐	54
都难	以	54
一流	学科	54
一流	大学	52
新建	一个	54
很深	刻	54
很深	入	46
蒸汽	机	54
蒸汽	朋克	54
该地	区	54
人上	人	54
地主	阶级	54
地主	家	46
克罗	斯	54
手冲	咖啡	54
手冲	壶	47
浙	师大	54
浙	工商	47
流出	来	54
描	写了	54
描写	了	54
出借	人	54
照顾	我	54
照顾	他	52
照顾	好	51
照顾	你	49
照顾	她	49
在于	其	54
西兰	花	54
拉起	来	54
伊斯	兰	54
伊斯	科	46
怪异	的	54
肾	功能	54
肾	结石	48
肾	衰竭	48
肾	小球	46
重工	业	54
解开	了	54
思路	清晰	54
启示	录	54
看透	了	54
美好	生活	54
美好	回忆	50
美好	时光	48
美好	事物	46
人活	着	54
有失	偏颇	54
工学	院	54
工学	椅	47
公园	里	54
穿上	了	54
布莱	克	54
布莱	恩	53
塞	进去	54
塞	满了	51
塞	进了	47
塞进	去	54
塞进	了	47
村民	们	54
古时	候	54
万元	以上	54
万元	左右	52
万元	以下	49
神仙	打架	54
神仙	水	47
不选	择	54
太重	了	54
太重	要	47
进程	中	54
极简	主义	54
极简	风	48
极简	风格	48
封面	图	54
封面	上	52
封面	设计	48
自豪	感	54
自豪	的	53
发光	发热	54
就用	了	54
就用	这个	46
序列	号	54
序列	化	52
路人	粉	54
路人	缘	53
路人	甲	53
路人	局	47
也为	了	54
尤文	图斯	54
那条	路	54
那条	线	48
耐	心地	54
耐	高温	51
耐	药性	49
耐	不住	48
耐	腐蚀	48
这行	业	54
阿加	莎	54
火箭	队	54
火箭	发射	54
火箭	筒	47
封闭	式	54
封闭	系统	51
封闭	性	48
封闭	期	47
平底	锅	54
混淆	了	54
混淆	视听	52
变好	了	54
温室	气体	54
温室	效应	53
阴道	炎	54
灰色	地带	54
灰色	收入	47
尼罗	河	54
你当	然	54
你当	时	51
继任	者	54
第六	章	54
第六	个	52
第六	步	52
第六	次	51
第六	季	51
第六	天	50
妥协	的	54
多肉	植物	54
贪婪	的	54
有心	人	54
有心	的	51
有心	无力	48
两天	后	54
但你	们	54
但你	可以	48
轩辕	剑	54
火影	忍者	54
多用	于	54
成员	国	54
侵略	者	54
侵略	性	54
侵略	战争	46
省略	了	54
省略	号	47
乐理	知识	54
高级	别	54
高级	语言	50
高级	功能	50
高级	词汇	49
高级	阶段	48
高级	经理	46
办事	处	54
办事	效率	46
节选	自	54
心灵	鸡汤	54
心灵	上	48
心灵	感应	47
储	存在	54
储存	在	54
储存	空间	46
三月	份	54
做点	什么	54
东山	再起	54
询	问了	54
询问	了	54
疼	痛感	54
疼痛	感	54
沿海	地区	54
沿海	城市	51
伦	理学	54
伦理	学	54
伦理	道德	49
不顺	利	54
不顺	眼	53
不顺	心	47
不顺	畅	47
不顺	手	46
努	努力	54
努	比亚	47
可就	是	54
蔬菜	水果	54
亦是	如此	54
肢体	语言	54
肢体	动作	52
肢体	接触	47
季节	性	54
情节	严重	54
无间	道	54
涡轮	增压	54
打上	了	54
打上	去	46
维克	多	54
务	必要	54
务必	要	54
点子	上	54
条理	清晰	54
条理	性	47
有礼	貌	54
试错	成本	54
膨胀	的	54
膨胀	了	52
文森	特	54
浮	现出	54
浮现	出	54
持股	比例	54
多亏	了	54
抓起	来	54
台	面上	54
台面	上	54
高估	了	54
令人	惊叹	54
令人	信服	53
令人	惊讶	52
令人	窒息	51
令人	震惊	51
令人	失望	50
当今	社会	54
当今	世界	53
被你	们	54
购房	者	54
郭	老师	54
郭	艾伦	52
郭	女王	50
郭	芙蓉	49
郭	麒麟	48
婚礼	上	54
发了	一个	54
发了	个	54
发了	一条	49
盯	上了	54
盯上	了	54
实时	更新	54
实时	性	51
实时	监控	49
实时	同步	49
实时	监测	46
实时	渲染	46
过人	之处	54
心血	管	54
问了	一下	54
问了	一句	53
问了	问	51
问了	下	51
友善	的	54
公正	的	54
向前	走	54
向前	看	50
向前	推进	47
向前	发展	46
尼日	利亚	54
希拉	里	54
刀刃	上	54
无声	的	54
烟	酰胺	54
烟	火气	52
问卷	调查	54
人们	认为	54
人们	常说	51
农村	人	54
农村	地区	47
农村	孩子	47
农村	家庭	46
秀	恩爱	54
秀	优越	48
秀	一下	46
皮卡	丘	54
总能	找到	54
柱状	图	54
江西	省	54
大开	眼界	54
主流	媒体	54
主流	社会	47
调剂	到	54
调剂	生	50
调剂	名额	47
更要	命	54
面子	上	54
面子	工程	46
优良	的	54
优良	传统	49
遗传	因素	54
遗传	学	54
遗传	病	52
遗传	性	50
遗传	物质	49
遗传	基因	47
徘徊	在	54
木	地板	54
木	吉他	54
打成	一片	54
打成	了	51
三本	书	54
信	不信	54
信	得过	51
拿着	手机	54
拿着	钱	47
拿着	刀	46
心得	体会	54
区	分开	54
区	分出	48
多项	式	54
麻木	了	54
麻木	的	53
生源	质量	54
依稀	记得	54
默	认为	54
默	克尔	46
战役	中	54
订单	量	54
订单	号	50
黑手	党	54
要考	研	54
要考	试	47
递	给我	54
递	过来	47
递给	我	54
很赞	同	54
就我	自己	54
就我	所知	50
就我	而言	48
民间	借贷	54
民间	传说	50
民间	故事	46
收起	来	54
复读	的	54
复读	机	53
复读	生	51
复读	一年	49
复读	了	48
远方	的	54
指向	性	54
指向	了	52
对外	经贸	54
对外	界	53
对外	汉语	52
对外	开放	51
对外	贸易	51
对外	宣称	49
税收	优惠	54
税收	政策	50
税收	收入	47
税收	筹划	46
多看	几遍	54
中介	机构	54
中介	费	54
中介	公司	49
精力	充沛	54
精力	有限	53
精力	旺盛	48
传达	出	54
传达	了	52
岛	上的	54
岛上	的	54
即可	获得	54
即可	以	50
即可	使用	48
即可	领取	46
缴纳	社保	54
红外	线	54
地质	学	54
地质	学家	46
下单	了	54
叠加	态	54
嚷嚷	着	54
一座	城市	54
一座	山	53
一座	座	48
一座	城	46
耳目	一新	54
乖乖	的	54
乖乖	地	50
合唱	团	54
检	测出	54
检	查出	51
已达	到	54
阅	读者	54
欣慰	的	54
危机	感	54
危机	公关	48
危机	意识	46
囚徒	困境	54
囚徒	健身	50
口粮	茶	54
口粮	酒	46
访谈	中	54
访谈	节目	46
拳击	手	54
跑来	跑去	54
得分	点	54
得分	王	54
得分	能力	51
得分	手	51
得分	后卫	49
华	师大	54
华	德福	52
清洁	工	54
清洁	剂	52
清洁	的	52
清洁	力	52
清洁	能源	49
清洁	牙齿	46
没读	过	54
折射	率	54
折射	出	53
我国	目前	54
我国	古代	51
啥都	没	54
啥都	不懂	53
啥都	有	53
啥都	不会	52
啥都	不	48
关门	了	54
永久	性	54
永久	免费	48
核酸	检测	54
克隆	人	54
人数	最多	54
人数	少	48
人数	众多	48
人数	优势	46
书里	面	54
部门	经理	54
部门	领导	52
部门	法	50
部门	主管	46
邻	居家	54
邻居	家	54
邻居	们	48
选错	了	54
名牌	大学	54
发家	致富	54
美人	鱼	54
擦亮	眼睛	54
打算	去	54
打算	用	51
为你	们	54
为你	好	48
一回	合	54
一回	事	53
一回	事儿	50
一回	头	49
十来	个	54
十来	分钟	48
十来	万	48
十来	天	47
南美	洲	54
辐射	的	54
妖魔	化	54
妖魔	鬼怪	51
摩登	天空	54
不收	费	54
不收	钱	49
理清	楚	54
理清	思路	49
请他	们	54
雅典	娜	54
雅典	人	47
发红	包	54
微量	元素	54
能进	入	54
玩儿	的	54
玩儿	了	48
批量	生产	54
经理	人	54
严谨	性	54
随后	又	54
块	左右	54
三千	多	54
三千	万	50
三千	年	47
京	东方	54
教练	员	54
教练	组	53
教练	说	51
应对	措施	54
应对	策略	50
后台	回复	54
后台	私信	46
后台	开发	46
肯尼	迪	54
肯尼	亚	52
足球	场	54
足球	比赛	53
足球	队	52
足球	场上	48
足球	运动	48
足球	世界	47
合并	后	54
合并	成	52
合并	为	51
合并	到	48
校友	资源	54
校友	会	52
校友	们	47
恶	趣味	54
缓冲	区	54
洗地	的	54
分明	是	54
仍	处于	54
仍	需要	50
仍	没有	47
饿死	了	54
祝你	好运	54
祝你	们	53
祝你	成功	48
泰	国人	54
泰	勒斯	50
泰	戈尔	48
泰	兰德	47
病床	上	54
平安	福	54
平安	的	53
平安	银行	51
平安	夜	46
平安	时代	46
定位	于	54
定位	球	51
定位	在	50
定位	问题	49
定位	精度	48
平平	淡淡	54
平平	安安	51
更广	阔	54
战士	们	54
更换	了	54
更换	电池	46
浮出	水面	54
放心	吧	54
放心	了	53
放心	大胆	52
放心	地	51
放心	使用	50
涨停	板	54
清新	的	54
清新	脱俗	46
清新	自然	46
无语	了	54
也行	啊	54
带你	去	54
带你	了解	47
再去	找	54
后期	处理	54
后期	制作	53
仰望	星空	54
滚	雪球	54
在座	的	54
波波	维奇	54
那首	歌	54
弗	雷德	54
弗	里克	51
弗雷	德	54
弗雷	多	50
弗雷	泽	47
两块	钱	54
性格	特点	54
性格	特征	51
性格	内向	50
性格	缺陷	46
年入	百万	54
卡住	了	54
健全	的	54
冰雪	奇缘	54
害	怕了	54
害	死了	53
害怕	了	54
害怕	失去	46
工艺	品	54
工艺	上	48
工艺	美术	47
吉	安娜	54
吉	格斯	50
吉安	娜	54
八	路军	54
八	套卷	54
八	小时	53
八	个月	53
八	月份	52
八	个人	50
八路	军	54
谷歌	地图	54
谷歌	搜索	50
谷歌	翻译	49
谷歌	学术	46
爱你	们	54
蘑菇	街	54
批发	商	54
批发	市场	53
批发	价	48
舍弃	了	54
两百	多	54
两百	万	52
两百	年	49
举行	了	54
胡桃	木	54
血	常规	54
血	精灵	48
假装	自己	54
契合	度	54
契合	了	48
一统	天下	54
上演	了	54
涨价	了	54
扣	帽子	54
扣	工资	47
三观	不正	54
三观	正	51
查克	拉	54
本文	首发	54
忽然	发现	54
忽然	就	51
忽然	觉得	50
忽然	想起	48
忽然	间	48
忽然	想到	47
懂	得了	54
懂	不懂	53
懂	一点	52
懂	一些	50
懂	了吧	47
懂	了吗	47
一片	空白	54
一片	漆黑	51
一片	片	50
一片	混乱	50
一片	一片	48
一片	黑暗	47
笼罩	在	54
笼罩	着	50
你去	看看	54
你去	看	53
你去	了	50
你去	找	49
你去	问	47
愉悦	感	54
我到	底	54
我到	了	48
出院	了	54
出院	后	53
天使	投资	54
天使	轮	51
空洞	的	54
空洞	骑士	48
你敢	信	54
你敢	说	48
投降	了	54
围观	群众	54
围观	者	46
打折	扣	54
停了	下来	54
浅显	易懂	54
年度	最佳	54
年度	报告	47
内在	逻辑	54
内在	价值	54
内在	联系	47
名校	毕业	54
名校	学霸	48
你爸	妈	54
你爸	爸	53
改进	了	54
环节	中	54
环节	上	47
变小	了	54
卖的	是	54
尚且	如此	54
以防	万一	54
以防	止	53
摆明	了	54
穿透	力	54
穿透	性	46
高层	次	54
处方	药	54
忍受	不了	54
忍受	着	51
缩	小了	54
缩	小到	52
缩小	了	54
缩小	到	52
回应	了	54
延	伸出	54
延	长了	51
延	长到	47
延	长线	47
通识	教育	54
通识	课	48
忠实	的	54
忠实	粉丝	53
忠实	用户	51
脏	东西	54
想必	是	54
想必	你	47
伯格	曼	54
仙人	掌	54
大圣	归来	54
送出	去	54
会把	你	54
会把	你的	46
早晚	会	54
其内	容	54
请点	击	54
赛车	游戏	54
赛车	手	53
侥幸	心理	54
巴西	队	54
巴西	人	51
训	练了	54
供货	商	54
能有	什么	54
能有	几个	48
最能	体现	54
浓缩	咖啡	54
浓缩	的	48
我玩	过	54
我玩	了	52
市政	府	54
演讲	中	54
演讲	者	52
演讲	稿	49
放松	了	54
放松	下来	51
放松	心情	50
放松	警惕	49
放松	身心	46
面部	表情	54
面部	的	50
草稿	纸	54
草稿	纸上	48
内幕	交易	54
内幕	消息	49
脱胎	于	54
段	小楼	54
段	时间	48
减肥	药	54
减肥	效果	49
减肥	方法	46
减肥	期间	46
情商	高	54
情商	低	52
汇编	语言	54
累积	的	54
军	事上	54
军	队里	46
军事	上	54
军事	行动	53
军事	力量	52
军事	家	52
军事	实力	51
军事	基地	49
生生	不息	54
挥舞	着	54
通关	了	54
爬上	去	54
爬上	了	49
爬上	来	49
商标	注册	54
商标	局	51
商标	法	50
商标	权	47
渴望	的	54
渴望	着	48
操盘	手	54
掌门	人	54
常态	化	54
论文	发表	54
论文	写作	53
论文	答辩	53
论文	里	52
论文	查重	49
论文	题目	46
盛	大的	54
盛大	的	54
盛大	游戏	46
我吃	了	54
我吃	过	53
抱团	取暖	54
抱团	股	46
树立	了	54
树立	起	47
爱恨	情仇	54
而为	了	54
差点	就	54
差点	没	53
差点	意思	52
差点	儿	48
差点	忘了	48
毁掉	了	54
武器	装备	54
武器	库	48
圈内	人	54
受访	者	54
发信	息	54
大于	等于	54
防御	力	54
防御	塔	51
防御	性	48
防御	机制	48
沐浴	露	54
评级	机构	54
刷到	了	54
听见	了	54
决不	能	54
闭	着眼	54
风格	化	54
风格	迥异	50
风格	各异	46
利维	坦	54
自驾	游	54
出门	在外	54
出门	了	53
出门	前	49
出门	去	49
角质	层	54
企	业主	54
企	查查	52
偷税	漏税	54
拉力	赛	54
正规	军	54
正规	渠道	50
正规	医院	48
正规	化	47
势力	范围	54
垄断	地位	54
垄断	性	47
大姐	姐	54
家常	菜	54
依靠	自己	54
依靠	着	50
三者	险	54
三者	之间	48
被抓	了	54
被抓	住	48
被抓	的	48
数千	年	54
数千	人	51
数千	万	49
导入	到	54
张口	就来	54
张口	闭口	52
不死	心	54
不死	人	48
要靠	自己	54
传来	了	54
各大	高校	54
各大	银行	51
各大	媒体	50
各大	品牌	49
各大	城市	48
各大	学	46
丝绸	之路	54
波兰	人	54
波兰	斯基	49
简体	字	53
简体	中文	52
加时	赛	53
惦记	着	53
试听	课	53
纷纷	表示	53
收拾	东西	53
收拾	好	52
收拾	收拾	48
收拾	行李	47
收拾	一下	46
概念	设计	53
概念	上	53
概念	性	52
概念	车	47
概念	图	46
原创	文章	53
原创	性	53
原创	作品	52
原创	音乐	49
原创	不易	48
原创	者	48
防癌	险	53
买家	秀	53
擦干	净	53
第七	章	53
第七	天	50
第七	个	49
第七	条	48
第七	次	46
第七	季	46
落地	页	53
落地	窗	50
落地	扇	48
落地	时	48
落地	后	48
落地	灯	46
脊椎	动物	53
甄嬛	传	53
好事	情	53
好事	儿	49
好事	者	48
挂了	电话	53
队伍	中	53
原型	图	53
原型	设计	53
原型	机	49
原型	车	46
大长	腿	53
歪	果仁	53
课外	活动	53
课外	书	47
面包	店	53
面包	机	53
面包	车	53
音	视频	53
保值	率	53
助学	金	53
助学	贷款	47
功利	性	53
功利	主义	53
功利	心	46
等价	于	53
等价	交换	51
动摇	了	53
生意	人	53
生意	参谋	53
生意	好	47
迫切	需要	53
迫切	地	47
就打	算	53
就打	了	46
有事	没事	53
有事	情	49
有事	儿	47
多边	形	53
写实	的	53
比你	们	53
比你	多	51
比你	强	50
写上	去	53
存活	下来	53
存活	率	53
不爱	吃	53
不爱	听	51
不爱	学习	49
不爱	国	49
不爱	说话	48
不爱	我	47
纸	面上	53
耗费	了	53
耗费	精力	46
再见	了	53
再见	面	46
幽默	感	53
幽默	风趣	51
走得	更远	53
低级	错误	53
低级	的	53
观影	体验	53
观影	者	47
说穿	了	53
二分	之一	53
二分	法	47
指望	着	53
向来	是	53
向来	都是	47
下列	情形	53
限量	版	53
不但	是	53
不但	不	52
眼神	里	53
眼神	交流	47
阿苏	勒	53
你将	来	53
打的	是	53
打的	时候	50
散落	在	53
打乱	了	53
坐上	了	53
坐上	去	52
北大	清华	53
得好	好	53
通用	性	53
通用	汽车	48
通用	语	46
通用	型	46
通用	电气	46
信心	满满	53
背部	肌肉	53
背部	的	52
趋近	于	53
出自	于	53
偶像	剧	53
偶像	化	47
还挺	多的	53
还挺	好的	52
还挺	喜欢	49
还挺	多	49
还挺	好看	47
考出	来	53
孵化	器	53
二等	奖	53
变化	趋势	53
变化	情况	51
变化	规律	50
变化	率	49
变化	时	46
嬉皮	士	53
嬉皮	笑脸	48
粉	红色	53
粉红	色	53
一封	邮件	53
一封	信	53
给她	们	53
给她	看	48
性别	歧视	53
禁止	转载	53
禁止	使用	50
禁止	了	48
最要	命	53
有余	力	53
入场	券	53
入场	的	49
一二	三	53
一二	线	50
一二	三四	47
一二	级	47
引导	下	53
引导	学生	51
引导	着	47
光波	炉	53
谜语	人	53
灰	姑娘	53
灰	溜溜	52
唤	醒了	53
唤醒	了	53
喊	口号	53
喊	一声	49
喊	出来	48
长焦	镜头	53
还行	吧	53
如有	侵权	53
如有	雷同	48
紧密	联系	53
紧密	结合	52
紧密	相关	51
紧密	相连	50
你家	里	53
乐评	人	53
稍有	不慎	53
稍有	不同	48
打得	过	53
打得	好	51
子女	教育	53
走廊	里	53
走廊	上	51
关节	炎	53
关节	疼痛	46
沙漠	里	53
沙漠	中	51
沙漠	化	47
哭	出来	53
哭	唧唧	49
乳	制品	53
乳	白色	49
税前	扣除	53
马甲	线	53
背诵	手册	53
美式	咖啡	53
美式	英语	47
互相	交流	53
互相	影响	52
互相	理解	52
互相	帮助	52
互相	学习	50
互相	尊重	49
骑士	团	53
白菜	价	53
吸取	教训	53
吸取	了	52
浑水	摸鱼	53
质疑	我	53
加快	了	53
加快	速度	48
温度	计	53
温度	升高	52
温度	变化	51
温度	高	49
温度	低	48
温度	降低	47
追求	极致	53
追求	完美	53
追求	者	50
追求	什么	49
追求	卓越	47
追求	梦想	46
查阅	了	53
查阅	资料	49
边界	条件	53
净水	器	53
解除	了	53
解除	合同	49
你拿	着	53
你拿	什么	48
喝醉	了	53
后进	行	53
后进	入	51
人流	量	53
前十	名	53
前十	大	48
贵族	们	53
和她	们	53
和她	一起	52
辣	眼睛	53
失踪	了	53
线下	活动	53
线下	门店	52
线下	店	50
线下	渠道	49
中二	病	53
中二	少年	47
标签	页	53
标签	化	51
标签	上	46
商量	好	53
商量	一下	48
商量	着	47
深蓝	君	53
深蓝	色	49
真没	有	53
真没	想到	50
真没	什么	47
真没	啥	46
开车	去	53
魅力	所在	53
无脑	的	53
无脑	黑	51
无脑	吹	47
长江	流域	53
只在	乎	53
欺负	人	53
欺负	你	52
欺负	我	52
欺负	他	47
想来	想去	53
加热	管	53
加热	食物	47
加热	功率	46
优异	的	53
三原	色	53
空中	楼阁	53
森	林里	53
森林	里	53
森林	狼	49
森林	公园	48
怀揣	着	53
最早	出现	53
最早	一批	50
最早	在	50
推断	出	53
班里	的	53
紧跟	着	53
石英	表	53
夹带	私货	53
春夏	秋冬	53
我妹	妹	53
耗	电量	53
耗	时间	52
耗电	量	53
高端	产品	53
高端	人才	51
高端	局	50
高端	机	48
高端	大气	46
演员	们	53
演员	演技	47
演员	表演	46
可取	之处	53
可取	的	46
不爽	的	53
强奸	犯	53
强奸	罪	51
强奸	案	46
补	一个	53
补	一下	52
补	回来	52
补	一句	51
补	上了	50
补	气血	48
书籍	推荐	53
书籍	是	47
兰	德尔	53
兰德	尔	53
奶	制品	53
奶	香味	47
完结	了	53
跟随	着	53
快餐	店	53
大脑	皮层	53
大脑	发育	47
真有	人	53
高位	逼抢	53
高位	下拉	49
悲惨	的	53
悲惨	世界	50
单行	本	53
修复	了	53
两万	多	53
迟	到了	53
迟到	了	53
迟到	的	48
运筹	学	53
冤	大头	53
炎症	反应	53
国外	品牌	53
国外	客户	47
国外	市场	46
国外	网站	46
国外	留学	46
紧迫	感	53
发自	内心	53
近地	轨道	53
横	截面	53
横	坐标	50
原画	师	53
急性	期	53
出场	了	53
出场	率	49
出场	费	47
风土	人情	53
绩效	考核	53
绩效	管理	48
绩效	工资	47
表决	权	53
弄了	个	53
所剩	无几	53
湖人	队	53
金属	乐	53
金属	材料	49
金属	乐队	47
金属	离子	46
金属	元素	46
穷	学生	53
穷	小子	50
法院	判决	53
法院	认为	46
武力	值	53
抽屉	里	53
人均	收入	53
人均	寿命	48
人均	消费	47
欧亚	大陆	53
张家	界	53
张家	口	51
打进	了	53
打进	去	46
拎	出来	53
静	下来	53
静	电场	46
餐饮	行业	53
餐饮	业	52
餐饮	店	48
单反	相机	53
转念	一想	53
鼎盛	时期	53
收件	人	53
收件	箱	46
军队	文职	53
军队	里	46
科恩	兄弟	53
最远	的	53
查询	到	53
查询	结果	49
查询	语句	46
查询	一下	46
适度	的	53
蓝	宝石	53
蓝	绿色	46
滑雪	场	53
像素	点	53
像素	风	48
像素	密度	47
花生	酱	53
花生	米	50
花生	油	50
潜伏	期	53
崇	高的	53
崇高	的	53
并列	的	53
独生	子女	53
独生	女	46
维护	了	53
维护	好	50
维护	成本	50
维护	者	47
还原	度	53
还原	性	49
还原	成	49
还很	多	53
还很	大	48
还很	远	48
还很	年轻	47
揭露	了	53
六年	级	53
六年	前	50
好心	人	53
好心	情	52
摘	下来	53
摘	出来	47
摘下	来	53
游击	队	53
游击	战	48
大爷	大妈	53
大爷	们	46
一进	门	53
一进	去	51
一进	来	47
着陆	器	53
大而	全	53
双非	院校	53
双非	一本	52
多层	次	53
多层	板	50
热带	雨林	53
热带	水果	46
洛克	王国	53
抢到	了	53
岁月	里	53
沉溺	于	53
沉溺	在	46
直线	上升	53
直线	下降	51
直线	行驶	50
直线	距离	49
睡	不好	53
睡	午觉	48
睡	过去	47
睡	美人	47
睡	醒了	46
探讨	一下	53
脸谱	化	53
闽	南语	53
闽南	语	53
拔	出来	53
拔	高了	46
拔出	来	53
要来	了	53
炉石	传说	53
盖茨	比	53
讲台	上	53
口语	化	53
口语	表达	50
口语	考试	47
路边	摊	53
本篇	文章	53
流量	入口	53
流量	池	51
流量	变现	50
流量	党	46
流量	红利	46
用处	不大	53
一坨	屎	53
大块	的	53
大块	头	50
几件	事	53
几件	事情	47
报警	了	53
打怪	升级	53
生日	快乐	53
生日	礼物	52
生日	那天	48
批判	性	53
批判	一番	46
硕	大的	53
硕大	的	53
开盘	价	53
裁判	员	53
裁判	文书	46
整场	比赛	53
为防	止	53
汤	婆婆	53
汤	师爷	48
汤	老师	46
蓝天	白云	53
做个	参考	53
做个	对比	49
固执	的	53
固执	地	50
再做	决定	53
再做	一遍	49
再做	一次	47
山	脚下	53
山	海关	49
山	洞里	49
山	顶上	48
山脚	下	53
接种	疫苗	53
蓝筹	股	53
中秋	节	53
贴上	来	53
贴上	了	51
贴上	去	49
折	射出	53
折	线图	52
扔	出去	53
扔	掉了	51
止步	于	53
耀眼	的	53
非法	集资	53
非法	本	50
颜色	搭配	53
威尔	逊	53
威尔	士	52
威尔	斯	46
列表	中	53
一气	之下	53
施暴	者	53
烂尾	楼	53
烂尾	了	46
固态	硬盘	53
恶魔	城	53
恶魔	果实	47
集团	军	53
集团	公司	52
搬	过来	53
搬	出来	53
搬	出去	46
搬	东西	46
矛盾	冲突	53
搬出	来	53
搬出	去	46
篮子	里	53
灾难	性	53
灾难	片	52
到期	后	53
到期	日	52
到期	了	49
撕破	脸	53
唯心	主义	53
先天	性	53
先天	不足	50
先天	优势	49
先天	条件	49
相同	点	53
白莲	花	53
强壮	的	53
上当	受骗	53
上当	了	49
粉色	的	53
恒生	指数	53
贴吧	里	53
将来	会	53
维度	上	53
特种	部队	53
特种	兵	52
蔓延	到	53
泡沫	轴	53
泡沫	经济	46
泡沫	破裂	46
费尽	心思	53
费尽	心机	47
罗伊	斯	53
太弱	了	53
较长	时间	53
不懈	努力	53
消防	员	53
十七	岁	53
十七	年	51
省下	来	53
省下	了	48
省下	不少	47
广场	舞	53
广场	协议	46
高楼	大厦	53
牛肉	面	53
牛肉	干	49
牛肉	丸	47
对她	说	53
对她	来说	52
反馈	给	53
压缩	到	53
压缩	机	52
压缩	包	52
压缩	了	49
压缩	比	48
压缩	成	46
四月	份	53
较差	的	53
高危	人群	53
碇	真嗣	53
掌控	力	53
掌控	感	48
掌控	了	48
大发	展	53
大发	雷霆	47
脚本	语言	53
十四	年	53
十四	岁	50
十四	五	50
城中	村	53
工科	生	53
未经	授权	53
未经	允许	49
未经	许可	47
儒	家的	53
儒家	的	53
儒家	思想	51
儒家	文化	46
血清	素	53
五百	年	53
五百	万	52
五百	多	48
五百	元	46
纷繁	复杂	53
衣柜	里	53
提起	来	53
提起	诉讼	53
提起	了	47
提起	过	46
主战	场	53
淹	没在	53
淹	没了	49
淹没	在	53
淹没	了	49
巨量	的	53
巨量	引擎	46
三句	话	53
文档	中	53
文档	里	46
远的	地方	53
稀有	的	53
病理	性	53
病理	学	49
议价	能力	53
议价	权	46
招	进来	53
招	一个	52
招	不到	50
招	投标	49
三合	一	53
开着	车	53
齐全	的	53
一栋	楼	53
杨家	将	53
古尔	丹	53
古尔	德	49
创下	了	53
字	面上	53
字	左右	51
字	间距	47
郑州	大学	53
中西	部	53
中西	医	49
中西	方	48
纺	织品	53
纺织	品	53
麻烦	你	53
麻烦	了	53
麻烦	事	50
麻烦	您	48
辜负	了	53
帖子	里	53
罪恶	感	53
送礼	物	53
小黑	屋	53
范畴	内	53
防	不住	53
防	沉迷	47
防	水性	47
极小	的	53
代码	量	53
代码	实现	52
代码	里	48
代码	质量	48
代码	能力	46
代码	块	46
响应	速度	53
响应	时间	50
响应	式	47
嘉	年华	53
师弟	师妹	53
界	面上	53
名单	中	53
童话	故事	53
近似	于	53
闲	下来	53
各项	指标	53
各项	数据	48
符号	的	53
符号	化	50
头皮	屑	53
前世	今生	53
常住	人口	53
让其	他	53
触及	到	53
八个	月	53
八个	人	50
八个	字	50
八个	小时	50
赖以	生存	53
开出	了	53
开出	来	51
开出	去	46
本行	业	53
栖息	地	53
琢磨	着	53
琢磨	琢磨	47
肿瘤	细胞	53
肿瘤	医院	50
肿瘤	患者	50
肿瘤	科	48
借助	于	53
乌拉	圭	53
身高	体重	53
威慑	力	53
零碎	的	53
零碎	时间	48
带他	去	53
带他	们	53
基尼	系数	53
文献	综述	53
文献	资料	50
文献	记载	48
文献	阅读	47
宋朝	的	53
加我	微信	53
响	起了	53
响起	了	53
过头	了	53
陪着	我	53
陪着	你	51
陪着	他	49
陪着	她	46
紧紧	地	53
紧紧	的	52
紧紧	抓住	46
团结	起来	53
团结	一致	48
美丽	说	53
光学	防抖	53
光学	系统	49
光学	变焦	47
虚无	主义	53
高压	锅	53
领悟	到	53
领悟	了	49
转载	请	53
转载	自	48
被封	了	53
被封	杀	48
悄	咪咪	53
中坚	力量	53
一向	是	53
吉普	号	53
新作	品	53
明文	规定	53
一团	糟	53
放学	后	53
放学	回家	47
布拉	格	53
布拉	德	52
布拉	特	46
唐人	街	53
前场	篮板	53
融资	租赁	53
融资	渠道	49
融资	方	48
融资	方式	46
融资	金额	46
找个	地方	53
找个	人	51
找个	理由	47
找个	借口	46
真好	看	53
真好	啊	48
出身	于	53
大臣	们	53
标记	为	53
标记	出来	50
艰苦	的	53
艰苦	奋斗	47
东部	地区	53
煮	出来	53
煮	鸡蛋	47
圆	舞曲	53
圆	圆的	50
圆	满了	46
传到	了	53
测出	来	53
掌柜	的	53
报告	显示	53
报告	了	50
报告	里	48
无耻	的	53
勇士	队	53
仓	库里	53
仓库	里	53
定性	为	53
定性	分析	47
既往	症	53
破解	版	53
破解	了	52
件	好事	53
持久	战	53
持久	性	52
持久	化	49
持久	度	46
童鞋	们	53
整齐	的	53
整齐	划一	50
背后	都有	53
准入	门槛	53
激光	雷达	53
激光	器	48
激光	手术	47
道歉	了	53
道歉	信	49
绝无	仅有	53
绝无	可能	50
多好	啊	53
听人	说	53
产能	过剩	53
基层	员工	53
被控	制	53
处于	劣势	53
处于	下风	47
股价	上涨	53
股价	下跌	51
血泪	史	53
血泪	教训	46
大额	存单	53
闲暇	时间	53
闲暇	时	46
三叉	戟	53
贬义	词	53
花在	了	53
忘了	说	53
忘了	自己	52
被坑	了	53
情境	下	53
土壤	中	53
柯林	斯	53
咏春	拳	53
流感	病毒	53
流感	疫苗	46
看我	们	53
看我	一眼	46
味道	了	53
味道	不错	50
味道	好	47
十六	岁	53
十六	年	51
地域	性	53
地域	歧视	49
地域	黑	47
害死	了	53
文本	框	53
文本	分类	46
柯	里昂	53
三连	冠	53
深沉	的	53
大陆	人	53
大陆	地区	50
大陆	上	49
大陆	市场	46
溶解	度	53
神	一样	53
神	枪手	46
填补	了	53
股息	率	53
只顾	着	53
小幅	度	53
寂寞	的	53
独一	份	53
独一	档	52
电竞	椅	53
派	出了	53
派	拉蒙	52
派	来的	51
派	人来	46
印刷	体	53
印刷	厂	49
印刷	品	49
印刷	术	47
宏大	叙事	53
商场	里	53
俩	小时	53
读懂	了	53
成人	高考	53
成人	世界	49
成人	教育	49
绝望	了	53
绝望	中	51
炒股	的	53
炒股	票	48
纯洁	的	53
地缘	政治	53
寄托	在	53
寄托	于	47
医保	卡	53
医保	报销	49
医保	局	46
医保	目录	46
编码	器	53
千百	年来	53
千百	年	48
堵	住了	53
堵	死了	51
堵住	了	53
附	加值	53
附	着力	46
容	不得	53
容	不下	53
容	量大	50
探险	家	53
探险	队	47
探险	者	47
圈	出来	53
圈	外人	52
圈	起来	47
出师	表	53
隔着	屏幕	53
有数	据	53
有数	了	47
简明	扼要	53
穷困	潦倒	53
第八	章	53
第八	条	47
第八	集	46
定语	从句	53
海洋	生物	53
奎	托斯	52
负载	均衡	52
搭	配了	52
搭	上了	51
搭	建了	51
搭	进去	49
搭	建起	48
搭	起来	46
搭配	了	52
搭配	着	51
东方	人	52
东方	不败	52
东方	财富	51
东方	神起	51
东方	文化	50
东方	红	48
直立	行走	52
偿付	能力	52
必胜	客	52
海事	局	52
海事	大学	46
转让	给	52
转让	股权	48
严肃	文学	52
严肃	地	52
严肃	认真	46
严肃	性	46
排序	算法	52
分子	轨道	52
分子	结构	52
分子	量	49
分子	间	49
分子	云	48
斯特	林	52
斯特	拉	46
火龙	果	52
全程	班	52
全程	参与	46
他来	说	52
他来	了	48
笑死	了	52
普及	率	52
普及	度	48
普及	程度	46
可耻	的	52
讲真	的	52
夺	取了	52
夺	得了	50
夺取	了	52
钱	德勒	52
钱	袋子	49
钱	包里	49
钱	不多	48
推卸	责任	52
太忙	了	52
上手	难度	52
上手	快	47
落脚	点	52
排出	体外	52
排出	来	49
回了	家	52
回了	一句	48
早早	地	52
借	用了	52
借	来的	51
借	这个	50
借	给他	46
借用	了	52
修理	厂	52
输出	功率	52
输出	结果	51
输出	到	48
情景	喜剧	52
访问	量	52
访问	者	46
赚点	钱	52
化身	为	52
分隔	线	52
明智	的	52
记账	软件	52
记账	报税	46
摆出	来	52
自力	更生	52
好在	哪里	52
人说	话	52
前程	无忧	52
红利	期	52
一来	是	52
一来	一回	46
杀虫	剂	52
保密	协议	52
保密	性	47
喜剧	片	52
喜剧	的	50
喜剧	演员	50
喜剧	之王	47
入	选了	52
入	不了	48
入选	了	52
着	重于	52
着	急了	48
着重	于	52
着重	强调	47
财富	自由	52
财富	传承	49
财富	密码	46
占有	率	52
占有	欲	50
弱	爆了	52
弱	一些	51
弱	弱的	49
比喻	成	52
比喻	为	46
淡	奶油	52
淡	定的	51
淡	化了	50
淡	蓝色	47
淡	黄色	46
北欧	风	52
北欧	神话	50
寂静	岭	52
寂静	的	48
不计	较	52
不计	成本	51
压	下去	52
压	不住	50
压	下来	47
获奖	者	52
获奖	作品	49
制度	下	52
制度	上	50
制度	设计	46
醒醒	吧	52
便捷	性	52
那家	伙	52
那家	店	50
龙珠	超	52
世间	万物	52
人死	亡	52
参赛	者	52
参赛	选手	48
翻车	了	52
百家	争鸣	52
百家	号	50
百家	讲坛	46
河西	走廊	52
烟雾	弹	52
平凡	人	52
平凡	之路	48
海王	星	52
撞	上了	52
撞	到了	52
撞上	了	52
多花	钱	52
多花	点钱	47
没在	意	52
定价	权	52
定价	策略	50
苛刻	的	52
先发	优势	52
稳健	的	52
若有	所思	52
校门	口	52
洗完	澡	52
精英	阶层	52
精英	们	52
精英	教育	49
精英	主义	47
填充	物	52
冷门	专业	52
黄土	高原	52
逼着	你	52
逼着	我	47
楼道	里	52
长远	来看	52
长远	发展	52
熟悉	程度	52
熟悉	度	47
敬请	期待	52
敬请	关注	49
选对	了	52
大抵	是	52
大抵	如此	46
权衡	利弊	52
暗夜	精灵	52
乘	用车	52
碳酸	饮料	52
碳酸	钙	49
洋	垃圾	52
洋	大人	48
洋	娃娃	46
黄埔	军校	52
灵感	来源	52
港澳	台	52
一面	镜子	52
一面	墙	51
日语	中	52
倒霉	蛋	52
召唤	出	52
召唤	师	52
亚特	兰大	52
没戏	了	52
激起	了	52
又去	了	52
缩短	了	52
缩短	到	46
反光	板	52
反光	镜	50
做过	什么	52
全麦	面包	52
烟火	气	52
致癌	物	52
致癌	物质	47
书法	家	52
书法	作品	46
切实	的	52
切实	可行	51
磁	共振	52
惊奇	队长	52
惊奇	的	47
僵	硬的	52
僵硬	的	52
美洲	杯	52
美洲	的	49
美洲	大陆	47
索菲	亚	52
募集	资金	52
求求	你们	52
求求	你	52
解说	员	52
毒	鸡汤	52
书记	员	52
封	面上	52
就曾	经	52
喝下	去	52
住在	一起	52
你妈	妈	52
强硬	的	52
教职	工	52
手臂	上	52
落到	了	52
错失	了	52
南昌	大学	52
窃	以为	52
取名	为	52
取名	叫	47
取名	字	47
平和	的	52
进阶	版	52
广电	总局	52
开学	了	52
开学	后	52
开学	前	49
开学	典礼	46
耗时	间	52
揭	开了	52
揭开	了	52
审查	员	52
审查	制度	48
留意	到	52
生鲜	电商	52
回顾	了	52
一男	一女	52
工匠	精神	52
巴克	利	52
希尔	顿	52
异	世界	52
异	教徒	49
卷	起来	52
卷起	来	52
收银	员	52
收银	台	48
老城	区	52
溶液	中	52
都去	了	52
都去	过	48
被关	在	52
被关	押	46
大把	大把	52
大把	时间	50
不疼	了	52
这要	看	52
这要	求	50
次数	最多	52
稀松	平常	52
说些	什么	52
非要	用	52
非要	去	52
重重	的	52
重重	地	47
唱的	歌	52
词典	笔	52
弟弟	妹妹	52
严厉	的	52
严厉	打击	47
欢快	的	52
排泄	物	52
酿酒	师	52
痴迷	于	52
后端	开发	52
返回	舱	52
返回	地球	51
返回	值	47
半月	板	52
生殖	器	52
生殖	隔离	48
生殖	系统	47
隐私	保护	52
隐私	权	49
送走	了	52
后卫	线	52
尖子	生	52
快消	品	52
到他	们	52
标	出来	52
标出	来	52
审	美观	52
地位	高	52
说回	来	52
远程	办公	52
远程	控制	49
远程	攻击	46
玛	利亚	52
玛	丽亚	49
玛利	亚	52
中性	笔	52
远离	了	52
抽烟	喝酒	52
他有	着	52
他有	没有	51
他有	什么	47
广角	镜头	52
天大	的	52
沙拉	酱	52
经管	类	52
夷陵	之战	52
选秀	节目	52
选秀	权	49
学历	高	52
学历	证书	48
学历	低	47
克林	顿	52
分离	出来	52
分离	出	49
果壳	网	52
所知	道	52
高尚	的	52
人脉	关系	52
辣椒	粉	52
辣椒	酱	51
辣椒	面	51
辣椒	油	51
辣椒	素	50
君主	制	52
很准	确	52
车辆	工程	52
客厅	里	52
煎饼	果子	52
送人	头	52
纤维	素	52
纤维	化	48
纤维	环	47
始建	于	52
开场	白	52
逃避	现实	52
客服	电话	52
客服	人员	50
报销	比例	52
应变	能力	52
指纹	识别	52
指纹	解锁	46
吐槽	过	52
吐槽	下	50
吐槽	大会	47
押题	卷	52
押题	班	47
伙食	费	52
元朝	的	52
转眼	间	52
转眼	就	47
穿的	衣服	52
穿的	是	52
忙	起来	52
供求	关系	52
必杀	技	52
伊利	丹	52
都想	要	52
污名	化	52
全副	武装	52
诚实	的	52
治愈	率	52
治愈	系	49
异地	恋	52
象牙	塔	52
作息	时间	52
作息	规律	47
定格	在	52
高热	量	52
不善	于	52
不善	言辞	48
网贷	平台	52
中原	王朝	52
中原	地区	52
主导	权	52
主导	地位	51
主导	了	49
主导	者	47
主导	下	46
容忍	度	52
食道	癌	52
这根	本	52
首要	任务	52
首要	目标	48
全身	心	52
全身	上下	51
全身	性	49
全身	肌肉	46
职能	部门	52
问我	要	52
星期	一	52
星期	五	52
星期	天	51
星期	六	51
星期	二	47
星期	三	47
千里	之外	52
千里	马	47
逼格	高	52
只说	了	52
摇摆	不定	52
摇摆	的	46
寝室	里	52
不玩	了	52
他那	里	52
真希	望	52
病房	里	52
国债	期货	52
倒也	不是	52
倒也	是	46
米尔	斯	52
纠正	一下	52
孕育	出	52
曹	老板	52
替补	席	52
长出	来	52
长出	来的	50
诸子	百家	52
离心	力	52
大法	官	52
大法	好	51
大法	师	48
救回	来	52
施	罗德	52
学得	好	52
美团	外卖	52
误解	了	52
恋爱	脑	52
恋爱	中	51
恋爱	关系	48
恋爱	了	46
头顶	上	52
六人	间	52
边角	料	52
最具	有	52
漆	黑的	52
漆黑	的	52
漆黑	一片	46
对抗	性	52
对抗	中	51
对抗	路	46
五道	口	52
繁华	的	52
一到	两个	52
豆	制品	52
哪儿	来	52
哪儿	有	47
哪儿	去	46
走来	走去	52
急剧	下降	52
急剧	增加	46
推销	员	52
推销	自己	48
农场	主	52
单位	里	52
单位	时间	49
单位	面积	48
单位	领导	46
单位	有	46
大和	田	52
布雷	迪	52
剪辑	师	52
剪辑	软件	50
剪辑	视频	47
账号	密码	52
休闲	游戏	52
休闲	娱乐	51
休闲	玩家	48
三星	手机	52
三星	堆	49
眼珠	子	52
自律	性	52
譬如	说	52
如实	告知	52
久	一点	52
久	远的	49
干脆	利落	52
自愿	的	52
足足	有	52
敬畏	之心	52
查到	了	52
干扰	项	52
干扰	了	48
不强	求	52
没买	过	52
要吃	饭	52
避坑	指南	52
身材	好	52
身材	高大	47
迷惑	了	52
迷惑	性	51
上完	课	52
充实	的	52
陪	伴着	52
陪	孩子	50
陪伴	着	52
陪伴	我	52
陪伴	你	49
陪伴	他	47
目录	下	52
目录	中	47
最广	泛	52
最广	的	49
体检	报告	52
体检	中心	50
体检	机构	49
中等	水平	52
中等	强度	46
火葬	场	52
王八	蛋	52
腰部	的	52
腰部	支撑	46
腰部	肌肉	46
定量	分析	52
撞到	了	52
赌	一把	52
潜在	用户	52
写信	给	52
借此	机会	52
倾斜	的	52
沦为	了	52
疲惫	的	52
疲惫	不堪	51
疲惫	感	46
八月	份	52
发过	来	52
发过	去	50
发过	的	47
八年	制	52
八年	前	49
想问	问	52
想问	题	48
想问	一下	47
想问	一句	46
出售	给	52
外人	看来	52
夏侯	渊	52
大专	学历	52
大专	生	52
大专	毕业	46
更远	的	52
推进	剂	52
推进	器	52
推进	了	50
玩笑	话	52
将我	们	52
题干	中	52
两代	人	52
确诊	了	52
确诊	病例	48
谁又	能	52
两节	课	52
六月	份	52
扫描	仪	52
扫描	版	48
扫描	件	48
个别	的	52
个别	人	50
打消	了	52
观景	台	52
审核	通过	52
入侵	者	52
修好	了	52
避孕	套	52
避孕	药	51
变焦	镜头	52
故	事会	52
担忧	的	52
清洗	干净	52
地产	公司	52
地产	商	51
地产	行业	48
好长	时间	52
近乎	完美	52
近乎	于	50
皮质	醇	52
行走	在	52
行走	江湖	46
掉头	发	52
昏暗	的	52
生出	来	52
七十	年代	52
七十	多	48
七十	年	46
越南	人	52
越南	语	51
越南	战争	47
军备	竞赛	52
供需	关系	52
大喊	大叫	52
大喊	一声	52
大喊	着	46
氯化	钠	52
师范	生	52
师范	大学	51
师范	类	50
师范	院校	49
师范	专业	48
师范	学院	47
上述	问题	52
上述	情况	48
居民	区	52
居民	楼	49
居民	医保	48
助推	器	52
你那	个	52
其余	时间	52
其余	部分	47
不朽	的	52
野心	勃勃	52
野心	家	49
震撼	人心	52
震撼	了	50
非但	没有	52
非但	不	50
舆论	压力	52
输掉	了	52
打字	机	52
打字	速度	46
马戏	团	52
易	上手	52
易	清洁	47
易	语言	47
易	混淆	47
臭	豆腐	52
圣杯	战争	52
词曲	作者	52
半音	阶	52
安徽	省	52
安徽	大学	46
热烈	的	52
戴上	了	52
戴上	耳机	48
脱	衣服	52
脱	下来	47
脱衣	服	52
瞎	折腾	52
瞎	扯淡	49
瞎	指挥	46
西部	片	52
西部	地区	51
理性	看待	52
理性	分析	52
理性	主义	48
理性	讨论	48
理性	消费	48
理性	地	47
值钱	的	52
德克	萨斯	52
起义	军	52
新品	牌	52
新品	种	49
传奇	人物	52
传奇	故事	51
传奇	色彩	47
前后	端	52
前后	左右	51
前后	矛盾	50
前后	对比	46
澳洲	留学	52
澳洲	八大	51
薄	弱点	52
薄弱	点	52
薄弱	环节	50
中意	的	52
社保	局	52
社保	基金	47
社保	卡	46
心头	好	52
小兔	子	52
固体	物理	52
保有	量	52
有生	命	52
有生	力量	47
很广	泛	52
实属	不易	52
催	生出	52
催生	出	52
账户	余额	52
账户	上	52
还差	点	52
偏差	的	52
杀掉	了	52
燃烧	军团	52
燃烧	室	50
燃烧	着	47
燃烧	脂肪	46
读研	期间	52
读研	读博	48
绑架	了	52
负债	率	52
负债	累累	50
深邃	的	52
受精	卵	52
过目	不忘	52
弗里	德曼	52
弗里	克	51
洪水	猛兽	52
车	联网	52
车	钥匙	48
车	牌号	48
选用	了	52
降水	量	52
十万	人	52
十万	大军	46
你来	我往	52
你来	了	50
稍微	好点	52
太早	了	52
职场	新人	52
职场	人士	49
用尽	全力	52
公路	上	52
歌	剧院	52
歌剧	院	52
歌剧	的	50
苏州	大学	52
苏州	话	49
六十	年代	52
六十	四	50
六十	岁	49
六十	年	47
六十	万	46
做功	课	52
浑然	天成	52
浑然	一体	49
一战	成名	52
一战	中	48
一战	之力	46
花样	滑冰	52
花样	年华	52
齐心	协力	52
帆布	鞋	52
武术	家	52
笔试	面试	52
笔试	题	51
笔试	成绩	48
辩护	律师	52
辩护	人	51
食肉	动物	52
要死	了	52
价位	段	52
伊甸	园	52
珐琅	锅	52
荒	废了	52
荒废	了	52
低配	版	52
练练	手	52
不买	账	52
不买	房	46
伤心	的	52
嘲笑	我	52
嘲笑	的	50
东京	大学	52
转了	一圈	52
炫耀	自己	52
七月	份	52
共情	能力	52
拓展	到	52
拓展	阅读	51
拓展	性	46
冲进	去	52
冲进	来	49
冲进	了	48
牛头	人	52
生动	形象	52
生动	有趣	51
生动	地	48
日记	本	52
本该	是	52
蒙特	利尔	52
蒙特	卡洛	49
运作	模式	52
运作	方式	51
颤抖	着	52
市区	的	52
趴在	地上	52
海内	外	52
雄心	壮志	52
雄心	勃勃	48
拦	住了	52
拦	不住	48
拦住	了	52
步	行者	52
步	入了	47
步行	者	52
步行	街	51
闯	红灯	52
但凡	有	52
水电	费	52
水电	站	50
水电	改造	50
稻草	人	52
交了	钱	52
颇	有些	52
颇	有点	48
颇有	些	52
颇有	点	48
契约	精神	52
困扰	着	52
梦幻	西游	52
公权	力	52
被窝	里	52
厕所	里	52
花花	草草	52
花花	公子	50
弗莱	彻	52
句子	中	52
句子	成分	46
控股	股东	52
控股	公司	46
甜品	店	52
记事	本	52
声明	一下	52
传出	来	52
传出	去	51
聊起	来	52
放眼	望去	52
白雪	公主	52
简约	的	52
简约	风格	46
对此	事	52
天才	少年	52
止盈	法	52
止盈	止损	46
乳酸	菌	52
托付	给	52
期限	内	52
水面	上	52
城里	人	52
心跳	加速	52
草坪	上	52
出手	了	52
周边	环境	52
周边	地区	49
周边	国家	47
走了	出来	52
走了	进来	47
走了	之后	46
误会	了	52
休养	生息	52
辛亥	革命	52
传输	线	52
传输	速度	47
传输	数据	46
雅各	布	52
亲切	感	52
亲切	地	48
一双	鞋	52
一双	手	46
一双	眼睛	46
神农	氏	52
得知	道	52
公有	云	52
公有	制	48
一概	而论	52
一概	不	50
中餐	馆	52
中餐	厅	50
动弹	不得	52
视角	下	52
这块	儿	52
一朵	花	52
央视	新闻	52
家具	设计	52
家具	厂	47
节点	上	52
财	产权	52
财产	权	52
财产	损失	51
商店	里	52
讨厌	他	52
人比	较多	52
人比	较	48
永无	止境	52
手腕	上	52
极力	推荐	52
极力	反对	46
遗	忘了	52
遗忘	了	52
遗忘	曲线	49
频繁	出现	52
白米	饭	52
现象	学	52
出品	方	52
出品	人	46
青海	湖	52
股份	公司	52
股份	制	48
猎户	座	52
一说	到	52
即时	通讯	52
即时	制	46
古怪	的	52
平常	人	52
平常	心	51
发热	管	52
乌龙	茶	52
越早	越好	52
误导	性	52
凳子	上	52
两样	东西	52
正中	间	52
正中	央	47
策略	性	52
策略	上	49
叛逆	的	52
并能	够	52
五条	人	52
棠	夫人	52
抱	大腿	51
抱	起来	47
抱	住了	46
心肺	功能	51
心肺	复苏	50
卧室	里	51
你又	不是	51
你又	要	46
屈服	于	51
误入	歧途	51
秘书	长	51
二者	之间	51
消毒	液	51
消毒	剂	47
消毒	柜	46
闲着	没事	51
甲子	园	51
由来	已久	51
这边	是	51
这边	有	46
乐队	成员	51
乐队	中	46
乐队	里	46
西餐	厅	51
感知	能力	51
感知	力	47
亲历	者	51
嘴上	说着	51
隐含	的	51
隐含	着	46
活泼	的	51
时有	发生	51
四面	八方	51
求知	欲	51
清理	干净	51
清理	掉	50
清理	了	49
陀螺	仪	51
住院	治疗	51
住院	期间	49
住院	医疗	48
住院	部	47
住院	医师	47
社科	院	51
社科	类	46
杯子	里	51
物流	公司	51
物流	管理	49
物流	成本	48
物流	配送	47
动用	了	51
外资	企业	51
外资	投行	50
外资	银行	47
心中	有数	51
心中	所想	47
安西	教练	51
增大	了	51
六七	年	51
六七	十	48
六七	千	46
六七	个	46
士官	长	51
真爱	粉	51
聊了	聊	51
聊了	几句	46
客流	量	51
隐秘	的	51
诉讼	请求	51
诉讼	费	49
诉讼	法	49
草	地上	51
草地	上	51
替他	们	51
免责	条款	51
免责	声明	50
留守	儿童	51
逆	时针	51
逆	回购	48
继	电器	51
松散	的	51
最坏	的	51
去读	书	51
潮湿	的	51
早期	作品	51
早期	版本	47
早期	胃癌	46
密封	性	51
投身	于	51
当作	是	51
黄河	流域	51
约束	力	51
约束	条件	50
算法	导论	51
算法	竞赛	49
算法	实现	46
算法	设计	46
那场	戏	51
批评	指正	51
批评	家	48
批评	者	46
批评	教育	46
是啥	样	51
钛	合金	51
千禧	年	51
伤痕	累累	51
三到	四	51
三到	五	47
有待	商榷	51
吞吐	量	51
迸发	出	51
被囚	禁	51
本硕	博	51
副歌	部分	51
他家	里	51
灵魂	伴侣	51
灵魂	深处	48
灵魂	拷问	47
必读	的	51
一番	话	51
烦	死了	51
烦	心事	48
烦死	了	51
真就	是	51
选中	了	51
反射	率	51
反射	镜	48
反射	光	46
根植	于	51
潜力	股	51
小胖	子	51
直流	电	51
梅	琳达	51
上层	建筑	51
上层	社会	50
上层	阶级	46
手工	测试	51
手工	制作	50
手工	业	49
手工	艺	46
但应	该	51
陆	地上	51
陆地	上	51
抱着	我	51
抱着	孩子	46
抱着	他	46
荣誉	感	51
荣誉	称号	47
罗宾	逊	51
上台	后	51
小事	情	51
也给	我	51
县级	市	51
斗争	中	51
时刻	提醒	51
时刻	注意	46
起步	价	51
起步	晚	47
超常	发挥	51
缴费	基数	51
缴费	年限	49
劝	大家	51
劝	说下	47
被淹	没	51
走着	走着	51
小型	化	51
小型	机	46
预见	到	51
积攒	的	51
虔诚	的	51
疗养	院	51
纸片	人	51
漫威	宇宙	51
漫威	电影	51
现货	市场	51
现货	价格	47
杭	师大	51
杭	州市	46
谋杀	案	51
齐名	的	51
水泥	地	51
正对	着	51
芝麻	酱	51
狗头	保命	51
攻防	两端	51
攻防	转换	46
很小	很小	51
三板	斧	51
不怕	死	51
不怕	你	47
不怕	被	46
击中	了	51
深爱	着	51
深爱	的	49
携带	者	51
携带	方便	47
携带	着	46
万恶	的	51
万恶	之源	46
生机	勃勃	51
躲	起来	51
躲	不过	48
躲	不开	48
去查	查	51
去查	一下	48
未免	太	51
出狱	后	51
盲目	地	51
盲目	追求	50
盲目	自信	49
盲目	跟风	49
盲目	崇拜	46
书面	语	51
要多	少	51
要多	久	51
要多	得多	50
太行	山	51
抗日	战争	51
好坏	之分	51
业界	良心	51
更能	够	51
更能	体现	50
手写	笔	51
手写	体	51
手写	笔记	49
踏实	的	51
听证	会	51
人寿	保险	51
这波	操作	51
激活	了	51
激活	码	47
激活	函数	47
核定	征收	51
交出	了	51
交出	来	47
交出	去	46
村里	人	51
四号	位	51
光	污染	51
光	动能	46
广	州市	51
广州	市	51
广州	恒大	48
广州	人	46
广州	队	46
长城	汽车	51
人气	高	51
人气	最高	46
人气	角色	46
百亿	补贴	51
大门	口	51
颁布	了	51
再学	习	51
奉	献给	51
奉献	给	51
奉献	了	51
奉献	精神	46
摩根	大通	51
不咋	样	51
钻	空子	51
钻	进去	50
钻	出来	48
钻	进了	47
他所	说	51
有色	眼镜	51
有色	金属	48
绝缘	体	51
脾气	暴躁	51
脾气	不好	49
脾气	好	47
翻过	来	51
搭上	了	51
感慨	万千	51
心动	了	51
延长	了	51
延长	到	47
延长	线	47
延长	至	46
辩论	赛	51
辩论	队	46
扔掉	了	51
推免	生	51
脚趾	头	51
强忍	着	51
消磨	时间	51
和蔼	可亲	51
艾	丽莎	51
异能	者	51
三种	类型	51
三种	颜色	51
人面	前	51
嘴	巴里	51
嘴巴	里	51
忙碌	的	51
案发	现场	51
牢牢	地	51
牢牢	记住	47
绝地	求生	51
绝地	反击	46
绝地	武士	46
偶尔	还会	51
偶尔	也有	46
合资	品牌	51
合资	车	50
合资	公司	49
淡定	的	51
淡定	地	47
知情	权	51
各省	市	51
新风	系统	51
自从	我	51
领先	优势	51
领先	于	51
领先	地位	48
讲了	什么	51
一长	串	51
付款	方式	51
自有	资金	51
自有	品牌	46
成都	人	51
成都	市	50
气泡	音	51
梦想	是	51
梦想	着	50
苏打	绿	51
苏打	水	50
引申	出	51
引申	为	49
中转	站	51
每篇	文章	51
开的	是	51
开的	车	46
亲子	关系	51
领奖	台	51
搭建	了	51
搭建	好	48
搭建	起	48
和平	年代	51
和平	共处	50
和平	精英	49
和平	时期	47
和平	相处	47
多吃	点	51
化工	厂	51
盗墓	笔记	51
盗墓	贼	47
邓	小平	51
经纬	度	51
夯实	基础	51
前奏	曲	51
气	死了	51
气	不过	49
气死	了	51
杀害	了	51
能把	人	51
能把	我	50
得多	了	51
贾	宝玉	51
贾	巴尔	47
贾	斯汀	46
贾	维斯	46
非洲	人	51
非洲	国家	47
费米	子	51
报道	中	51
报道	称	50
报道	说	46
趋势	线	51
趋势	跟踪	46
女生	们	51
女生	宿舍	50
差了	点	51
差了	一点	46
拿了	一个	51
拿了	钱	48
布满	了	51
达拉	斯	51
达拉	然	48
打碎	了	51
棒棒	哒	51
棒棒	糖	50
棒棒	的	48
我再	也不	51
我再	也	49
我再	去	47
秉承	着	51
叫他	们	51
故障	率	51
牙龈	出血	51
牙龈	炎	46
只写	了	51
赛季	初	51
赛季	末	47
下课	后	51
下课	了	49
斯拉	夫	51
斯拉	夫人	50
圣	骑士	51
圣	斗士	50
圣	遗物	46
圣	保罗	46
时隔	多年	51
时隔	一年	46
今	何在	51
今	天才	48
今	年初	47
常青	藤	51
常青	树	46
独裁	者	51
调	出来	51
调	一下	48
调	皮的	47
调出	来	51
八成	是	51
头条	号	51
头等	舱	51
头等	大事	47
集体	主义	51
集体	活动	47
镜子	里	51
不妥	协	51
不妥	之处	49
法语	的	51
起跑	线	51
起跑	线上	48
你别	说	51
全文	完	51
教他	们	51
率	高达	51
率	最高	50
率	很高	46
演艺	圈	51
延展	性	51
维京	人	51
附属	医院	51
附属	品	48
发卡	行	51
空	出来	51
空	空的	48
空	地上	46
改为	了	51
诱惑	力	51
要加	强	51
要加	班	47
凸	显出	51
凸显	出	51
凸显	出来	51
态度	问题	51
态度	不好	50
态度	好	46
两面	性	51
大厅	里	51
饥饿	感	51
饥饿	的	50
饥饿	营销	49
半山	腰	51
看人	家	51
敏捷	开发	51
迈尔	斯	51
缓解	症状	51
缓解	疼痛	49
缓解	压力	49
缓解	一下	47
缓解	焦虑	46
沉淀	下来	51
苦苦	挣扎	51
苦苦	支撑	47
穿插	着	51
穿插	在	48
叔叔	阿姨	51
魂	系列	51
额	头上	51
额头	上	51
分出	来	51
分出	去	47
快到	了	51
燃气	灶	51
铁矿	石	51
棉花	糖	51
二郎	腿	51
时空	中	51
车的	人	51
解析	几何	51
解析	力	48
解析	解	46
解码	器	51
穿梭	在	51
穿梭	于	49
打听	到	51
打听	一下	47
打听	打听	46
精品	咖啡	51
精品	投行	50
学霸	们	51
所选	择	51
视野	中	51
视野	里	49
视野	开阔	47
三轮	车	51
额外	赔付	51
额外	收入	46
甲方	爸爸	51
拍卖	行	51
拿的	出手	51
打包	票	51
打包	成	49
领	先于	51
领	路人	49
领	工资	47
赶走	了	51
分期	付款	51
上进	心	51
哭着	说	51
哭着	喊着	46
三只	松鼠	51
折叠	屏	51
大巴	车	51
采样	率	51
年级	第一	51
关	上了	51
关	上门	51
关	二爷	49
关	起来	47
关上	了	51
关上	门	51
两辆	车	51
策划	案	51
策划	了	48
堵死	了	51
生硬	的	51
多做	一些	51
完事	儿	51
完事	了	47
人间	体	51
人间	烟火	48
人间	地狱	46
徒步	鞋	51
怕是	要	51
凌晨	三点	51
凌晨	两点	50
凌晨	四点	48
包围	了	51
包围	圈	50
包围	着	47
直系	亲属	51
海关	数据	51
你得	知道	51
你得	到	50
消息	称	51
消息	队列	51
消息	面	50
消息	后	49
消息	推送	48
工伤	保险	51
落下	来	51
切身	体会	51
切身	利益	47
有声	书	51
有声	音	49
有声	有色	49
辽宁	省	51
辽宁	队	47
慕容	复	51
掉进	了	51
科斯	塔	51
路径	依赖	51
路径	和	47
路径	积分	47
而死	亡	51
填报	志愿	51
欣赏	一下	51
欣赏	不来	49
欣赏	音乐	47
骗钱	的	51
都被	他	51
几道	题	51
转身	离开	51
自成	一派	51
自成	体系	47
打飞	机	51
嫦娥	五号	51
嫦娥	四号	47
隐瞒	了	51
广受	好评	51
广受	欢迎	47
专项	训练	51
专项	扣除	51
专项	计划	47
高能	预警	51
高能	物理	48
高能	量	46
霰弹	枪	51
越少	越好	51
塞满	了	51
忧郁	的	51
颠倒	黑白	51
国庆	节	51
太短	了	51
几点	建议	51
显露	出	51
显露	出来	48
时髦	的	51
收效	甚微	51
大河	田	51
大河	剧	49
怼	回去	51
石	头上	51
石头	上	51
石头	人	49
石头	门	47
导师	们	51
打脸	了	51
荧光	棒	51
荧光	笔	51
谁也	没	51
谁也	没有	49
谁也	不想	48
给它	们	51
付诸	行动	51
付诸	实践	49
说事	儿	51
一汽	大众	51
难看	的	51
满心	欢喜	51
朝夕	相处	51
金主	爸爸	51
高原	反应	51
中药	学	51
中药	材	47
百万	美元	51
百万	级	50
百万	年薪	50
百万	富翁	49
百万	医疗	47
百万	级别	46
贫困	生	51
贫困	地区	48
海绵	宝宝	51
格拉	斯	51
纯属	个人	51
能容	纳	51
日益	增长	51
再者	说	51
该做	什么	51
意见	领袖	51
来讲	解	51
瞄准	了	51
瞄准	镜	48
怎	能不	51
怎能	不	51
作词	作曲	51
看门	狗	51
运算	符	51
运算	能力	48
照亮	了	51
求助	于	51
谁还	会	51
谁还	敢	48
谁还	能	46
全靠	自己	51
惊讶	于	51
惊讶	地	46
进球	数	51
进球	了	46
提示	你	51
提示	音	47
乡下	人	51
过期	的	51
过期	了	50
帅哥	美女	51
北美	洲	51
北美	地区	46
大夫	说	51
特地	去	51
聚合	物	51
胡椒	粉	51
师	兄弟	51
水果	店	51
水果	刀	47
水果	蔬菜	46
水果	姐	46
大声	说	51
大声	的	50
大声	喊	47
大声	地	47
大声	朗读	47
应付	考试	51
网红	店	51
渲染	器	51
修辞	手法	51
分工	明确	51
分工	合作	48
期中	考试	51
四季	度	51
来回	切换	51
来回	跑	47
万人	次	51
优等	生	51
做题	速度	51
做题	顺序	48
长孙	无忌	51
骨质	疏松	51
精灵	王	51
精灵	球	50
加工	厂	51
加工	成	50
加工	工艺	49
三元	材料	51
锋利	的	51
四维	空间	51
试验	的	51
试验	田	46
试验	中	46
试验	品	46
凤凰	传奇	51
凤凰	男	47
一扇	门	51
四件	套	51
朴实	的	51
热情	地	51
热情	洋溢	47
荣华	富贵	51
水彩	画	51
级	以上	51
氛围	中	51
氛围	下	49
氛围	里	47
出车	祸	51
亏损	了	51
甲壳	虫	51
密度	板	51
密度	大	46
芒果	台	51
带电	粒子	51
各国	政府	51
闪烁	着	51
残	缺的	51
残缺	的	51
顺口	溜	51
视	情况	51
视	疲劳	49
视	神经	47
亚运	会	51
慈善	机构	51
慈善	家	49
慈善	事业	47
气血	不足	51
畜	牧业	51
畜牧	业	51
多练	练	51
很累	的	51
很累	了	48
混迹	于	51
安然	无恙	51
洗个	澡	51
武士	道	51
武士	刀	49
天地	间	51
天地	之间	46
监视	器	51
刑	法学	51
刑法	学	51
扑克	牌	51
看好	了	51
遵循	着	51
重合	度	51
云南	省	51
云南	大学	47
先学	会	51
羊肉	串	51
神话	故事	51
神话	传说	49
神话	中	46
巨头	们	51
临终	前	51
偷走	了	51
唐纳	德	51
佩	德罗	51
圣地	亚哥	51
华北	平原	51
华北	地区	47
旺盛	的	51
播音	员	51
播音	主持	48
保姆	级	51
顽	强的	51
顽强	的	51
法务	部	51
等你	来	51
等你	们	50
链接	里	51
眼前	这个	51
间隔	时间	51
更贵	的	51
回锅	肉	51
潜水	员	51
潜水	表	49
潜水	艇	47
种种	原因	51
种种	因素	46
小金	人	51
小金	库	47
自发	地	51
自发	性	47
贴近	生活	51
平民	百姓	51
平民	化	50
散热	器	51
下了	班	51
下了	车	49
下跌	了	51
下跌	趋势	47
文史	哲	51
护士	姐姐	51
护士	长	49
形势	下	51
诉	说着	51
诉说	着	51
清明	节	51
也得	有	51
也得	到	50
也得	是	49
也得	看	47
傻瓜	式	51
一根	筋	51
一根	线	50
一根	手指	48
一根	烟	47
一根	根	47
死板	的	51
业绩	增长	51
背包	里	51
背包	客	48
要钱	的	51
激励	机制	51
执意	要	51
政策	性	51
政策	扶持	46
强势	股	51
笔	试题	51
笔	杆子	46
雷曼	兄弟	51
环游	世界	51
无私	奉献	51
无私	的	49
上网	查	51
上网	搜	49
上网	搜索	46
戚	夫人	51
券商	投行	51
捕食	者	51
出错	了	51
无需	担心	51
借来	的	51
盘子	里	51
上场	时间	51
上场	了	47
蓝色	起源	51
中午	吃饭	51
申购	费	51
申购	赎回	49
劳务	报酬	51
劳务	派遣	47
劳务	费	46
敖	厂长	51
两河	流域	51
中枢	神经	51
治病	的	51
治病	救人	49
止	不住	51
奇葩	说	51
超乎	想象	51
被动	收入	51
被动	地	49
被动	接受	48
被动	技能	46
见面	会	51
见面	了	50
试探	性	51
迷茫	了	51
迷茫	期	47
迷茫	中	46
铁血	战士	51
锁定	技	51
锁定	在	49
名人	堂	51
名人	名言	48
考验	你	51
扭曲	了	51
在听	到	51
会以	为	51
搞砸	了	51
怀旧	服	51
电源	线	51
电源	键	47
好运	气	51
全力	支持	51
物价	上涨	51
物价	水平	46
乔安	娜	51
造价	员	51
造价	师	50
国资	委	51
手感	好	51
诱	人的	51
诱人	的	51
方案	设计	51
食欲	不振	51
能干	什么	51
能干	的	50
能干	啥	46
幸好	我	51
莫不	是	51
机关	枪	51
机关	单位	49
笼子	里	51
去除	了	51
中美	关系	51
中美	两国	50
中美	洲	48
到家	了	51
到家	里	47
咽	下去	51
咽下	去	51
熊猫	人	51
真题	解析	51
真题	卷	50
房贷	利率	51
房贷	车贷	46
甘肃	省	51
引路	人	51
相声	演员	51
利好	消息	51
重仓	股	51
新颖	性	51
利息	收入	51
德拉	诺	51
中场	球员	51
中场	休息	47
留了	下来	51
减震	器	51
减震	系统	49
减震	效果	47
委屈	自己	51
委屈	了	47
公职	人员	51
这倒	是	51
子午	谷	51
求生	者	51
求生	欲	50
求生	之路	49
空调	扇	51
宋	神宗	51
违规	行为	51
违规	操作	47
波斯	人	51
波斯	语	49
勾	起了	51
勾起	了	51
暴力	美学	51
暴力	倾向	48
暴力	行为	47
暴力	犯罪	46
葫芦	娃	51
成名	作	51
上皮	细胞	51
要给	我	51
要给	你	46
主任	医师	51
正面	刚	51
正面	回应	47
正面	形象	46
浪潮	中	51
拍到	了	51
传授	给	51
打扰	了	51
打扰	到	50
预选	赛	51
线	城市	51
线	形态	47
原发	性	51
鲍勃	迪伦	50
金像	奖	50
童年	阴影	50
童年	时	50
童年	回忆	48
童年	时期	47
步入	社会	50
步入	正轨	47
步入	了	47
好笑	的	50
女权	主义	50
据报	道	50
天猫	店	50
天猫	超市	49
强加	给	50
涨跌	幅	50
三段	式	50
三段	论	47
冲动	消费	50
树	林里	50
树林	里	50
父亲	说	50
父亲	去世	49
得了	癌症	50
综	合体	50
幕后	黑手	50
五千	年	50
五千	万	49
五千	多	48
三里	屯	50
厨师	机	50
减脂	期	50
压倒	性	50
明清	时期	50
惊恐	的	50
惊恐	地	46
澄清	一下	50
蒂亚	戈	50
算的	话	50
常温	下	50
举起	了	50
举起	来	49
哥哥	姐姐	50
租赁	公司	50
租赁	合同	49
棋盘	上	50
老妇	人	50
骨骼	肌	50
友谊	赛	50
亚太	地区	50
越低	越好	50
干活	儿	50
托福	成绩	50
托福	雅思	49
托福	考试	47
托福	口语	46
梦	想着	50
梦	里的	47
梦	工厂	47
几所	学校	50
一页	纸	50
一页	一页	47
只见	他	50
枚	金牌	50
定时	炸弹	50
定时	器	48
低谷	期	50
飞来	飞去	50
店	老板	50
店	门口	49
液态	水	50
北部	的	50
奇幻	小说	50
奇幻	世界	46
霓虹	灯	50
东汉	末年	50
煤	老板	50
接过	来	50
慕名	而来	50
切断	了	50
可看	出	50
打车	软件	50
打车	去	46
新年	快乐	50
小猫	咪	50
一颗	颗	50
一颗	恒星	47
一颗	星	47
一颗	心	47
下颌	角	50
下颌	骨	49
几种	情况	50
几种	类型	47
几种	方法	46
祖传	的	50
按下	去	50
按下	快门	50
菊	次郎	50
并行	计算	50
每场	比赛	50
婚纱	照	50
容量	大	50
双向	选择	50
感叹	号	50
续航	里程	50
续航	时间	49
找我	们	50
找我	玩	48
公益	组织	50
公益	活动	47
运输	机	50
运输	成本	48
很近	的	50
乐器	演奏	50
粗略	地	50
自立	门户	50
近百	年	50
就拿	着	50
就拿	到	47
开花	结果	50
外甥	女	50
环顾	四周	50
登场	了	50
临场	发挥	50
隔音	效果	50
隔音	棉	46
应激	反应	50
一月	份	50
多久	了	50
奇迹	的	50
奇迹	般的	48
平原	君	50
平原	上	46
阿飞	正传	50
获客	成本	50
宏伟	的	50
发泄	情绪	50
无敌	了	50
缔造	者	50
半泽	直树	50
一声	叹息	50
一声	巨响	48
一声	声	46
毫米	波	50
一度	怀疑	50
选定	了	50
这把	枪	50
这把	刀	47
这把	剑	47
外来	词	50
外来	语	48
外来	人口	48
外来	者	47
学姐	学长	50
指引	下	50
大湾	区	50
导航	栏	50
导航	系统	46
低效	率	50
齐	白石	50
齐	刷刷	47
大洋	彼岸	50
大洋	洲	46
狄	拉克	50
我为	啥	50
我为	你	48
秉持	着	50
夜	生活	50
夜	总会	50
罗列	出来	50
邮箱	地址	50
大肠	杆菌	50
美容	院	50
美容	仪	47
楼梯	上	50
楼梯	间	48
楼梯	口	47
看涨	期权	50
启蒙	运动	50
慷慨	激昂	50
末代	皇帝	50
就被	人	50
就被	我	47
能使	用	50
顽固	的	50
行列	式	50
转型	为	50
转型	升级	46
他以	后	50
杠杆	率	50
王国	维	50
条形	图	50
条形	码	49
认出	来	50
认出	了	49
摸清	楚	50
望着	我	50
诸多	问题	50
诸多	因素	47
诸多	方面	47
彩虹	屁	50
彩虹	桥	47
彩虹	六号	47
同步	进行	50
同步	更新	49
凶杀	案	50
还款	能力	50
白日	梦	50
一米	八	50
一米	九	46
端午	节	50
摔	下来	50
摔	倒了	50
词语	的	50
法制	史	50
九个	月	50
被绑	架	50
三节	课	50
患者	家属	50
大写	的	50
大写	字母	46
又给	我	50
一号	位	50
五毛	钱	50
殿堂	级	50
叫我	去	50
叫我	们	50
呆呆	的	50
山坡	上	50
蛋疼	的	50
喝完	了	50
先给	你	50
生词	本	50
阿卡	姆	50
还多	了	50
全班	同学	50
仲	裁员	50
仲裁	员	50
万能	账户	50
万能	险	47
传入	中国	50
剧情	片	50
剧情	简介	48
不无	道理	50
不无	关系	49
危害	性	50
敞开	心扉	50
我先	说	50
我先	来	48
我先	把	48
我先	去	47
紧急	情况	50
房东	的	50
可汗	学院	50
补上	了	50
均匀	分布	50
均匀	地	49
上级	领导	50
遗留	下来	50
得意	洋洋	50
得意	地	46
掉到	了	50
坦然	接受	50
坦然	面对	49
霸主	地位	50
浑身	上下	50
浑身	难受	48
空腹	血糖	50
昌平	君	50
渠道	商	50
粒子	物理	50
石器	时代	50
向下	兼容	50
向下	延伸	46
非典	型	50
触动	了	50
蹲	下来	50
蹲下	来	50
灿	烂的	50
灿烂	的	50
白白	的	50
白白	浪费	48
打爆	了	50
传导	到	50
取材	于	50
茁壮	成长	50
吓人	的	50
热点	事件	50
热点	话题	49
热点	问题	49
八点	半	50
躺平	了	50
正则	化	50
伽	椰子	50
传销	组织	50
三步	走	50
任务	量	50
任务	栏	47
甜味	剂	50
甜味	的	46
滴滴	打车	50
滴滴	司机	48
滴滴	出行	47
奉劝	各位	50
奉劝	大家	46
野鸡	大学	50
最难	受	50
最难	得	48
最难	忘	47
最难	熬	46
戳	下方	50
简要	介绍	50
三条	线	50
东道	主	50
引用	自	50
遮	住了	50
遮住	了	50
不生	气	50
不生	产	46
不该	是	50
不该	有	50
想说	的话	50
想说	什么	49
明治	维新	50
依	靠着	50
依	我看	46
死活	不	50
橡皮	擦	50
橡皮	筋	46
布尔	玛	50
布尔	运算	46
火山	喷发	50
火山	爆发	49
火山	口	48
火山	灰	46
堪称	是	50
堪称	完美	50
农家	乐	50
草帽	团	50
汇报	工作	50
自创	的	50
诺奖	得主	50
最想	要	50
平阳	公主	50
泰勒	斯	50
洋洋	得意	50
毛毛	虫	50
毛毛	雨	48
相悖	的	50
这有	什么	50
这有	啥	48
查看	了	50
查看	更多	49
查看	一下	46
畅通	无阻	50
欢呼	声	50
欢呼	雀跃	49
良心	发现	50
红海	行动	50
欣然	接受	50
愤怒	地	50
愤怒	了	47
晋升	为	50
晋升	空间	47
霍夫	曼	50
累	死了	50
累	不累	49
累死	了	50
亲缘	关系	50
说说	吧	50
说说	话	46
留在	这里	50
名声	在外	50
人行	道	50
两支	球队	50
彼	此间	50
风光	无限	50
风光	摄影	49
摩天	轮	50
摩天	大楼	49
端	上来	50
端	盘子	47
挣钱	了	50
早日	康复	50
煎	牛排	50
十点	半	50
双子	星	50
双子	座	47
很低	调	50
二人	转	50
二人	组	49
染	上了	50
染上	了	50
此次	事件	50
屁股	上	50
屁股	坐	46
单单	是	50
药	理学	50
药理	学	50
演示	了	50
峰值	亮度	50
房价	上涨	50
推倒	重来	50
风趣	幽默	50
惊艳	了	50
猛烈	的	50
影像	学	50
中大	型	50
突厥	人	50
功夫	片	50
功夫	熊猫	47
全盘	否定	50
高分	子	50
高分	段	50
百事	可乐	50
欢乐	颂	50
完好	的	50
完好	无损	50
卫冕	冠军	50
独创	性	50
心律	失常	50
引爆	了	50
限于	篇幅	50
安乐	死	50
金庸	小说	50
金庸	先生	47
此处	省略	50
一再	强调	50
上天	了	50
泼	冷水	50
再过	几年	50
手下	留情	50
西瓜	视频	50
不去	看	50
不去	了	47
腹部	的	50
腹部	肌肉	46
燃料	电池	50
背锅	侠	50
吵	起来	50
本书	中	50
超导	体	50
下坡	路	50
去买	了	50
我教	你	50
夜间	模式	50
鸡汤	文	50
打着	打着	50
光芒	万丈	50
右	手边	50
右	上方	49
右	后卫	47
右手	边	50
极品	飞车	50
待遇	好	50
看守	所	50
阎	锡山	50
坏掉	了	50
巴勒	斯坦	50
净化	器	50
离散	数学	50
大腿	上	50
大腿	内侧	48
弄错	了	50
海面	上	50
小了	很多	50
大战	中	50
德州	扑克	50
转轮	王	50
走后	门	50
记者	问	50
记者	采访	50
记者	们	48
记者	会	47
记者	说	47
哪去	了	50
大石	头	50
薄荷	味	50
薄荷	糖	50
跟上	了	50
太紧	张	50
创意	工坊	50
创意	设计	49
创意	总监	48
更显	得	50
群里	发	50
无愧	于	50
证据	不足	50
证据	确凿	48
证据	显示	46
证据	链	46
蓄	水池	50
蓄	电池	49
蓄水	池	50
两场	比赛	50
头部	券商	50
通信	工程	50
通信	行业	49
通信	技术	47
通信	系统	47
通信	原理	47
肖战	粉丝	50
小猪	佩奇	50
教会	了我	50
诚意	满满	50
民谣	吉他	50
民谣	歌手	48
外公	外婆	50
卡瓦	尼	50
金黄	色	50
优雅	地	50
起名	字	50
起名	叫	47
发育	迟缓	50
发育	不良	46
退烧	药	50
犯了	错	50
犯了	一个	49
犯了	错误	46
光线	追踪	50
耳机	孔	50
千元	机	50
千元	左右	48
迷失	了	50
迷失	自我	47
迷失	方向	46
生根	发芽	50
豆腐	脑	50
钻进	去	50
钻进	了	47
两周	后	50
不分	家	50
不分	男女	47
上映	后	50
上映	时间	47
倍速	播放	50
美男	子	50
小数	目	50
小数	点	47
小号	的	50
话题	度	50
中土	世界	50
夺得	了	50
月光	宝盒	50
月光	族	47
月光	下	46
大牌	子	50
无期	徒刑	50
先驱	者	50
也在	努力	50
也在	用	49
场内	基金	50
场内	交易	48
大受	欢迎	50
内脏	脂肪	50
突变	的	50
开口	说话	50
开口	了	49
开口	说	49
真菌	感染	50
它还	能	50
你真	是	50
请看	下图	50
请看	下面	49
都好	看	50
都好	吃	47
对焦	点	50
对焦	速度	47
过完	年	50
登记	机关	50
宣告	了	50
旧制	度	50
海南	岛	50
戈	麦斯	50
戈	贝尔	49
戈	达尔	48
全场	比赛	50
全场	景	47
烤	出来	50
烤	红薯	49
烤	面包	47
烤	鸡翅	46
抢占	市场	50
抢占	了	46
阳春	白雪	50
县	医院	50
华夏	文明	50
不法	分子	50
测量	结果	50
目光	投向	50
顺序	排列	50
暖	色调	50
前方	高能	50
尿道	炎	50
接纳	了	50
进项	税额	50
撕	下来	50
撕下	来	50
重蹈	覆辙	50
胆子	大	50
胆子	小	46
袋子	里	50
推送	到	50
推送	给	47
造型	设计	50
造型	师	48
心有	不甘	50
趋于	稳定	50
那点	钱	50
那点	儿	47
出名	了	50
六点	半	50
圆柱	体	50
洛	丽塔	50
研制	出	50
贪	便宜	50
授权	给	50
授权	书	47
授权	费	46
不长	久	50
评估	结果	50
评估	师	46
腿部	肌肉	50
由衷	的	50
由衷	地	46
大肆	宣传	50
大肆	宣扬	47
中译	本	50
二八	定律	50
逃出	去	50
逃出	来	47
农耕	文明	50
刹那	间	50
金银	花	50
老式	的	50
休斯	顿	50
罚球	线	50
听话	的	50
感恩	节	50
逍遥	法外	50
花园	里	50
卖得	好	50
酷酷	的	50
脸皮	厚	50
心态	崩了	50
心态	爆炸	49
心态	好	48
心态	不好	47
长辈	们	50
蛋糕	店	50
助理	教授	50
众筹	平台	50
灭	火器	50
灭火	器	50
四元	数	50
大盘	股	50
大盘	指数	47
不写	了	50
视听	语言	50
圆圆	的	50
周六	日	50
周六	周日	49
又能	够	50
又能	怎样	49
老家	伙	50
飞过	去	50
飞过	来	50
大二	大三	50
秘密	武器	50
储蓄	卡	50
可可	爱爱	50
可可	粉	47
学艺	术	50
目击	者	50
急	匆匆	50
急	刹车	48
珊瑚	礁	50
摩尔	定律	50
摩尔	庄园	49
眼里	只有	50
小火	车	50
小火	龙	46
惯性	系	50
惯性	思维	49
惯性	的	48
空白	处	50
微观	世界	50
微观	粒子	48
微观	层面	47
不甚	了解	50
他从	小	50
他从	未	48
看图	说话	50
预备	队	50
祝愿	大家	50
到来	了	50
量产	车	50
投进	去	50
发掘	出	50
纪律	性	50
都市	传说	50
都市	圈	46
外界	环境	50
外界	刺激	46
外界	因素	46
柴油	机	50
血糖	控制	50
血糖	水平	49
血糖	仪	48
血糖	升高	47
血糖	高	46
杠铃	卧推	50
杠铃	杆	47
杠铃	片	46
请求	权	50
病死	率	50
喝了	酒	50
喝了	一口	48
模仿	者	50
套	近乎	50
套	模板	47
刮	胡子	50
逆向	思维	50
逆向	工程	48
转发	了	50
转发	给	48
转发	量	46
转发	到	46
二本	院校	50
二本	学校	48
二本	三本	46
满怀	期待	50
满怀	希望	47
烧烤	店	50
烧烤	摊	49
结实	的	50
结实	耐用	47
庇护	所	50
合家	欢	50
否认	了	50
召	开了	50
召开	了	50
迅猛	发展	50
恍惚	间	50
降噪	耳机	50
字体	大小	50
不做	了	50
不做	作	48
白夜	行	50
汽	车站	50
婚姻	法	50
婚姻	中	49
婚姻	关系	47
婚姻	生活	47
救生	艇	50
退回	来	50
退回	去	49
退回	到	47
几何	学	50
几何	图形	49
几何	体	48
一幕	幕	50
江南	大学	50
餐厅	里	50
餐厅	吃饭	46
午餐	肉	50
扫	一眼	50
生了	孩子	50
同人	作品	50
同人	文	48
同人	创作	47
那大	家	50
工况	下	50
站到	了	50
并试	图	50
万余	人	50
先到	先得	50
加勒	比	50
闻到	了	50
未达	到	50
钢	结构	50
平顺	性	50
衰退	的	50
衰退	期	49
降雨	量	50
不被	允许	50
不被	看好	47
不被	认可	46
师生	关系	50
巴尔	扎克	50
巴尔	干	49
巴尔	韦德	48
千年	前	50
走势	图	50
身故	责任	50
过往	经历	50
吴语	区	50
童	年时	50
中上	游	50
中上	水平	49
创世	纪	50
创世	神	47
名利	场	50
流利	的	50
流利	度	46
考核	标准	50
考核	指标	49
多人	游戏	50
淡化	了	50
开除	了	50
凝视	着	50
四部	分	50
四部	曲	47
还说	什么	50
还说	我	49
吃了	个	50
吃了	药	49
吃了	一个	47
吃了	饭	47
吃了	一惊	47
吃了	一口	46
惹	不起	50
三等	奖	50
摔倒	了	50
自命	题	50
自命	不凡	48
广大	网友	50
广大	群众	49
海边	的	50
夕阳	下	50
夕阳	产业	48
夕阳	行业	46
多大	程度	50
水性	漆	50
有过	一次	50
有过	一段	47
妇	产科	50
妇	女的	48
观看	视频	50
赤壁	之战	50
精湛	的	50
贴心	地	50
还来	不及	50
物业	公司	50
物业	费	49
发力	点	50
职工	医保	50
职工	社保	48
诸神	黄昏	50
发作	了	50
马蒂	奇	50
威廉	二世	50
威廉	一世	46
精华	液	50
他会	说	50
票面	利率	50
青岛	啤酒	50
哭了	起来	50
何止	是	50
一堂	课	50
所思	所想	50
不假	思索	50
高下	之分	50
忍住	了	50
小巧	的	50
免税	店	50
阶级	斗争	50
阶级	固化	49
阶级	矛盾	49
地头	蛇	50
入口	处	50
代谢	产物	50
没干	过	50
一键	生成	50
一键	三连	48
薪酬	待遇	50
上年	度	50
网游	的	50
压制	住	50
天真	地	50
天真	烂漫	47
懒	得看	50
懒	洋洋	46
恩	格斯	50
恩格	斯	50
说来	也	50
说来	惭愧	48
终止	了	50
卡德	加	50
咖喱	酱	50
咖喱	粉	47
咖喱	饭	46
司令	部	50
每股	收益	50
叙事	手法	50
叙事	节奏	48
叙事	性	47
好了	好了	50
好了	不少	46
婆罗	门	50
多多	了	50
多多	练习	46
多多	交流	46
往回	走	50
滞后	性	50
装机	量	50
迷路	了	50
象形	文字	50
挣	大钱	50
挣	得多	48
尝到	了	50
后续	发展	50
场外	基金	50
史书	记载	50
易于	理解	50
疫苗	接种	50
无双	系列	50
仿	制药	49
仿制	药	49
抠	出来	49
事故	车	49
事故	发生	46
水深	火热	49
邮件	营销	49
捞	出来	49
捞	一笔	46
倒车	入库	49
倒车	影像	47
明星	们	49
明星	代言	48
明星	球员	47
你再	看看	49
慵懒	的	49
致	病菌	49
致	青春	48
致病	菌	49
现场	版	49
现场	表演	49
现场	演出	48
现场	确认	47
亘古	不变	49
校招	生	49
深得	我心	49
全职	妈妈	49
耐力	赛	49
地沟	油	49
叙述	了	49
叙述	者	49
电容	笔	49
电容	器	47
理事	会	49
理事	长	46
吃相	难看	49
风	景区	49
风景	区	49
风景	园林	46
预感	到	49
皮包	公司	49
她是	不是	49
基数	大	49
被罚	款	49
南极	洲	49
玻尔	兹曼	49
指着	我	49
厚重	感	49
一探	究竟	49
激情	的	49
杜克	大学	49
自觉	地	49
自觉	的	49
自觉	性	48
别怪	我	49
注射	器	49
新元	素	49
梁家	辉	49
跟踪	误差	49
收割	机	49
捆绑	销售	49
特色	功能	49
两人	之间	49
两人	关系	46
分销	商	49
寄予	厚望	49
耐磨	性	49
传承	了	49
传承	下来	47
荒唐	的	49
被子	里	49
首歌	曲	49
谁敢	说	49
酒吧	里	49
棱角	分明	49
听力	原文	49
听力	考试	48
更改	了	49
更改	为	48
原著	小说	49
白种	人	49
高铁	站	49
高铁	上	47
电梯	里	49
电梯	门	46
洋溢	着	49
账面	价值	49
人品	好	49
协和	医院	49
恶毒	的	49
棺材	里	49
棺材	板	48
反派	角色	49
曲面	屏	49
变强	了	49
大跌	眼镜	49
尼尔	森	49
采集	到	49
罗布	斯塔	49
女真	人	49
超大	型	49
超大	规模	47
蕴	藏着	49
蕴藏	着	49
囊中	羞涩	49
签下	了	49
施加	压力	49
必看	的	49
喷	出来	49
喷	火龙	48
喷出	来	49
血的	教训	49
章	北海	49
套路	化	49
屋	顶上	49
屋	里的	47
屋顶	上	49
拧	螺丝	49
全年	级	49
全年	龄	47
数值	策划	49
数值	计算	49
数值	上	46
数值	模拟	46
缓缓	地	49
缓缓	的	48
米德	尔顿	49
大岛	渚	49
福斯	特	49
里斯	本	49
氧	原子	49
探路	者	49
诺曼	底	49
推测	出	49
处罚	金	49
处罚	的	46
凉凉	的	49
弗朗	西斯	49
粘合	剂	49
感官	刺激	49
致死	率	49
能打	赢	49
能打	败	48
光顾	着	49
未尝	不是	49
未尝	不可	46
建了	个	49
高的	地方	49
驻扎	在	49
冷酷	无情	49
急诊	科	49
美食	家	49
美食	街	48
征收	率	49
令	我们	49
令	自己	47
令	他们	46
令我	们	49
居家	办公	49
居家	隔离	48
奥利	奥	49
奥利	给	49
奥利	弗	48
远古	时代	49
远古	时期	48
预付	款	49
青花	瓷	49
你在	这里	49
你在	哪里	48
均	采用	49
均	没有	47
不输	于	49
不输	给	46
转嫁	给	49
转嫁	到	48
久远	的	49
正向	反馈	49
和声	学	49
懦弱	的	49
皇	太子	49
皇	太后	49
皇	太极	46
顶级	联赛	49
顶级	名校	48
顶级	期刊	47
五彩	斑斓	49
长征	五号	49
扭	转了	49
扭转	了	49
暂且	不说	49
暂且	不提	48
暂且	不论	48
帮到	您	49
西山	居	49
婚前	财产	49
婚前	协议	48
润滑	剂	49
润滑	油	48
工厂	生产	49
粤语	歌	49
一伙	人	49
一伙	的	47
导出	为	49
就上	了	49
刻意	地	49
城镇	化	49
城镇	居民	48
为重	点	49
参数	化	49
参数	设置	48
车厢	里	49
保卫	战	49
保卫	萝卜	46
昆仑	山	49
肩负	着	49
报了	个	49
报了	警	49
报了	名	46
先试	试	49
根源	在于	49
启发	性	49
廉价	航空	49
廉价	感	47
正弦	波	49
吉诺	比利	49
一艘	船	49
稳住	了	49
遵守	规则	49
天亮	了	49
一匹	马	49
重拳	出击	49
灵光	一闪	49
铁丝	网	49
网友	评论	49
篮板	球	49
小吃	街	49
小吃	店	49
筹集	资金	49
贫瘠	的	49
争论	不休	49
胶片	机	49
胶片	模拟	48
武	汉人	49
折磨	人	49
折磨	得	49
折磨	了	46
折磨	着	46
愚昧	的	49
火力	全开	49
咬牙	坚持	49
放假	了	49
放假	回家	46
它有	着	49
七个	人	49
七个	月	49
内行	人	49
无机	化学	49
无机	物	48
无机	盐	46
正大	光明	49
狗屁	不通	49
数万	人	49
低分	段	49
声音	好听	49
声音	大	48
迈出	了	49
徒劳	的	49
徒劳	无功	46
大号	的	49
而你	却	49
原版	书	49
可疑	的	49
批准	了	49
主打	歌	49
主打	产品	46
当初	是	49
粘贴	到	49
侧面	说明	49
自此	之后	49
自此	以后	47
守夜	人	49
平时	喜欢	49
平时	成绩	49
平时	要	49
平时	都	48
有毒	物质	49
实锤	了	49
本体	论	49
牢固	的	49
亨	德尔	49
做大	了	49
搜集	资料	49
搜集	到	49
讲过	了	49
为您	提供	49
多个	角度	49
多个	维度	49
多个	小时	48
多个	平台	47
多个	行业	47
快快	乐乐	49
多加	练习	49
看台	上	49
激烈	竞争	49
排在	前面	49
排在	了	46
无理	由	49
无理	数	46
跑道	上	49
纯真	的	49
合格	证	49
她和	她	49
善意	取得	49
躺着	赚钱	49
家乐	福	49
贩卖	焦虑	49
飞快	地	49
斯图	尔特	49
长相	思	49
太子	妃	49
血腥	味	49
血腥	暴力	46
着手	准备	49
待	久了	49
待	会儿	49
待	下去	47
待	补充	46
逛	知乎	49
逛	淘宝	46
逛	商场	46
纵	坐标	49
脑补	出	49
脑补	了	48
却又	是	49
听听	力	49
听听	看	48
眼科	医院	49
眼科	医生	48
失误	了	49
失误	率	46
搜了	下	49
客家	人	49
客家	话	46
觉醒	了	49
出题	思路	49
出题	风格	46
出题	老师	46
护身	符	49
不逊	于	49
主体	性	49
主体	部分	48
主体	民族	46
艰辛	的	49
一项	技能	49
拥护	者	49
锁	定在	49
普世	价值	49
去过	一次	49
被判	刑	49
被判	处	47
党委	书记	49
长白	山	49
司机	师傅	49
蛋黄	酱	49
蛋黄	酥	46
对手	盘	49
对手	戏	49
各家	银行	49
阻止	你	49
阻止	不了	47
五号	位	49
金玉	满堂	49
组件	库	49
着力	点	49
阴影	中	49
跳槽	了	49
化石	燃料	49
化石	能源	48
挂	起来	49
挂	出来	48
挂	电话	48
会死	的	49
作业	本	49
乐于	助人	49
献	给了	49
献给	了	49
时事	热点	49
时事	政治	46
牛羊	肉	49
一束	光	49
世家	大族	49
建设	单位	49
建设	银行	49
建设	高校	46
建设	工程	46
变色	龙	49
三联	书店	49
行星	上	49
行星	齿轮	47
国税	局	49
下落	不明	49
民生	银行	49
纯利	润	49
沸腾	了	49
推算	出	49
拓宽	了	49
记叙	文	49
乙肝	病毒	49
乙肝	疫苗	47
末	班车	49
等来	了	49
教导	主任	49
降价	了	49
下沉	市场	49
异教	徒	49
拉瓦	锡	49
过于	依赖	49
过于	紧张	47
争议	性	49
负担	不起	49
当人	看	49
子孙	后代	49
帽子	戏法	49
一瓶	水	49
一瓶	酒	47
溢	出来	49
溢出	来	49
前途	无量	49
员工	工资	49
员工	福利	48
员工	离职	47
生死	存亡	49
抵	不过	49
把她	当	49
把她	们	46
那张	图	49
那张	脸	48
武装	力量	49
声势	浩大	49
写点	东西	49
自已	的	49
法人	代表	49
未解	之谜	49
公里	处	49
公里	数	49
药剂	师	49
星系	团	49
脱毛	膏	49
对方	在	49
对方	球员	46
干得	好	49
雪	地里	49
雪	白的	47
雪地	里	49
山洞	里	49
都对	应	49
宴	会上	49
宴会	上	49
没变	过	49
没变	化	47
试着	把	49
威逼	利诱	49
又会	有	49
迎合	市场	49
四千	多	49
活期	存款	49
东亚	人	49
弄死	了	49
三重	门	49
潮汕	人	49
出资	人	49
出资	额	46
出资	义务	46
出资	比例	46
骇人	听闻	49
放荡	不羁	49
凑合	着	49
太帅	了	49
吊	车尾	49
吊	起来	46
吊车	尾	49
推迟	了	49
推迟	到	47
同胞	们	49
进口	商	49
进口	品牌	47
进口	车	46
反差	萌	49
起落	架	49
山水	画	49
汽油	机	49
汽油	车	49
七里	香	49
构造	出	49
受了	伤	49
酵母	菌	49
热气	球	49
分级	制度	49
配色	方案	49
摄制	组	49
向外	界	49
你好	像	49
你好	好	48
好看	了	49
好看	吗	49
好看	啊	49
参观	了	49
调节	功能	49
吞噬	了	49
瞎扯	淡	49
无球	跑动	49
言行	举止	49
自负	盈亏	49
你猜	猜	49
国土	面积	49
加害	者	49
单线	程	49
主干	道	49
节能	减排	49
冒泡	排序	49
批	处理	49
巷子	里	49
激怒	了	49
医科	大学	49
麻醉	医生	49
麻醉	师	47
麻醉	剂	46
晾	衣服	49
晾	衣架	47
并为	之	49
手艺	人	49
减速	带	49
私密	性	49
五点	半	49
武大	郎	49
哈密	瓜	49
哈密	顿	49
文案	策划	49
每周	末	49
每周	一次	48
每周	一	47
每周	六	47
每周	五	47
更难	受	49
更难	得	46
拉人	头	49
审计	师	49
审计	报告	47
见效	快	49
剧	作家	49
剧作	家	49
梳理	清楚	49
升	到了	49
升	上去	46
升到	了	49
梁	羽生	49
老铁	们	49
受够	了	49
介	入的	49
介入	的	49
介入	治疗	46
结核	病	49
大闹	天宫	49
牧羊	人	49
尿	蛋白	49
公式	化	49
公式	推导	47
票据	理财	49
扬	尼斯	49
回收	站	49
热量	消耗	49
热量	缺口	48
热量	摄入	47
爱看	书	49
男子	汉	49
麦芽	糖	49
印	出来	49
听的	歌	49
有话	说	49
暂	停了	49
暂停	了	49
推开	门	49
推开	了	48
直属	领导	49
开会	员	49
买入	价	49
买入	股票	48
买入	时机	47
买入	卖出	46
二号	位	49
器官	移植	49
秦王	政	49
小指	头	49
男性	角色	49
男性	朋友	47
补偿	金	49
呼应	了	49
问答	题	49
读过	书	49
精简	版	49
小岛	上	49
收了	钱	49
流失	率	49
流失	了	48
孟	加拉	49
孟	菲斯	46
实证	研究	49
转接	环	49
蜡笔	小新	49
乱	花钱	49
孤	零零	49
挤在	一起	49
唱歌	跳舞	49
学园	都市	49
风靡	全球	49
风靡	一时	48
守	住了	49
守	不住	49
守	规矩	47
守	门人	46
守住	了	49
桃花	源	49
模板	化	49
大热	门	49
搞混	了	49
陀	飞轮	49
新高	度	49
古风	圈	49
玩完	了	49
圆周	运动	49
圆周	率	46
人事	部	49
人事	部门	47
大堂	经理	49
度假	村	49
咋	回事	49
医患	关系	49
一早	就	49
游离	于	49
成份	股	49
受热	均匀	49
顶尖	高手	49
顶尖	人才	46
顶尖	名校	46
触犯	了	49
使劲	儿	49
三峡	大学	49
应交	税费	49
永乐	大典	49
争夺	战	49
陪你	一起	49
专	属于	49
咋办	呢	49
预计	到	49
分封	制	49
儿童	房	49
儿童	医院	47
儿童	文学	47
钱包	里	49
一名	优秀	49
一名	叫	46
宠物	医院	49
趁	年轻	49
趁	现在	48
清脆	的	49
胡同	里	49
指责	我	49
特价	机票	49
三号	位	49
不戴	眼镜	49
不戴	口罩	46
一排	排	49
高校	中	49
高校	教师	49
版式	设计	49
两倍	的	49
智力	水平	49
料理	机	49
已获	得	49
重度	用户	49
重度	抑郁	48
惊动	了	49
触控	板	49
公告	称	49
菲	尔德	49
菲	亚特	48
菲尔	德	49
流星	雨	49
左手	边	49
高温	高压	49
高温	超导	47
招股	书	49
统考	科目	49
哑铃	卧推	49
深空	探测	49
开山	之作	49
开山	鼻祖	48
按时	间	49
按时	完成	47
形象	化	49
地址	栏	49
脑力	劳动	49
丰满	的	49
考前	一周	49
考前	突击	46
考前	冲刺	46
大连	理工	49
大连	海事	46
输送	到	49
不犯	法	49
断	绝了	49
断绝	了	49
格力	电器	49
特写	镜头	49
更差	的	49
乡亲	们	49
红圈	所	49
跳过	去	49
每件	事	49
盘算	着	49
通勤	时间	49
浮动	利率	49
惊悚	片	49
小生	意	49
直男	癌	49
日内	瓦	49
日内	交易	46
天安	门	49
他又	说	49
头号	玩家	49
可怜	人	49
可怜	巴巴	46
外表	下	49
指示	灯	49
流通	性	49
善于	利用	49
善于	总结	46
投稿	邮箱	49
顶层	设计	49
填饱	肚子	49
排位	赛	49
因而	在	49
昼夜	节律	49
美白	效果	49
美白	牙膏	47
一头	牛	49
一头	猪	48
都跟	着	49
修正	了	49
修正	案	48
雨果	奖	49
为之	奋斗	49
几倍	的	49
埃	里克	49
埃	文斯	48
埃	博拉	48
埃里	克	49
周末	去	49
完了	以后	49
液晶	屏	49
液晶	电视	48
受力	分析	49
加权	平均	49
直觉	的	49
风云	人物	49
风云	变幻	48
没停	过	49
装上	了	49
交付	给	49
新政	策	49
新政	府	46
一滴	水	49
一滴	血	48
维	纳斯	49
维纳	斯	49
两款	车	49
德里	克	49
变更	为	49
变更	登记	48
小众	品牌	49
小众	音乐	47
州立	大学	49
当权	者	49
小声	说	49
体重	下降	49
体重	增加	47
体重	减轻	46
体重	秤	46
神志	不清	49
中日	韩	49
最富	有	49
冷却	时间	49
冷却	后	47
归化	球员	49
第十	三	49
第十	二	47
第十	条	47
第十	一	47
第十	章	46
第十	四	46
学堂	在线	49
拍拍	贷	49
祝好	运	49
开国	皇帝	49
高新	区	49
高新	技术	46
先知	道	49
共用	一个	49
首发	阵容	49
救下	了	49
孤单	的	49
太像	了	49
父子	俩	49
父子	关系	48
疲劳	感	49
监	事会	49
监事	会	49
苦	哈哈	49
茶叶	蛋	49
梯度	下降	49
凡	尔登	49
度量	衡	49
场面	上	49
场面	调度	47
场面	话	46
天体	物理	49
第九	章	49
第九	条	46
狡猾	的	49
送货	上门	49
观念	上	49
白费	了	49
诺亚	方舟	49
只好	把	49
只好	用	47
注销	了	49
彰显	了	49
东海	岸	49
直白	地	49
杂货	店	49
杂货	铺	49
哈罗	德	49
脉冲	星	49
你若	是	49
拍成	了	49
拍成	电影	48
感应	器	49
西安	市	49
西安	交大	48
越小	越好	49
有来	自	49
村镇	银行	49
当官	的	49
名称	是	49
媲美	的	49
奥克	斯	49
奥克	兰	47
自卑	感	49
春	节前	49
春	节后	48
带过	来	49
带过	去	47
买好	了	49
掏钱	买	49
换回	来	49
同等	重要	49
同等	价位	48
同等	水平	47
同等	级	46
赶到	了	49
出卖	了	49
羞耻	感	49
一脚	油门	49
一脚	踹	47
一脚	踢	46
单亲	家庭	49
指明	了	49
背靠	背	48
以供	参考	48
公允	价值	48
求	推荐	48
求	你们	48
求	不得	47
臣服	于	48
两道	题	48
默契	的	48
救援	队	48
救援	人员	47
想买	个	48
父母	说	48
父母	亲	46
几场	比赛	48
巩固	了	48
晚饭	后	48
书桌	上	48
牛逼	啊	48
使它	们	48
养殖	场	48
含糊	不清	48
能给	予	48
座谈	会	48
真皮	层	48
真皮	沙发	48
真皮	座椅	46
较早	的	48
讲个	故事	48
讲个	笑话	47
洞庭	湖	48
沉积	物	48
村	委会	48
村	干部	47
韦斯	特	48
忐忑	不安	48
复古	风	48
吵架	了	48
解脱	出来	48
解脱	了	46
音频	文件	48
减小	了	48
清真	寺	48
无不	是	48
编写	了	48
编写	代码	46
时尚	杂志	48
时尚	界	48
时尚	圈	48
时尚	感	46
时尚	潮流	46
精良	的	48
可恶	的	48
每秒	钟	48
澎湃	新闻	48
明暗	对比	48
骨	转移	48
京都	动画	48
杏仁	核	48
郑	成功	48
健美	操	48
师傅	说	48
喊出	来	48
例如	说	48
形态	上	48
五星	级	48
五星	红旗	46
省事	儿	48
面朝	大海	48
嗷嗷	叫	48
你做	什么	48
背离	了	48
注重	细节	48
踢出	去	48
大队	长	48
埃文	斯	48
不变	性	48
不变	形	48
追上	来	48
民事	诉讼	48
民事	责任	48
民事	案件	47
流淌	着	48
忧伤	的	48
民办	学校	48
建起	来	48
公关	公司	48
点球	大战	48
团团	转	48
制止	了	48
天王	星	48
亲口	说	48
细化	到	48
阉割	版	48
不休	息	48
太深	了	48
涮	羊肉	48
往外	走	48
往外	跑	46
高低	之分	48
监督	学习	48
属性	值	48
鹅	卵石	48
农学	院	48
农学	专业	46
三门	课	48
超长	的	48
初次	见面	48
初次	接触	47
小手	术	48
想吃	什么	48
捡到	了	48
捡到	的	46
这艘	船	48
动量	守恒	48
讨	生活	48
眉毛	的	48
发财	了	48
拿来	主义	48
布朗	运动	48
查清	楚	48
如其	名	48
上周	五	48
上周	末	48
出演	了	48
黑体	字	48
发售	了	48
肇事	者	48
人手	一本	48
人手	一个	48
人手	不够	47
开眼	角	48
变调	夹	48
宽阔	的	48
见过	了	48
隐蔽	性	48
世卫	组织	48
刘欢	老师	48
专案	组	48
轻盈	的	48
控球	率	48
控球	后卫	48
负重	前行	48
心地	善良	48
我开	了	48
暂无	数据	48
我该	怎么	48
我该	如何	46
结肠	癌	48
西亚	卡姆	48
沙	尔克	48
哈雷	尔	48
化解	了	48
有何	不同	48
有何	不可	48
有何	区别	47
有何	意义	46
他跟	我	48
朝阳	行业	48
朝阳	区	47
搏	一搏	48
天宫	一号	48
一架	飞机	48
漂亮	国	48
暗流	涌动	48
撕裂	的	48
大麻	烦	48
雄	激素	48
美观	度	48
杀猪	盘	48
金光	闪闪	48
着急	了	48
华东	师大	48
华东	地区	46
哈迪	斯	48
他爸	妈	48
抛	出了	48
抛	硬币	48
抛出	了	48
说道	说道	48
送上	门	48
阻力	位	48
大雁	塔	48
鉴赏	能力	48
听完	课	48
血肉	模糊	48
排放	量	48
这支	队伍	48
倾注	了	48
告上	法庭	48
空空	的	48
周年	纪念	48
周年	庆	48
年产	量	48
大锅	饭	48
助攻	王	48
阳	离子	48
多重	宇宙	48
柔弱	的	48
孤儿	院	48
别扭	的	48
黑帮	老大	48
茉莉	花	48
茉莉	花茶	47
多次	赔付	48
多次	被	48
多次	重复	46
歌唱	家	48
一遇	到	48
隔离	级别	48
隔离	治疗	47
非得	要	48
主权	国家	48
三块	钱	48
最老	的	48
等级	制度	48
瘦弱	的	48
朝气	蓬勃	48
海报	上	48
海报	设计	48
就找	到	48
就找	了	47
样样	精通	48
小村	庄	48
闹	矛盾	48
燕	麦片	48
燕麦	片	48
赏金	猎人	48
试玩	版	48
抄袭	者	48
孔子	说	48
白眼	狼	48
轮到	你	48
括号	里	48
括号	内	47
不走	心	48
配送	费	48
安于	现状	48
小平	台	48
宅	基地	48
口碑	不错	48
口碑	传播	46
清淡	的	48
承包	商	48
洗涤	剂	48
冷笑	话	48
冷笑	一声	46
外在	表现	48
血管	壁	48
相符	合	48
文明	社会	48
文明	程度	46
文明	人	46
悠	闲的	48
悠闲	的	48
旋转	式	48
抒情	的	48
开阔	眼界	48
天灾	人祸	48
成了	我的	48
成了	他	48
成了	他的	47
爽	歪歪	48
爽	快感	48
爽	不爽	46
爽	快的	46
细微	差别	48
矢量	图	48
民用	车	48
抱怨	说	48
遍布	全球	48
果断	放弃	48
果断	地	46
淮南	子	48
展望	未来	48
教材	内容	48
独到	之处	48
下车	后	48
这下	子	48
这下	好了	47
托管	费	48
粮食	产量	48
过年	了	48
过年	期间	48
过年	过节	47
过年	回家	47
护卫	舰	48
德尔	塔	48
闺蜜	的	48
白酒	行业	48
玻	尿酸	48
好样	的	48
长成	了	48
精选	集	48
没收	到	48
没收	了	46
几部	作品	48
哪种	类型	48
瘾	君子	48
就此	结束	48
唏嘘	不已	48
扑	上去	48
芯片	设计	48
薛	老板	48
橙色	的	48
呆	久了	48
武当	派	48
武当	山	48
备用	金	48
备用	机	47
异物	感	48
拜托	了	48
喝的	是	48
拔尖	的	48
主讲	人	48
新衣	服	48
碰撞	出	48
不禁	感叹	48
物体	上	48
物体	表面	46
炒	股票	48
炒	出来	47
炒	鸡蛋	47
炒	起来	46
顶上	去	48
顶上	战争	48
斑马	线	48
透支	了	48
玛雅	人	48
衷心	希望	48
言语	理解	48
再生	产	48
再生	能力	46
甩	出去	48
窗	口中	48
窗	台上	46
姥姥	家	48
期刊	论文	48
新人	物	48
新人	类	46
利率	水平	48
利率	上升	46
收款	人	48
收款	码	46
中断	了	48
破灭	了	48
逐步	提高	48
逐步	完善	46
逐步	形成	46
逐步	增加	46
进取	心	48
太太	太	48
太太	太太	48
节节	败退	48
节节	攀升	46
家境	贫寒	48
家境	一般	47
住进	去	48
提款	机	48
绕过	去	48
绕过	了	46
妇女	的	48
新科	技	48
仅需	要	48
物语	系列	48
细致	地	48
主创	团队	48
英美	法	48
大江	南北	48
惩罚	的	48
收支	平衡	48
他常	常	48
已开	始	48
厄瓜	多尔	48
写写	画画	48
越快	越好	48
饱受	诟病	48
饱受	争议	48
之后	不久	48
并对	其	48
二月	份	48
阴	阳历	48
阴	离子	46
万历	皇帝	48
船	公司	48
冰岛	的	48
宜居	带	48
放手	一搏	48
一堵	墙	48
谈判	能力	48
无暇	顾及	48
假想	敌	48
小于	等于	48
成像	质量	48
有缘	人	48
您的	问题	48
放宽	心	48
各类	型	48
堆	出来	48
堆	起来	47
床	底下	48
黑人	音乐	48
黑人	牙膏	46
团购	网站	48
缝合	怪	48
蜥蜴	人	48
独具	特色	48
被查	出	48
卡拉	扬	48
以降	低	48
心肌	细胞	48
心肌	炎	47
最少	要	48
轻柔	的	48
隐喻	的	48
药店	买	48
探索	世界	48
探索	者	48
探索	性	47
备受	关注	48
亚美	尼亚	48
旧版	本	48
下手	了	48
又说	了	48
水利	工程	48
之间	切换	48
俘虏	了	48
新房	子	48
协约	国	48
商鞅	变法	48
二奶	奶	48
识别	率	48
识别	度	46
挤满	了	48
炸弹	人	48
深陷	其中	48
交上	去	48
浸	泡在	48
浸泡	在	48
中古	汉语	48
配套	设施	48
雷	迪克	48
雷	阿伦	47
雷	司令	46
起床	后	48
整件	事	48
整件	事情	47
电线	杆	48
没把	握	48
手脚	冰凉	48
行事	风格	48
孔	夫子	48
刚才	我	48
停顿	了	48
后会	无期	48
三张	图	48
三张	专辑	46
战友	们	48
英超	冠军	48
脸色	苍白	48
做空	报告	48
做空	机构	47
临门	一脚	48
货运	飞船	48
原位	癌	48
朱	可夫	48
朱	朝阳	48
朱	老师	46
蓬松	度	48
愧疚	感	48
坏账	率	48
领略	到	48
苍白	无力	48
给谁	看	48
出厂	价	48
处处	都是	48
买菜	车	48
买菜	的	46
深远	影响	48
参议	院	48
参议	员	47
振奋	人心	48
这棵	树	48
内卷	化	48
山顶	上	48
通电	话	48
悬崖	上	48
悬崖	之上	47
悬崖	边	46
郡县	制	48
阿米	娅	48
阿米	尔	47
强度	高	48
头发	上	48
头发	丝	47
波西	米亚	48
戏谑	的	48
汉堡	王	48
高音	区	48
融化	了	48
贵在	坚持	48
前五	名	48
考得	好	48
语气	词	48
灯光	下	48
行情	好	48
行情	不好	47
猎头	公司	48
上床	睡觉	48
从容	地	48
荧幕	上	48
哈希	表	48
刹车	片	48
联名	款	48
元气	弹	48
姜	先生	48
预防	医学	48
预防	措施	47
冷战	时期	48
承重	墙	48
黄帝	陵	48
大清	洗	48
甜美	的	48
勉强	维持	48
我脑	子	48
送我	的	48
洗脑	包	48
固有	印象	48
固有	频率	46
给力	的	48
吃得	多	48
吃得	好	46
全体	股东	48
礼貌	地	48
留言	区	48
都得	到	48
都得	不到	47
自带	了	48
前沿	技术	48
我将	会	48
嫡	长子	48
高三	学生	48
车牌	号	48
耐克	阿迪	48
修订	版	48
猿	辅导	48
权力	斗争	48
颓废	的	48
硬盘	里	48
硬盘	上	46
住房	贷款	48
市里	的	48
石膏	板	48
向你	们	48
史料	记载	48
提要	求	48
适中	的	48
追回	来	48
计量	单位	48
报复	性	48
报复	社会	48
大禹	治水	48
内外	部	48
当前	版本	48
转圈	圈	48
听讲	座	48
理学	院	48
衡	水体	48
漏	掉了	48
漏掉	了	48
挥发	性	48
手边	的	48
移民	局	48
闪亮	的	48
交际	圈	48
交际	能力	47
亚非	拉	48
替我	们	48
励志	故事	48
四位	数	48
恶劣	天气	48
恶劣	环境	47
逊色	于	48
亏	大了	48
能玩	到	48
绿灯	侠	48
渐	变色	48
渐变	色	48
得以	实现	48
上瘾	了	48
海马	体	48
皮下	脂肪	48
规培	医生	48
外教	老师	48
赔付	比例	48
吴	清源	48
宗主	国	48
各科	目	48
跨考	生	48
音响	效果	48
咸	蛋黄	48
挣得	多	48
一拍	脑袋	48
起了	个	48
老套	路	48
一拳	超人	48
全网	最全	48
导演	组	48
导演	说	47
熬	过去	48
熬	出来	46
熬过	去	48
明令	禁止	48
可我	还是	48
答复	是	48
得有	个	48
开窗	通风	48
金元	足球	48
赎回	费	48
影片	结尾	48
影片	开头	47
下滑	了	48
新语	言	48
珍爱	生命	48
限时	免费	48
喘	口气	48
双休	日	48
很慢	的	48
爽快	感	48
爽快	的	46
首次	提出	48
同名	的	48
同名	专辑	48
同名	小说	47
死了	之后	48
卖完	了	48
大四	毕业	48
大四	了	47
凭空	出现	48
闪耀	着	48
密室	逃脱	48
狂风	暴雨	48
费用	为	48
双面	人	48
古人	类	48
古人	云	47
威少	爷	48
发条	橙	48
瑞	士人	48
瑞士	人	48
瑞士	军刀	47
瑞士	银行	46
窗户	上	48
做人	做事	48
我俩	的	48
心底	里	48
货	架上	48
货	拉拉	47
货架	上	48
叫嚣	着	48
做着	做着	48
裂	开了	48
裂开	了	48
丛林	法则	48
称呼	他	48
隔	几天	48
隔	一天	46
进退	两难	48
点名	了	48
点名	批评	48
学子	们	48
银联	卡	48
荷马	史诗	48
放任	不管	48
世上	没有	48
走人	了	48
新出	现	48
揪	出来	48
揪出	来	48
吃亏	了	48
二道	贩子	48
集散	地	48
亚瑟	王	48
首张	专辑	48
矮	个子	48
品质	好	48
海盗	船	48
正念	冥想	48
万字	长文	48
娃娃	鱼	48
击球	点	48
帕特	森	48
婴儿	车	48
户型	图	48
侠客	行	48
萌	妹子	48
货车	司机	48
合金	装备	48
伽马	射线	48
晕	过去	48
那辆	车	48
江户	时代	48
听着	就	48
起飞	了	48
开门	红	48
音韵	学	48
眼镜	店	48
眼镜	蛇	47
还请	见谅	48
国宝	级	48
说是	要	48
西洋	参	48
出口	退税	48
出口	国	47
有线	电视	48
气体	分子	48
肖像	权	48
肖像	画	46
痛	风的	48
痛风	的	48
被刷	掉	48
被刷	了	46
不来	的	48
不来	了	47
算个	屁	48
溶于	水	48
三万	多	48
学员	们	48
雄性	激素	48
渴	望着	48
实操	经验	48
实操	性	46
偿还	债务	48
糊弄	过去	48
别闹	了	48
终点	站	48
名额	有限	48
敲诈	勒索	48
本校	学生	48
承租	人	48
喷火	龙	48
插进	去	48
食堂	吃饭	48
食堂	里	47
四级	考试	48
四级	词汇	47
实况	足球	48
流氓	软件	48
停产	了	48
贵重	物品	48
古装	剧	48
黑夜	里	48
画了	个	48
多面	手	48
微创	新	48
微创	手术	47
并作	为	48
屏	占比	48
领航	员	48
茶	餐厅	48
潜心	研究	48
正月	初一	48
维权	骑士	48
马桶	上	48
割裂	感	48
地形	图	48
大奖	赛	48
四门	课	48
水晶	宫	48
计数	器	48
悠久	的	48
悬疑	片	48
打架	斗殴	48
玉米	淀粉	48
玉米	粒	47
玉米	油	46
玉米	地	46
那要	看	48
万物	皆可	48
万物	互联	47
打打	游戏	48
人员	流动	48
人员	伤亡	47
犹	记得	48
脑门	上	48
身居	高位	48
日出	日落	48
州	刺史	48
防护	服	48
防护	措施	47
春风	得意	48
小额	贷款	48
在玩	游戏	48
烦心	事	48
启用	了	48
老公	说	48
指甲	油	48
售票	员	47
国立	大学	47
联盟	第一	47
海产	品	47
福州	大学	47
一平	米	47
置信	度	47
置信	区间	47
日程	表	47
八百	年	47
跑跑	步	47
要走	了	47
驱使	下	47
宣	传中	47
凹凸	不平	47
向上	走	47
每月	工资	47
呕吐	物	47
泡	温泉	47
反动	派	47
省心	省力	47
能动	性	47
卖国	贼	47
整车	厂	47
金城	武	47
迷幻	摇滚	47
暗箱	操作	47
无影	无踪	47
三口	之家	47
利害	关系	47
今时	今日	47
超棒	的	47
走走	停停	47
宏	微观	47
真挚	的	47
宝贝	们	47
这算	什么	47
可控	性	47
性质	上	47
危及	生命	47
按摩	椅	47
绿色	通道	47
看报	纸	47
国防	部	47
国防	军	46
抱歉	了	47
玩得	好	47
玩得	开心	46
直肠	癌	47
甲午	战争	47
艺	考生	47
艺考	生	47
羞涩	的	47
导	演说	47
九点	半	47
尊重	他	47
尊重	别人	47
尊重	他人	46
减弱	了	47
共	分为	47
共分	为	47
上头	了	47
四百	多	47
四百	年	47
草丛	里	47
旋律	性	47
放过	自己	47
万一	哪天	47
万一	有	46
冷眼	旁观	47
讲起	来	47
页面	设计	47
芭蕾	舞	47
断头	台	47
成瘾	性	47
买车	买房	47
买车	险	46
看准	了	47
歌舞	片	47
段落	中	47
关东	军	47
关东	煮	46
洗白	了	47
鲜艳	的	47
真真	是	47
鸣	不平	47
疏离	感	47
微单	相机	47
不带	任何	47
品尝	到	47
在它	们	47
投诉	电话	47
那好	吧	47
单向	的	47
执政	官	47
逃跑	了	47
中东	地区	47
亲生	父母	47
海淀	区	47
宁	财神	47
卷积	层	47
攀登	者	47
全能	型	47
混血	儿	47
服从	于	47
要饭	的	47
赡养	老人	47
阿斯	加德	47
也即	是	47
保洁	阿姨	47
舍得	花钱	47
要说	什么	47
轻便	的	47
效力	于	47
闻名	于世	47
达克	赛德	47
专用	发票	47
振作	起来	47
玉	米粒	47
反抗	军	47
反抗	者	47
出轨	了	47
眼皮	底下	47
乏味	的	47
钠	离子	47
保利	尼奥	47
往后	退	47
最短	路径	47
心力	衰竭	47
渐进	式	47
好玩	儿	47
吓跑	了	47
耐久	性	47
耐久	度	46
干湿	分离	47
与你	无关	47
与你	分享	47
时机	成熟	47
做成	这样	47
历险	记	47
各路	大神	47
五四	运动	47
莆田	系	47
壮志	凌云	47
转交	给	47
教辅	书	47
权重	股	47
尖	叫声	47
尖叫	声	47
有家	庭	47
扬言	要	47
梦里	的	47
挥	挥手	47
备考	雅思	47
灌	鸡汤	47
五金	件	47
勋	伯格	47
确切	地说	47
大帅	哥	47
刚性	兑付	47
刚性	需求	46
劝说	下	47
异体	字	47
宫本	茂	47
积分	兑换	47
带进	去	47
天神	下凡	47
一具	尸体	47
攒	下来	47
红色	警戒	47
借贷	宝	47
骂	自己	47
骂	一句	46
四驱	系统	47
四驱	车	46
原油	宝	47
原油	期货	47
独孤	月	47
芝士	蛋糕	47
特拉	维斯	47
保暖	性	47
戴着	耳机	47
戴着	口罩	46
戴着	眼镜	46
救出	来	47
全是	干货	47
七点	半	47
送回	去	47
屠龙	刀	47
首付	款	47
水族	馆	47
废弃	物	47
太常	见了	47
穿着	打扮	47
受困	于	47
拖欠	工资	47
王室	的	47
饭圈	化	47
表露	出	47
盼	望着	47
盼望	着	47
弹幕	里	47
啥事	儿	47
反向	传播	47
王府	井	47
动能	回收	47
仙剑	四	47
仙剑	系列	47
铁道	部	47
也好	啊	47
天黑	了	47
原木	色	47
万万	不可	47
抚	摸着	47
抚摸	着	47
义工	旅行	47
自强	不息	47
个子	高	47
利己	主义	47
狂妄	自大	47
出于	好奇	47
咳	咳咳	47
咳咳	咳	47
下周	一	47
每人	每天	47
发散	思维	47
没给	我	47
做工	作	47
三代	人	47
毫发	无损	47
剪	下来	47
剪	头发	46
剪	视频	46
口感	更好	47
口感	好	47
娃	哈哈	47
双重	标准	47
管好	自己	47
寿命	长	47
当选	为	47
比达	尔	47
亲人	朋友	47
尽情	地	47
尽情	享受	47
偏执	狂	47
欺骗	性	47
起初	是	47
起初	的	47
经久	耐用	47
姿势	水平	47
反省	自己	47
去搜	了	47
那女	人	47
念	出来	47
更近	一步	47
一审	判决	47
打量	着	47
不当	回事	47
不当	得利	46
痴心	妄想	47
抹	眼泪	47
读了	一遍	47
轮子	哥	47
达利	欧	47
元老	院	47
疯了	一样	47
低价	位	47
低价	格	46
骨头	汤	47
瀑布	流	47
养父	母	47
天上	地下	47
天上	人间	46
风度	翩翩	47
命题	说话	47
命题	组	47
命题	作文	46
确认	是	47
确认	为	47
确认	是否	46
别看	我	47
别看	了	46
小农	经济	47
找找	看	47
世	预赛	47
救救	我	47
订	酒店	47
混音	师	47
母亲	说	47
母亲	去世	46
贡	献出	47
贡	献给	47
重症	患者	47
潮汐	力	47
窦	建德	47
城堡	里	47
礼品	卡	47
行程	安排	47
游走	于	47
绿茶	婊	47
书包	里	47
愿	大家	47
室友	说	47
浴室	柜	47
低劣	的	47
九零	后	47
相亲	对象	47
相亲	相爱	46
耐受	性	47
快步	走	47
使出	了	47
粗心	大意	47
七年	前	47
油炸	食品	47
油炸	的	47
书中	提到	47
竖	起来	47
竖起	来	47
濒临	破产	47
濒临	崩溃	46
探	索性	47
帕尔	马	47
弹道	导弹	47
起诉	状	47
黑胶	唱片	47
屠宰	场	47
一倍	的	47
最快	乐	47
最快	速度	47
没准	儿	47
重温	了	47
沿用	至今	47
环球	影城	47
字典	里	47
凶猛	的	47
蒸馏	酒	47
楼上	楼下	47
表述	为	47
收下	了	47
补贴	家用	47
下方	链接	47
私营	企业	47
考进	来	47
考进	去	46
听了	一遍	47
大哥	哥	47
绘制	出	47
参谋	长	47
白天	上班	47
出土	文物	47
出土	文献	46
摆放	在	47
摆放	位置	46
摆放	着	46
二元	对立	47
拼凑	出	47
许家	印	47
退伍	军人	47
拜仁	球迷	47
富贵	包	47
相机	镜头	47
肥皂	剧	47
总价	值	47
拉齐	奥	47
一盏	灯	47
拖累	了	47
床上	用品	47
武安	君	47
画的	是	47
嫉妒	的	47
警戒	线	47
纯白	色	47
磨	耳朵	47
碰碰	运气	47
余	秋雨	47
飘飘	然	47
购置	税	47
出入	口	47
我哥	哥	47
活化	石	47
室外	的	47
出勤	率	47
肉体	上	47
三好	学生	47
玄幻	小说	47
前置	条件	47
从不	同	47
兴业	银行	47
金轮	法王	47
宿命	论	47
宿命	的	46
雪白	的	47
中级	职称	47
但她	们	47
热风	循环	47
孤岛	危机	47
旗帜	鲜明	47
对面	打野	47
奖励	机制	47
改过	来	47
异域	风情	47
拜访	了	47
恩怨	情仇	47
但它	们的	47
退步	了	47
夏普	比率	47
吓死	了	47
吓死	人	46
高薪	工作	47
印加	帝国	47
外孙	女	47
瓦	里安	47
叶子	节点	47
八分	钟	47
线形	态	47
战俘	营	47
飞走	了	47
热身	赛	47
在乎	你	47
高通	骁龙	47
全盛	时期	47
小弟	弟	47
小弟	们	46
拉近	了	47
熄	灭了	47
熄灭	了	47
还贷	款	47
终端	设备	47
郁闷	的	47
择优	录取	47
小腿	肌肉	47
搞到	了	47
人也	很多	47
将是	一个	47
忘掉	了	47
洁	白的	47
洁白	的	47
秦	二世	47
秦	帝国	47
口服	药	47
口服	液	46
撰稿	人	47
屋里	的	47
作者	简介	47
我姐	姐	47
童子	功	47
直至	今日	47
整流	罩	47
肠胃	不好	47
富人	区	47
人像	摄影	47
建成	后	47
五位	数	47
环	绕着	47
环绕	着	47
还得	再	47
还得	了	46
衬托	出	47
五人	组	47
荒凉	的	47
外婆	家	47
开机	广告	47
先秦	时期	47
生还	者	47
场均	得分	47
巴萨	球迷	47
墨	麒麟	47
墨	菲斯	46
频率	高	47
电场	强度	47
电场	力	46
署名	权	47
爬行	动物	47
每日	更新	47
打掉	了	47
夫	斯基	47
夫斯	基	47
找的	是	47
干啥	呢	47
振动	频率	47
装甲	车	47
装甲	师	46
奢华	的	47
和谐	相处	47
突击	队	47
夺冠	了	47
钟情	于	47
抵触	情绪	47
短线	交易	47
慈禧	太后	47
彩	虹桥	47
下拉	菜单	47
协助	下	47
传闻	中	47
上位	者	47
视力	下降	47
风雨	无阻	47
年底	开始	47
笔直	的	47
切记	切记	47
调皮	的	47
调皮	捣蛋	47
霍金	辐射	47
节食	减肥	47
稀疏	的	47
看个	热闹	47
看个	电影	47
稀少	的	47
升官	发财	47
压抑	着	47
压抑	感	46
别提	了	47
招待	所	47
都懂	得	47
记在	心里	47
懂了	吧	47
懂了	吗	47
燃	烧着	47
上路	了	47
普拉	多	47
普拉	提	47
网文	作者	47
图源	网络	47
剪贴	板	47
掷	骰子	47
珍妮	特	47
斯卡	洛尼	47
捣蛋	鬼	47
加息	周期	47
受人	尊敬	47
气味	的	47
奖	得主	47
上任	后	47
文笔	好	47
大户	人家	47
大户	型	46
调色	盘	47
调色	板	46
同台	竞技	47
缝纫	机	47
氧气	瓶	47
球状	闪电	47
报的	是	47
双手	剑	47
下达	了	47
同源	的	47
五角	星	47
型	基金	47
集训	队	47
就怕	你	47
彭	罗斯	47
赤脚	医生	47
官能	团	47
废除	死刑	47
载入	史册	47
每部	分	47
出海	口	47
程式	化	47
防盗	门	47
最为	关键	47
最为	严重	46
再现	了	47
化疗	药物	47
化疗	药	46
普法	战争	47
引领	者	47
长途	跋涉	47
长途	旅行	46
红白	机	47
时政	热点	47
严防	死守	47
黄绿	色	47
效用	函数	47
迪	斯科	47
迪	达拉	46
书上	说	47
沟	通过	47
国企	央企	47
远征	军	47
抢救	室	47
老乡	鸡	47
不周	山	47
测序	技术	47
照着	做	47
炒鸡	蛋	47
为生	活	47
延缓	衰老	47
真相	大白	47
胆小	鬼	47
丹麦	人	47
糊涂	了	47
感性	认识	47
冷暖	自知	47
被盗	刷	47
召集	了	47
谦	虚的	47
谦虚	的	47
千代	子	47
钢筋	水泥	47
拍个	照	47
演出	来	47
方面	入手	47
硫化	物	47
硫化	氢	46
上万	人	47
上万	元	47
上万	个	46
黄家	驹	47
侮辱	性	47
光影	效果	47
把钱	挣	47
夹缝	中	47
反常	识	47
苦行	僧	47
力气	大	47
砸	出来	47
法令	纹	47
求解	器	47
本国	货币	47
整数	倍	47
公办	学校	47
修成	正果	47
吐口	水	47
移	交给	47
移	动了	46
移交	给	47
结算	方式	47
挂号	费	47
婉拒	了	47
皇马	球迷	47
陪同	下	47
装备	系统	47
匹	马力	47
乘胜	追击	47
即是	说	47
中立	位	47
吸进	去	47
荷	鲁斯	47
财报	显示	47
钟	南山	47
法治	社会	47
环保	局	47
环保	性	46
环保	行业	46
比前	面	47
霍尔	顿	47
驾驭	不了	47
拍片	子	47
华山	派	47
签了	合同	47
合规	性	47
调研	报告	47
油菜	花	47
地区	性	47
高出	不少	47
克雷	格	47
卢克	肖	47
失传	了	47
硕博	连读	47
雷达	图	47
强强	联合	47
大运	河	47
帐篷	里	47
新机	器	47
服	兵役	47
待在	一起	47
待在	家里	47
办理	业务	47
鸡腿	肉	47
性侵	犯	47
说唱	歌手	47
后摇	乐队	47
氪金	玩家	47
石油	公司	47
放了	个	47
满腔	热血	47
在第	二次	47
英译	汉	47
纠缠	不清	47
琥珀	色	47
缝隙	里	47
缝隙	中	47
组组	长	47
汇丰	银行	47
骑	单车	47
低端	局	47
发放	贷款	47
奔驰	宝马	47
顿时	觉得	47
弃	坑了	47
洛神	赋	47
大豆	油	47
警校	生	47
期权	定价	47
期权	池	46
不易	变形	47
三井	寿	47
埃德	加	47
伸张	正义	47
马丁	内斯	47
马丁	靴	46
复发	率	47
正版	游戏	47
商用	车	47
期盼	着	47
半数	以上	47
釜山	行	47
轻工	业	47
我加	了	47
谈话	中	47
教研	室	47
通读	一遍	47
龚	琳娜	47
忠于	自己	47
咱们	是	47
咱们	中国	46
海鲜	市场	47
查找	资料	47
醉心	于	47
立法	者	47
立法	的	46
并把	它	47
临近	考试	47
临近	毕业	46
新秀	赛季	47
没错	吧	47
练成	了	47
洗澡	时	47
熊熊	燃烧	47
思辨	能力	47
拼写	错误	47
美的	集团	47
举证	责任	47
交会	对接	47
资管	计划	47
资管	新规	46
汶川	地震	47
非人	类	47
炸	出来	47
预定	利率	47
乱世	佳人	47
大嘴	巴	47
建文	帝	47
果实	的	47
否决	了	47
狗日	的	47
拉普	拉斯	47
早点	去	47
新规	则	47
吃素	的	47
防水	性	47
防水	性能	46
冠军	奖杯	47
年年	都	47
协同	工作	47
协同	过滤	46
英灵	殿	47
既能	够	47
只听	到	47
背上	了	47
弦	乐器	47
弦	理论	46
弦乐	器	47
满地	都是	47
剔除	掉	47
列车	上	47
病情	加重	47
供给	端	47
供给	侧	46
北斗	七星	47
天蝎	座	47
普吉	岛	47
两套	房	47
最帅	的	47
过半	场	47
走路	都	47
吃光	了	47
不留	遗憾	47
护	目镜	47
绘画	作品	47
祝福	你	47
迷信	的	47
长满	了	47
中部	地区	47
嬉笑	怒骂	47
一盘	棋	47
骨灰	盒	47
骨灰	级	46
逆境	中	47
寄	来的	47
寄	过来	46
住宅	区	47
因子	模型	47
拿我	们	47
困	难了	47
北向	资金	47
矫正	视力	47
熬夜	加班	47
赞	一个	47
优酷	土豆	47
椰子	油	47
火花	塞	47
集美	们	46
洲际	导弹	46
兴	登堡	46
兴	起了	46
录制	视频	46
小树	林	46
学业	压力	46
铁板	一块	46
让位	于	46
试过	了	46
超凡	的	46
超凡	脱俗	46
跑去	找	46
轻快	的	46
算命	的	46
夹在	中间	46
汉族	人	46
沦陷	了	46
预留	了	46
莫非	是	46
仍在	继续	46
哈根	达斯	46
收敛	的	46
永恒	不变	46
啤	酒厂	46
特等	奖	46
小国	家	46
带路	党	46
连环	画	46
连环	杀手	46
没来	过	46
六百	多	46
科举	考试	46
科举	制	46
车祸	现场	46
年期	国债	46
机组	人员	46
观音	菩萨	46
跑掉	了	46
梅里	雪山	46
啃	下来	46
印欧	语系	46
唱着	歌	46
诈骗	犯	46
诈骗	罪	46
蜜月	期	46
预报	名	46
追逐	梦想	46
请客	吃饭	46
高配	版	46
狭	长的	46
狭长	的	46
莱茵	河	46
法定	货币	46
华南	理工	46
华南	地区	46
两手	抓	46
两手	空空	46
男生	宿舍	46
翻转	屏	46
嗅	到了	46
嗅到	了	46
鼻炎	患者	46
天时	地利	46
拔高	了	46
挽	回了	46
挽回	了	46
步步	紧逼	46
培育	出	46
蓝绿	色	46
后继	者	46
令他	们	46
太古	里	46
迎面	而来	46
临江	仙	46
缘故	吧	46
维修	保养	46
维修	费用	46
质	问我	46
质问	我	46
超前	点播	46
小熊	猫	46
演绎	出	46
往常	一样	46
心想	着	46
可得	到	46
所处	环境	46
轻装	上阵	46
赫尔	曼	46
狠	角色	46
五台	山	46
担负	起	46
重装	系统	46
时期	内	46
审判	长	46
父	元素	46
父	母亲	46
上肢	力量	46
将士	们	46
孕	激素	46
中超	联赛	46
吐蕃	军	46
酸奶	机	46
巨人	之力	46
陨石	坑	46
总要	有	46
腕	关节	46
接连	不断	46
如需	转载	46
汪洋	大海	46
不求	回报	46
要到	了	46
悬	挂在	46
悬挂	在	46
君临	天下	46
神通	广大	46
转正	了	46
稳步	提升	46
稳步	增长	46
漫天	的	46
掺杂	着	46
残障	人士	46
找好	了	46
全景	图	46
玩个	游戏	46
丢	进去	46
丢进	去	46
瓶子	里	46
讽刺	意味	46
圣女	果	46
娶妻	生子	46
不住	了	46
为难	你	46
税法	规定	46
人中	龙凤	46
风味	物质	46
产后	抑郁	46
狗狗	币	46
驱蚊	液	46
小三	度	46
高于	一切	46
前脚	掌	46
魔力	鸟	46
换下	来	46
波浪	理论	46
落户	上海	46
退化	的	46
退化	成	46
兴起	了	46
占了	上风	46
门牌	号	46
交割	日	46
静脉	注射	46
扫地	僧	46
扫地	出门	46
低头	看	46
剧中	人物	46
公文	包	46
坎	贝尔	46
烧	起来	46
江城	子	46
弟子	们	46
调音	师	46
冬至	日	46
毅力	号	46
湘潭	大学	46
分镜	头	46
暴涨	暴跌	46
汉字	词	46
按揭	贷款	46
上门	服务	46
西风	带	46
儿科	医生	46
贴现	率	46
妥善	处理	46
睡醒	了	46
徐	老师	46
徐	小平	46
死刑	犯	46
短信	通知	46
不比	你	46
航海	家	46
防弹	衣	46
很想	去	46
拉长	了	46
苦心	经营	46
练的	是	46
逐年	上升	46
逐年	增加	46
逐年	下降	46
读取	数据	46
读取	速度	46
重力	势能	46
存量	市场	46
座	城市	46
美颜	相机	46
大作	战	46
大作	家	46
中途	放弃	46
岔路	口	46
执法	者	46
执法	部门	46
波涛	汹涌	46
聚酯	纤维	46
四边	形	46
狼狈	不堪	46
犯法	的	46
嗑	瓜子	46
单人	间	46
高明	之处	46
东风	日产	46
剖腹	产	46
萦绕	在	46
洋务	运动	46
买来	了	46
一碗	面	46
一碗	饭	46
骷髅	头	46
后勤	保障	46
连拍	速度	46
承销	商	46
南山	区	46
女排	精神	46
扇贝	单词	46
叹	口气	46
焦急	的	46
化成	了	46
甲板	上	46
沉醉	于	46
光速	不变	46
世事	无常	46
支柱	产业	46
放纵	自己	46
巴掌	大	46
数年	后	46
趁着	年轻	46
两台	车	46
太热	了	46
读者	群	46
无良	商家	46
前进	方向	46
尚	不能	46
就靠	着	46
我受	不了	46
清除	了	46
主唱	大人	46
懒人	沙发	46
权益	类	46
棕色	的	46
外省	人	46
读写	分离	46
国会	议员	46
席卷	全球	46
夏尔	巴	46
安家	费	46
秦汉	时期	46
轻蔑	的	46
回落	到	46
多听	几遍	46
感激	不尽	46
不孕	不育	46
路面	上	46
带病	投保	46
交往	中	46
清热	解毒	46
片刻	后	46
庆	余年	46
二来	是	46
抱住	了	46
院线	电影	46
防疫	政策	46
暑假	期间	46
仓位	管理	46
白垩	纪	46
院系	调整	46
废	太子	46
进气	道	46
会做	饭	46
钞	能力	46
除草	剂	46
肺部	感染	46
病友	们	46
斥	巨资	46
混杂	着	46
钦	天监	46
喉咙	里	46
轻度	玩家	46
拷贝	到	46
聘	请了	46
聘请	了	46
通缉	犯	46
大呼	过瘾	46
糯	米粉	46
糯米	粉	46
出动	了	46
钢丝	球	46
披露	了	46
攻城	狮	46
上车	后	46
是指	什么	46
面板	上	46
茫茫	多	46
震动	频率	46
叫了	一声	46
修罗	场	46
起始	点	46
起始	位置	46
是小	事	46
快车	道	46
灵异	事件	46
采购	商	46
要你	命	46
金牌	榜	46
服用	药物	46
侧边	栏	46
赤道	仪	46
谢	耳朵	46
档案	馆	46
格外	注意	46
读到	博士	46
大风	大浪	46
管辖	权	46
排气	管	46
撒	哈拉	46
开窍	了	46
娶	媳妇	46
水墨	画	46
略微	有点	46
吃过	一次	46
吃过	饭	46
吃过	亏	46
沉着	冷静	46
密集	型	46
盖上	盖子	46
轮椅	上	46
折算	成	46
再多	说	46
垫子	上	46
打扮	成	46
打扮	得	46
种草	了	46
复刻	版	46
有误	差	46
战败	后	46
切割	成	46
相遇	了	46
马云	爸爸	46
整栋	楼	46
压着	打	46
直奔	主题	46
波德	莱尔	46
四天	王	46
国行	的	46
天堂	岛	46
空地	上	46
酸菜	鱼	46
吃点	东西	46
勤劳	的	46
血统	论	46
成龙	大哥	46
赞同	了	46
死者	家属	46
异乡	人	46
入手	价	46
山寨	机	46
破事	儿	46
辖	区内	46
辖区	内	46
正比	于	46
覆	盆子	46
电离	层	46
影子	银行	46
失眠	了	46
谢绝	转载	46
画上	了	46
我成	功	46
救人	位	46
播出	后	46
储备	货币	46
迫于	压力	46
监控	系统	46
出道	时	46
一比	一	46
立即	停止	46
失恋	了	46
羊毛	党	46
拉美	西斯	46
科林	斯	46
崇拜	者	46
乔伊	斯	46
帝王	将相	46
攒钱	买	46
光泽	度	46
英勇	的	46
践	行者	46
践行	者	46
复盘	一下	46
展会	上	46
只差	一个	46
倒下	去	46
张开	嘴	46
会在	意	46
周游	世界	46
警惕	性	46
少吃	点	46
必备	条件	46
院校	专业	46
自重	训练	46
香味	的	46
很烦	躁	46
赶快	去	46
问起	来	46
少儿	医保	46
二百	多	46
应予	支持	46
康定	斯基	46
承诺	书	46
空格	键	46
家有	儿女	46
投掷	物	46
她要	是	46
炎黄	子孙	46
安定	下来	46
三中	卫	46
浴缸	里	46
导电	性	46
帮帮	忙	46
大鱼	海棠	46
号	公路	46
学了	一年	46
北洋	政府	46
比对	方	46
佛	教徒	46
佛教	徒	46
缺乏	经验	46
缺乏	一个	46
讲义	气	46
八卦	掌	46
一人	之下	46
顽皮	狗	46
千字	文	46
阿基	米德	46
荒原	狼	46
低音	区	46
低音	炮	46
疑问	句	46
化验	单	46
百花	奖	46
欢欣	鼓舞	46
憋	不住	46
术前	检查	46
言谈	举止	46
吸烟	者	46
接待	了	46
天涯	海角	46
又问	了	46
前身	为	46
寒风	中	46
划出	来	46
钉子	户	46
果	郡王	46
果	真是	46
弱智	的	46
学期	末	46
汇聚	成	46
户籍	地	46
卢比	奥	46
兑现	了	46
星星	眼	46
星星	之火	46
主旨	题	46
改装	车	46
颈部	的	46
前天	晚上	46
胃癌	患者	46
受过	伤	46
海拔	高度	46
杭州	市	46
糖	葫芦	46
三公	里	46
竞价	排名	46
大米	饭	46
所感	动	46
要找	一个	46
屋檐	下	46
激素	水平	46
数额	较大	46
果真	是	46
韭菜	们	46
植树	造林	46
仿真	软件	46
几大	类	46
核弹	头	46
听命	于	46
作战	能力	46
作战	计划	46
无业	游民	46
肚脐	眼	46
紧凑	型	46
特长	生	46
拉比	克	46
承运	人	46
荒漠	化	46
喵	星人	46
在建	立	46
太近	了	46
哪条	路	46
圆满	了	46
开曼	群岛	46
瓦拉	内	46
互通	有无	46
星级	酒店	46
回事	儿	46
屌丝	逆袭	46
志趣	相投	46
请教	一下	46
原声	带	46
诚恳	地	46
推特	上	46
午休	时间	46
能到	达	46
走开	了	46
登陆	火星	46
递交	申请	46
京津	冀	46
后排	空间	46
斗志	昂扬	46
外形	上	46
录影	带	46
制药	公司	46
功臣	集团	46
公寓	楼	46
船员	们	46
签约	作者	46
发型	师	46
评选	为	46
止损	点	46
机制	上	46
脱节	的	46
珍珠	港	46
兵	工厂	46
详实	的	46
改写	了	46
绿帽	子	46
惰性	气体	46
克制	住	46
大卡	车	46
精锐	部队	46
晴天	霹雳	46
何种	程度	46
赔	不起	46
矛头	指向	46
灯塔	国	46
区区	一个	46
废墟	中	46
墨菲	斯	46
写明	了	46
主场	优势	46
建房	子	46
卫星	通信	46
肉食	动物	46
黑猫	警长	46
朋克	乐队	46
黑石	集团	46
母系	社会	46
比邻	星	46
单手	剑	46
单手	操作	46
腰	背部	46
鹌鹑	蛋	46
阶梯	式	46
烤鸡	翅	46
窗台	上	46
经受	住	46
不深	入	46
静电	场	46
明末	清初	46
称职	的	46
异性	恋	46
多亿	美元	46
堕落	了	46
刻苦	训练	46
我得	到	46
底	背离	46
失衡	的	46
伤口	愈合	46
弹性	力学	46
贪吃	蛇	46
儿子	说	46
水火	不容	46
画质	好	46
睡个	好觉	46
整座	城市	46
热心	网友	46
扒	出来	46
鳗鱼	饭	46
铁甲	舰	46
纪实	摄影	46
海瑟	薇	46
浪琴	表	46
拳头	产品	46
赶回	来	46
别让	我	46
庆功	宴	46
一是	要	46
打斗	场面	46
大字	报	46
相连	接	46
纵身	一跃	46
公斤	级	46
跪	下来	46
跪下	来	46
武道	会	46
力	量大	46
隋	文帝	46
历程	中	46
过早	地	46
人烟	稀少	46
同声	传译	46
黑洞	视界	46
样板	间	46
还将	继续	46
叠	起来	46
适配	器	46
自营	店	46
定点	医院	46
杰西	卡	46
希姆	莱	46
火烧	赤壁	46
返还	型	46
叮咚	买菜	46
自卫	队	46
中金	公司	46
腐蚀	性	46
唱起	来	46
贪污	腐败	46
图表	类型	46
停药	后	46
全额	退款	46
讲得	好	46
该用	户	46
陈述	事实	46
绑	起来	46
狂野	的	46
电锯	人	46
一批	批	46
借给	他	46
宪	法学	46
宪法	学	46
无头	苍蝇	46
见鬼	了	46
博览	会	46
备选	方案	46
小美	女	46
进食	障碍	46
画册	设计	46
月经	周期	46
捋	一下	46
派人	来	46
座椅	上	46
出水	口	46
保修	期	46
阿莫	西林	46
护理	液	46
右侧	交易	46
两性	关系	46
群	成员	46
沮丧	的	46
例行	公事	46
流下	了	46
送医	院	46
卡车	司机	46
表白	了	46
管他	呢	46
老牌	子	46
一亿	像素	46
改版	后	46
保费	收入	46
排水	管	46
下线	了	46
阻挡	不了	46
公转	周期	46
谓语	动词	46
汪峰	老师	46
大展	拳脚	46
完型	填空	46
繁衍	后代	46
外语	学习	46
血压	升高	46
携	带着	46
早晨	起来	46
撤销	了	46
紧身	衣	46
任职	要求	46
行驶	证	46
女儿	说	46
演技	派	46
重写	了	46
巴蒂	尔	46
杜比	视界	46
站着	不动	46
共通	之处	46
小花	园	46
招人	喜欢	46
插入	图片	46
欺诈	行为	46
上过	课	46
频频	出现	46
愚人	节	46
全美	国	46
直达	链接	46
骨髓	移植	46
受此	影响	46
用来	装	46
一票	否决	46
我怕	你	46
底子	好	46
太冷	了	46
直径	约	46
屎	一样	46
近日	点	46
常识	性	46
加长	版	46
迪丽	热巴	46
将其	称为	46
不曾	想	46
人设	崩塌	46
自贸	区	46
挂科	率	46
写进	去	46
掰	手腕	46
助力	带	46
画笔	工具	46
修饰	词	46
要讲	究	46
再创	新高	46
很火	爆	46
早有	准备	46
民粹	主义	46
莱	斯特	46
莱斯	特	46
三无	产品	46
互补	色	46
超时	空	46
意向	客户	46
推向	市场	46
开具	发票	46
秒	杀了	46
秒杀	了	46
更令	人	46
本色	出演	46
也请	你	46
出镜	率	46
乾隆	皇帝	46
跌停	板	46
退居	二线	46
边境	线	46
枪击	案	46
内线	球员	46
倡导	者	46
逆反	心理	46
危急	时刻	46
搜狐	视频	46
廉	租房	46
前额	叶	46
县委	书记	46
西里	西亚	46
